# Continents on sphere (R=6.371)
# Generated from https://raw.githubusercontent.com/holtzy/D3-graph-gallery/master/DATA/world.geojson
# Same projection as community-globe-v3.1.js latLonToVec3()
# Vertices: 10586, Faces: 9721

o Continents

v 2.493193 3.713231 -4.537130
v 2.423447 3.678868 -4.602442
v 2.358774 3.690967 -4.626293
v 2.328656 3.731919 -4.608664
v 2.260628 3.745496 -4.631465
v 2.206387 3.772798 -4.635460
v 2.167544 3.844086 -4.595041
v 2.094342 3.861214 -4.614586
v 2.071821 3.892621 -4.598336
v 2.041194 3.869043 -4.631811
v 2.017649 3.866303 -4.644398
v 1.972564 3.865716 -4.664212
v 1.916360 3.847027 -4.702934
v 1.894295 3.836216 -4.720671
v 1.826718 3.864673 -4.724092
v 1.803533 3.847572 -4.746904
v 1.765970 3.888027 -4.728026
v 1.717024 3.886197 -4.747519
v 1.700888 3.899132 -4.742720
v 1.682876 3.934494 -4.719886
v 1.639480 3.964847 -4.709749
v 1.599931 3.945025 -4.739899
v 1.615668 3.918283 -4.756713
v 1.591558 3.914118 -4.768256
v 1.617401 3.839991 -4.819557
v 1.590870 3.810872 -4.851394
v 1.557056 3.829570 -4.847640
v 1.517475 3.838386 -4.853216
v 1.455918 3.878001 -4.840564
v 1.399013 3.871496 -4.862501
v 1.311295 3.871357 -4.886997
v 1.301055 3.845967 -4.909729
v 1.352871 3.836014 -4.903507
v 1.399708 3.819600 -4.903174
v 1.499894 3.809253 -4.881552
v 1.595447 3.790505 -4.865826
v 1.654163 3.751469 -4.876461
v 1.642789 3.713276 -4.909427
v 1.643097 3.668197 -4.943097
v 1.694662 3.629908 -4.953941
v 1.698876 3.594716 -4.978100
v 1.730111 3.561591 -4.991135
v 1.812067 3.564473 -4.959898
v 1.791740 3.503262 -5.010635
v 1.852639 3.479728 -5.004884
v 1.902554 3.423318 -5.025020
v 1.910276 3.366814 -5.060143
v 1.950689 3.340226 -5.062346
v 1.981330 3.349039 -5.044592
v 2.051314 3.336697 -5.024759
v 2.067058 3.310156 -5.035850
v 2.132278 3.310323 -5.008472
v 2.193899 3.256387 -5.017209
v 2.216123 3.174703 -5.059615
v 2.339965 3.134538 -5.028805
v 2.398833 3.143039 -4.995653
v 2.421693 3.121813 -4.997932
v 2.470601 3.134165 -4.966164
v 2.560698 3.119656 -4.929524
v 2.690106 3.169042 -4.828058
v 2.589309 3.256096 -4.825242
v 2.578699 3.317407 -4.789026
v 2.637024 3.333395 -4.745969
v 2.625361 3.393348 -4.709810
v 2.628732 3.468148 -4.653102
v 2.577726 3.519064 -4.643400
v 2.608457 3.532735 -4.615775
v 2.564198 3.599781 -4.588693
v 2.493193 3.713231 -4.537130
v 6.081950 -0.652399 -1.781544
v 6.065579 -0.734766 -1.805136
v 6.048769 -0.800958 -1.833167
v 6.036950 -0.836619 -1.856055
v 6.016876 -0.894220 -1.893994
v 5.995811 -0.885315 -1.963698
v 5.986447 -0.869823 -1.998876
v 5.964846 -0.885378 -2.055812
v 5.963041 -0.857833 -2.072655
v 5.961829 -0.793581 -2.101539
v 5.939238 -0.789270 -2.166135
v 5.939412 -0.770148 -2.172532
v 5.919879 -0.769732 -2.225351
v 5.918604 -0.809485 -2.214612
v 5.870495 -0.808522 -2.339491
v 5.861145 -0.877871 -2.337940
v 5.847223 -0.920343 -2.356395
v 5.843949 -0.986616 -2.337626
v 5.830786 -1.054118 -2.341028
v 5.810615 -1.094790 -2.372304
v 5.790516 -1.224899 -2.357794
v 5.782081 -1.214888 -2.383532
v 5.763357 -1.217568 -2.427114
v 5.739681 -1.201218 -2.490539
v 5.718570 -1.207656 -2.535580
v 5.707822 -1.241535 -2.543422
v 5.703048 -1.294384 -2.527738
v 5.685403 -1.345404 -2.540811
v 5.683830 -1.386084 -2.522397
v 5.672341 -1.423524 -2.527403
v 5.760717 -1.422157 -2.319752
v 5.680448 -1.764668 -2.282126
v 5.629339 -1.851899 -2.338943
v 5.583447 -1.918248 -2.394804
v 5.644531 -1.961410 -2.209474
v 5.737390 -1.946430 -1.970636
v 5.776057 -1.895632 -1.906146
v 5.894966 -1.900212 -1.492718
v 5.896620 -1.907670 -1.476589
v 5.926121 -1.859639 -1.418619
v 5.942737 -1.856462 -1.351693
v 5.951114 -1.874571 -1.288357
v 5.955599 -1.894776 -1.237053
v 5.977629 -1.827913 -1.231391
v 6.001394 -1.734036 -1.251411
v 6.020072 -1.635863 -1.293183
v 6.030704 -1.589696 -1.301198
v 6.046910 -1.492437 -1.340578
v 6.051537 -1.448100 -1.368044
v 6.053215 -1.377160 -1.432360
v 6.055312 -1.328808 -1.468707
v 6.068793 -1.248140 -1.483759
v 6.081845 -1.186277 -1.481062
v 6.096575 -1.147198 -1.450984
v 6.114741 -1.080777 -1.425306
v 6.131492 -1.014973 -1.401525
v 6.133724 -0.992151 -1.408085
v 6.132618 -0.948581 -1.442507
v 6.154886 -0.842224 -1.413393
v 6.169075 -0.768386 -1.393463
v 6.188938 -0.698504 -1.341188
v 6.188983 -0.677019 -1.351955
v 6.180615 -0.662156 -1.396849
v 6.173263 -0.664224 -1.428033
v 6.165747 -0.650936 -1.466113
v 6.081950 -0.652399 -1.781544
v 6.190909 -0.631029 -1.365316
v 6.195761 -0.642716 -1.337572
v 6.209655 -0.559477 -1.310273
v 6.204213 -0.511638 -1.354848
v 6.198421 -0.492992 -1.387869
v 6.186223 -0.531018 -1.427692
v 6.193224 -0.554302 -1.387938
v 6.194671 -0.582775 -1.369697
v 6.190909 -0.631029 -1.365316
v 4.442185 4.251069 -1.668845
v 4.469453 4.222809 -1.667787
v 4.494767 4.186983 -1.689936
v 4.498982 4.166538 -1.728803
v 4.517376 4.144394 -1.734057
v 4.536938 4.132135 -1.712104
v 4.560592 4.104563 -1.715577
v 4.606819 4.063170 -1.690418
v 4.607146 4.069161 -1.675043
v 4.593010 4.087956 -1.668089
v 4.586247 4.116521 -1.615620
v 4.556233 4.156814 -1.597272
v 4.506859 4.214016 -1.587430
v 4.481483 4.239842 -1.590501
v 4.475118 4.252903 -1.573460
v 4.454603 4.279181 -1.560371
v 4.407883 4.319595 -1.581554
v 4.419448 4.304193 -1.591240
v 4.405674 4.311446 -1.609693
v 4.418552 4.289429 -1.633048
v 4.418867 4.281004 -1.654165
v 4.442185 4.251069 -1.668845
v 3.609900 2.616233 -4.551218
v 3.594376 2.621157 -4.560662
v 3.599152 2.593333 -4.572785
v 3.532003 2.609331 -4.615841
v 3.465728 2.606681 -4.667289
v 3.417125 2.603682 -4.704651
v 3.342642 2.672116 -4.719764
v 3.263738 2.736677 -4.737959
v 3.194679 2.798404 -4.748958
v 3.188085 2.764305 -4.773298
v 3.197550 2.684913 -4.812126
v 3.240410 2.684520 -4.783590
v 3.264201 2.618677 -4.803869
v 3.252884 2.604573 -4.819189
v 3.295897 2.584573 -4.800697
v 3.306483 2.542966 -4.815614
v 3.341315 2.500704 -4.813703
v 3.353457 2.459462 -4.826491
v 3.375594 2.437763 -4.822066
v 3.610479 2.489466 -4.621324
v 3.613394 2.592763 -4.561864
v 3.609900 2.616233 -4.551218
v 1.507831 -5.231542 3.308634
v 1.450943 -5.234713 3.328992
v 1.433860 -5.212228 3.371404
v 1.399259 -5.210514 3.388549
v 1.335700 -5.210481 3.414152
v 1.408615 -5.063671 3.600650
v 1.417485 -5.094791 3.552954
v 1.423060 -5.144426 3.478423
v 1.480004 -5.183499 3.395668
v 1.552970 -5.199613 3.337957
v 1.507831 -5.231542 3.308634
v 2.498384 -2.394438 5.349242
v 2.539881 -2.468666 5.295690
v 2.590833 -2.385963 5.308899
v 2.695190 -2.390225 5.254752
v 2.705867 -2.412270 5.239168
v 2.837932 -2.579196 5.087586
v 2.906809 -2.594650 5.040624
v 2.996057 -2.669448 4.948467
v 3.074736 -2.708850 4.878296
v 3.075689 -2.753185 4.852809
v 2.952768 -2.904624 4.840863
v 3.030081 -2.931528 4.776442
v 3.118794 -2.946583 4.709609
v 3.188146 -2.930732 4.672919
v 3.284022 -2.854839 4.653465
v 3.322353 -2.766775 4.679377
v 3.368078 -2.747566 4.657958
v 3.392147 -2.805335 4.605765
v 3.367002 -2.884789 4.575033
v 3.283134 -2.939310 4.601209
v 3.216966 -2.979403 4.622113
v 3.096836 -3.074392 4.641913
v 2.947892 -3.206306 4.649642
v 2.903494 -3.282885 4.624071
v 2.850324 -3.380311 4.586806
v 2.819653 -3.473678 4.535721
v 2.795354 -3.494403 4.534842
v 2.768406 -3.554267 4.504748
v 2.745992 -3.602293 4.480251
v 2.815119 -3.680444 4.372537
v 2.780607 -3.742746 4.341627
v 2.812097 -3.781846 4.287119
v 2.790534 -3.825417 4.262481
v 2.672299 -3.938470 4.235199
v 2.542845 -3.985175 4.271060
v 2.384829 -4.003212 4.344712
v 2.304360 -3.994493 4.395860
v 2.300906 -4.045939 4.350385
v 2.260606 -4.109882 4.311400
v 2.257491 -4.152571 4.271947
v 2.200926 -4.182165 4.272594
v 2.119707 -4.193731 4.302220
v 2.058543 -4.163168 4.361201
v 2.021099 -4.185147 4.357677
v 2.000697 -4.267822 4.286321
v 2.041315 -4.292614 4.242185
v 2.092170 -4.266640 4.243613
v 2.096833 -4.309359 4.197899
v 2.018980 -4.334718 4.209938
v 1.939920 -4.385134 4.194872
v 1.896716 -4.465601 4.129227
v 1.862316 -4.507869 4.098846
v 1.794395 -4.508092 4.128789
v 1.722117 -4.548161 4.115602
v 1.678651 -4.606160 4.068791
v 1.724720 -4.662026 3.985033
v 1.784174 -4.677322 3.940688
v 1.730457 -4.744480 3.883950
v 1.631827 -4.786108 3.875558
v 1.550457 -4.871141 3.802329
v 1.477491 -4.899302 3.795194
v 1.436002 -4.932425 3.768120
v 1.424672 -5.004707 3.675985
v 1.448383 -5.044282 3.612070
v 1.423393 -5.040847 3.626769
v 1.369366 -5.030174 3.662216
v 1.217382 -5.021034 3.727846
v 1.205823 -4.980867 3.785049
v 1.226787 -4.928516 3.846344
v 1.180387 -4.933054 3.855036
v 1.165596 -4.907436 3.892056
v 1.185381 -4.831410 3.980199
v 1.249592 -4.799389 3.999253
v 1.287756 -4.752705 4.042663
v 1.292156 -4.715072 4.085103
v 1.351553 -4.650712 4.139303
v 1.411552 -4.548849 4.231445
v 1.418216 -4.502908 4.278098
v 1.455554 -4.487981 4.281241
v 1.456970 -4.458153 4.311816
v 1.426879 -4.442211 4.338251
v 1.462111 -4.408650 4.360697
v 1.436736 -4.378126 4.399709
v 1.445530 -4.284051 4.488540
v 1.481750 -4.267276 4.492707
v 1.496347 -4.165664 4.582339
v 1.538287 -4.078836 4.646117
v 1.579995 -4.002139 4.698525
v 1.637317 -3.970651 4.705610
v 1.633987 -3.885193 4.777552
v 1.653661 -3.803735 4.835974
v 1.731874 -3.745238 4.854220
v 1.748046 -3.669696 4.905845
v 1.818135 -3.580442 4.946156
v 1.837949 -3.495397 4.999378
v 1.819066 -3.478397 5.018107
v 1.812770 -3.316031 5.129079
v 1.887952 -3.217834 5.164380
v 1.897749 -3.124440 5.217860
v 1.947247 -3.035985 5.251730
v 2.024685 -2.943893 5.274826
v 2.101192 -2.882396 5.278866
v 2.080748 -2.843414 5.308025
v 2.105929 -2.811339 5.315174
v 2.132176 -2.643888 5.390113
v 2.242943 -2.593889 5.369412
v 2.293080 -2.487951 5.398289
v 2.285841 -2.462292 5.413103
v 2.379658 -2.369320 5.414166
v 2.498384 -2.394438 5.349242
v 3.478127 4.187479 -3.310179
v 3.388745 4.200536 -3.385491
v 3.390035 4.178523 -3.411342
v 3.376106 4.163977 -3.442796
v 3.400947 4.142831 -3.443856
v 3.385983 4.113780 -3.493076
v 3.419071 4.086675 -3.492661
v 3.406528 4.063429 -3.531821
v 3.386737 4.049378 -3.566818
v 3.418842 3.989545 -3.603428
v 3.442964 3.986995 -3.583226
v 3.440133 4.036966 -3.529593
v 3.432251 4.050223 -3.522071
v 3.459421 4.050030 -3.495612
v 3.463997 4.073011 -3.464238
v 3.477912 4.070702 -3.452992
v 3.486706 4.095626 -3.414436
v 3.517835 4.116758 -3.356602
v 3.486810 4.157907 -3.338204
v 3.478127 4.187479 -3.310179
v 0.558068 -6.274984 0.950143
v 0.525156 -6.284535 0.904698
v 0.495897 -6.292568 0.864473
v 0.470963 -6.290164 0.895358
v 0.432945 -6.291199 0.907204
v 0.428015 -6.285248 0.949789
v 0.429780 -6.284535 0.953706
v 0.433589 -6.279086 0.987277
v 0.470176 -6.279822 0.965614
v 0.501085 -6.281648 0.937788
v 0.534987 -6.273850 0.970687
v 0.562866 -6.266909 0.999339
v 0.558068 -6.274984 0.950143
v -1.085713 -6.264257 0.412246
v -1.084720 -6.267019 0.370799
v -1.129691 -6.259843 0.357495
v -1.170131 -6.252431 0.357133
v -1.176514 -6.251172 0.358201
v -1.209192 -6.245212 0.353297
v -1.209192 -6.245212 0.353297
v -1.244187 -6.236894 0.377875
v -1.215091 -6.240430 0.412583
v -1.175563 -6.247357 0.422158
v -1.133792 -6.254928 0.424304
v -1.085713 -6.264257 0.412246
v 0.930494 -6.232864 0.935534
v 0.916623 -6.242614 0.882728
v 0.875167 -6.255755 0.830211
v 0.842630 -6.264654 0.796068
v 0.802623 -6.274714 0.757234
v 0.757543 -6.280658 0.754390
v 0.716612 -6.285349 0.755314
v 0.674308 -6.289568 0.759129
v 0.632406 -6.293004 0.766681
v 0.604059 -6.291982 0.797319
v 0.607050 -6.286059 0.840590
v 0.636162 -6.278450 0.875216
v 0.686882 -6.273198 0.874538
v 0.722902 -6.266627 0.892433
v 0.762680 -6.257808 0.920762
v 0.796061 -6.249907 0.945826
v 0.831104 -6.242180 0.966485
v 0.871547 -6.232863 0.990687
v 0.871547 -6.232863 0.990687
v 0.880314 -6.232864 0.982898
v 0.921639 -6.227855 0.976750
v 0.930494 -6.232864 0.935534
v -0.937606 -6.108672 1.547470
v -0.894120 -6.113599 1.553739
v -0.870570 -6.108051 1.588539
v -0.867859 -6.119088 1.547006
v -0.879419 -6.126913 1.509040
v -0.920173 -6.124519 1.494386
v -0.966391 -6.113600 1.509842
v -0.966391 -6.113600 1.509842
v -0.979741 -6.103073 1.543453
v -0.937606 -6.108672 1.547470
v -1.053447 -6.108051 1.473635
v -0.990379 -6.120299 1.466537
v -1.007744 -6.119088 1.459746
v -1.046555 -6.116045 1.445113
v -1.098558 -6.107432 1.442944
v -1.098558 -6.107432 1.442945
v -1.093898 -6.100566 1.475168
v -1.053447 -6.108051 1.473635
v -0.308454 -6.056886 1.951570
v -0.269051 -6.061600 1.942745
v -0.233284 -6.057563 1.959885
v -0.206674 -6.076839 1.902354
v -0.233675 -6.074217 1.907596
v -0.273456 -6.075530 1.898105
v -0.314948 -6.074217 1.895873
v -0.358409 -6.076185 1.881797
v -0.396047 -6.069598 1.895461
v -0.422824 -6.055534 1.934262
v -0.422824 -6.055534 1.934262
v -0.405420 -6.049411 1.957015
v -0.359217 -6.054179 1.951287
v -0.308454 -6.056886 1.951570
v 0.763539 -6.022298 1.933540
v 0.749991 -6.038463 1.887888
v 0.729030 -6.052217 1.851710
v 0.705913 -6.065021 1.818475
v 0.663492 -6.069673 1.818926
v 0.621190 -6.076259 1.811860
v 0.580163 -6.075604 1.827591
v 0.608657 -6.062346 1.862025
v 0.566116 -6.067018 1.860227
v 0.525804 -6.071657 1.856921
v 0.509082 -6.061676 1.893821
v 0.518385 -6.047436 1.936347
v 0.566803 -6.033583 1.965770
v 0.566803 -6.033583 1.965770
v 0.593851 -6.029372 1.970698
v 0.632206 -6.030778 1.954398
v 0.658958 -6.012275 2.001991
v 0.673250 -5.998453 2.038365
v 0.698837 -5.967764 2.118269
v 0.735584 -5.949253 2.157531
v 0.775648 -5.942996 2.160744
v 0.782159 -5.957786 2.117227
v 0.777255 -5.972328 2.077694
v 0.776045 -5.989592 2.027853
v 0.771441 -6.005760 1.981253
v 0.763539 -6.022298 1.933540
v 1.446579 -5.733629 2.371193
v 1.417599 -5.744037 2.363491
v 1.394683 -5.736474 2.395280
v 1.355336 -5.741205 2.406505
v 1.315122 -5.752491 2.401862
v 1.272626 -5.764610 2.395690
v 1.238439 -5.778451 2.380213
v 1.214552 -5.796669 2.348007
v 1.199594 -5.813722 2.313276
v 1.202705 -5.828774 2.273441
v 1.164477 -5.839282 2.266368
v 1.123601 -5.842760 2.278006
v 1.086991 -5.857431 2.258007
v 1.050159 -5.871054 2.239985
v 1.007251 -5.889503 2.211072
v 0.985412 -5.905166 2.178904
v 0.981063 -5.922186 2.134214
v 0.986896 -5.934952 2.095714
v 1.006184 -5.944407 2.059433
v 1.018863 -5.956862 2.016769
v 1.014660 -5.972176 1.973125
v 1.004173 -5.986468 1.934808
v 0.995007 -6.001238 1.893341
v 0.994006 -6.013572 1.854332
v 0.984843 -6.027115 1.814830
v 0.942643 -6.059527 1.727193
v 0.932429 -6.072184 1.687838
v 0.914580 -6.085232 1.650194
v 0.903194 -6.097994 1.608833
v 0.871857 -6.114771 1.561756
v 0.835808 -6.127459 1.531441
v 0.803301 -6.137499 1.508462
v 0.761419 -6.141572 1.513597
v 0.732755 -6.151887 1.485598
v 0.701479 -6.161413 1.461012
v 0.646398 -6.171813 1.442404
v 0.606149 -6.176116 1.441465
v 0.565931 -6.181954 1.432760
v 0.523948 -6.187706 1.423873
v 0.489168 -6.198443 1.389123
v 0.448747 -6.199448 1.398252
v 0.406693 -6.198443 1.415467
v 0.365234 -6.200452 1.417970
v 0.323397 -6.200452 1.428093
v 0.321602 -6.210323 1.384956
v 0.353593 -6.214667 1.357395
v 0.371908 -6.221313 1.321587
v 0.375558 -6.229646 1.280667
v 0.341576 -6.236856 1.254830
v 0.306169 -6.234623 1.274905
v 0.268462 -6.240391 1.255026
v 0.257837 -6.249447 1.211432
v 0.248133 -6.257773 1.169763
v 0.263789 -6.264620 1.128981
v 0.258616 -6.272020 1.088356
v 0.272427 -6.279157 1.042885
v 0.305779 -6.282083 1.015662
v 0.327989 -6.287089 0.977022
v 0.340501 -6.292635 0.936189
v 0.357290 -6.297991 0.892910
v 0.388612 -6.300600 0.860852
v 0.411452 -6.305049 0.816519
v 0.420136 -6.309657 0.775473
v 0.426570 -6.314678 0.729736
v 0.412049 -6.321403 0.678025
v 0.396186 -6.326426 0.639544
v 0.430852 -6.321674 0.663660
v 0.468156 -6.317532 0.677691
v 0.509050 -6.312930 0.690958
v 0.551196 -6.309052 0.694033
v 0.592023 -6.304736 0.699607
v 0.623291 -6.304423 0.674837
v 0.640843 -6.306603 0.636956
v 0.643872 -6.310259 0.596406
v 0.685732 -6.303477 0.620956
v 0.725081 -6.298648 0.625242
v 0.753629 -6.298321 0.594003
v 0.792787 -6.294665 0.581650
v 0.830981 -6.290922 0.568695
v 0.863762 -6.288494 0.546265
v 0.900957 -6.285318 0.522206
v 0.939264 -6.280626 0.511036
v 0.966621 -6.273924 0.541443
v 0.996055 -6.266985 0.567813
v 1.031409 -6.259403 0.587967
v 1.007280 -6.260214 0.620284
v 0.970118 -6.263426 0.646532
v 0.947455 -6.263426 0.679310
v 0.977133 -6.255719 0.707693
v 1.044696 -6.239512 0.752822
v 1.069730 -6.234623 0.758156
v 1.109542 -6.229189 0.745490
v 1.152590 -6.223653 0.726172
v 1.195073 -6.216582 0.718017
v 1.237684 -6.209348 0.708362
v 1.285830 -6.199448 0.709312
v 1.319348 -6.194900 0.687153
v 1.348498 -6.191320 0.662384
v 1.363967 -6.189260 0.649843
v 1.384889 -6.188224 0.614495
v 1.413872 -6.184580 0.584448
v 1.445838 -6.179311 0.561521
v 1.481229 -6.172894 0.539427
v 1.515235 -6.166373 0.519181
v 1.559541 -6.157516 0.492409
v 1.601209 -6.147903 0.478607
v 1.639188 -6.139248 0.460801
v 1.681969 -6.127459 0.463535
v 1.697227 -6.120248 0.501624
v 1.742466 -6.107379 0.503358
v 1.780390 -6.097362 0.491968
v 1.809197 -6.091009 0.464819
v 1.842073 -6.083292 0.435854
v 1.882025 -6.072843 0.410124
v 1.928111 -6.059527 0.392631
v 1.980152 -6.043172 0.385636
v 2.013319 -6.033443 0.365729
v 2.014391 -6.035540 0.322690
v 1.982348 -6.047298 0.300205
v 1.984076 -6.048668 0.258272
v 2.023186 -6.035540 0.261956
v 2.066374 -6.021444 0.248896
v 2.060441 -6.024995 0.208964
v 2.022336 -6.038325 0.196025
v 2.019808 -6.040406 0.153347
v 2.041306 -6.034144 0.108730
v 2.055572 -6.029935 0.064437
v 2.050256 -6.032042 0.023600
v 2.007001 -6.046613 0.008009
v 2.041902 -6.034842 -0.030943
v 2.059587 -6.028527 -0.067844
v 2.072242 -6.023577 -0.109423
v 2.084097 -6.018591 -0.150818
v 2.105668 -6.009965 -0.190058
v 2.117899 -6.004159 -0.232842
v 2.136555 -5.996101 -0.267475
v 2.170139 -5.982731 -0.295068
v 2.139791 -5.992410 -0.319302
v 2.147801 -5.987213 -0.360387
v 2.094638 -6.004887 -0.378766
v 2.054434 -6.017876 -0.392566
v 2.066370 -6.010688 -0.437480
v 2.102968 -5.996101 -0.462532
v 2.122317 -5.985722 -0.506499
v 2.104224 -5.987957 -0.553407
v 2.062783 -6.001969 -0.557615
v 2.092023 -5.987957 -0.597877
v 2.092156 -5.983480 -0.640698
v 2.082462 -5.981982 -0.684748
v 2.067537 -5.982731 -0.722396
v 2.041558 -5.987213 -0.758265
v 2.021222 -5.989445 -0.794265
v 1.982300 -6.001969 -0.797805
v 1.944715 -6.012852 -0.808289
v 1.945831 -6.006341 -0.852791
v 1.931657 -6.004887 -0.894244
v 1.913549 -6.004887 -0.932363
v 1.896847 -6.004159 -0.970404
v 1.892321 -5.999040 -1.010090
v 1.884100 -5.994626 -1.050842
v 1.892542 -5.984227 -1.094051
v 1.890118 -5.977472 -1.134428
v 1.878322 -5.973693 -1.173258
v 1.886548 -5.963020 -1.213657
v 1.922483 -5.941267 -1.262952
v 1.938511 -5.927796 -1.301173
v 1.901319 -5.934158 -1.326798
v 1.862352 -5.948320 -1.318629
v 1.822585 -5.957634 -1.332075
v 1.804645 -5.954539 -1.369802
v 1.758697 -5.968373 -1.369360
v 1.720018 -5.978225 -1.375502
v 1.714167 -5.969137 -1.421507
v 1.739737 -5.952211 -1.460870
v 1.730384 -5.945192 -1.500035
v 1.728598 -5.931777 -1.554222
v 1.712177 -5.926194 -1.593209
v 1.693679 -5.918163 -1.642085
v 1.686828 -5.909246 -1.680791
v 1.679439 -5.899424 -1.722183
v 1.670999 -5.890333 -1.761072
v 1.633703 -5.895302 -1.779344
v 1.629611 -5.880321 -1.831893
v 1.627301 -5.868514 -1.871384
v 1.595085 -5.869361 -1.896298
v 1.582922 -5.859143 -1.937639
v 1.598981 -5.843630 -1.971011
v 1.587126 -5.831411 -2.016265
v 1.570116 -5.822601 -2.054677
v 1.543504 -5.815503 -2.094556
v 1.514268 -5.811940 -2.125557
v 1.478008 -5.814613 -2.143691
v 1.437126 -5.819057 -2.159371
v 1.391594 -5.831411 -2.155866
v 1.364139 -5.850551 -2.121277
v 1.313369 -5.865115 -2.113085
v 1.276317 -5.876961 -2.102851
v 1.226148 -5.881996 -2.118566
v 1.187606 -5.893650 -2.108110
v 1.143711 -5.905166 -2.100139
v 1.105566 -5.907617 -2.113629
v 1.084942 -5.899424 -2.146935
v 1.071038 -5.881996 -2.201054
v 1.025421 -5.891161 -2.198267
v 0.982776 -5.896128 -2.204421
v 0.941727 -5.901068 -2.209116
v 0.900795 -5.904348 -2.217405
v 0.862001 -5.904348 -2.232772
v 0.792618 -5.946756 -2.144176
v 0.784890 -5.956862 -2.118817
v 0.772844 -5.974450 -2.073234
v 0.797759 -5.984227 -2.035251
v 0.810813 -5.998306 -1.988101
v 0.790630 -6.012852 -1.951961
v 0.753184 -6.012130 -1.968920
v 0.743093 -6.026409 -1.928691
v 0.745783 -6.039713 -1.885554
v 0.744924 -6.054120 -1.839119
v 0.708302 -6.064887 -1.817992
v 0.667925 -6.068215 -1.822166
v 0.637112 -6.062212 -1.852921
v 0.632441 -6.048668 -1.898231
v 0.633590 -6.035540 -1.939192
v 0.624949 -6.024286 -1.976627
v 0.612275 -6.013572 -2.012887
v 0.613929 -6.000505 -2.051017
v 0.609207 -5.981982 -2.105800
v 0.588873 -5.978225 -2.122192
v 0.547697 -5.976718 -2.137408
v 0.513189 -5.972176 -2.158563
v 0.478235 -5.966084 -2.183294
v 0.467940 -5.950656 -2.227187
v 0.464259 -5.935742 -2.267394
v 0.444373 -5.920581 -2.310605
v 0.409343 -5.910062 -2.343767
v 0.378030 -5.901890 -2.369478
v 0.360408 -5.887839 -2.406887
v 0.339035 -5.880321 -2.428275
v 0.310319 -5.873590 -2.448323
v 0.266500 -5.877802 -2.443372
v 0.228983 -5.873590 -2.457264
v 0.187863 -5.868514 -2.472831
v 0.140153 -5.871054 -2.469964
v 0.110139 -5.859143 -2.499591
v 0.090306 -5.829653 -2.568392
v 0.072822 -5.841892 -2.540992
v 0.050994 -5.862561 -2.493476
v 0.014222 -5.871054 -2.473897
v -0.027129 -5.874433 -2.465753
v -0.068760 -5.869361 -2.476997
v -0.112411 -5.872746 -2.467359
v -0.152753 -5.873590 -2.463178
v -0.180420 -5.869361 -2.471374
v -0.216199 -5.871901 -2.462453
v -0.246781 -5.881159 -2.437357
v -0.286712 -5.875278 -2.447150
v -0.332669 -5.875278 -2.441328
v -0.373971 -5.869361 -2.449569
v -0.415910 -5.875278 -2.428532
v -0.450261 -5.860852 -2.457096
v -0.478509 -5.846230 -2.486416
v -0.513837 -5.834039 -2.507908
v -0.585368 -5.800278 -2.569779
v -0.611077 -5.806572 -2.549498
v -0.638166 -5.819057 -2.514152
v -0.658112 -5.834916 -2.471899
v -0.695592 -5.861706 -2.397123
v -0.735868 -5.862561 -2.382965
v -0.774056 -5.862561 -2.370835
v -0.822438 -5.857431 -2.367222
v -0.871644 -5.851413 -2.364496
v -0.915557 -5.839282 -2.377853
v -0.955025 -5.826133 -2.394523
v -1.003048 -5.824367 -2.379135
v -1.042634 -5.814613 -2.385965
v -1.066942 -5.823484 -2.353361
v -1.074384 -5.837536 -2.314846
v -1.088968 -5.851413 -2.272609
v -1.134066 -5.849689 -2.254922
v -1.148991 -5.860852 -2.218079
v -1.182512 -5.871901 -2.170732
v -1.224718 -5.876120 -2.135631
v -1.267332 -5.872746 -2.119992
v -1.313045 -5.859143 -2.129789
v -1.354832 -5.845364 -2.141446
v -1.392715 -5.841892 -2.126567
v -1.418131 -5.847962 -2.092818
v -1.450052 -5.852274 -2.058610
v -1.493061 -5.845364 -2.047468
v -1.525074 -5.845364 -2.023736
v -1.549881 -5.849689 -1.992146
v -1.575415 -5.853997 -1.959191
v -1.617531 -5.846230 -1.948031
v -1.664307 -5.839282 -1.929381
v -1.701003 -5.837536 -1.902472
v -1.738385 -5.837536 -1.868376
v -1.775092 -5.833164 -1.847401
v -1.809534 -5.829655 -1.824924
v -1.853445 -5.807468 -1.851403
v -1.884192 -5.788504 -1.879544
v -1.884784 -5.801178 -1.839445
v -1.857620 -5.821716 -1.801807
v -1.837828 -5.840152 -1.762001
v -1.825722 -5.854856 -1.725411
v -1.837599 -5.862561 -1.686195
v -1.875179 -5.859998 -1.653412
v -1.914083 -5.859143 -1.611326
v -1.943844 -5.856572 -1.584828
v -1.979629 -5.856572 -1.539896
v -2.006229 -5.855714 -1.508410
v -2.036987 -5.857431 -1.459735
v -2.058439 -5.860852 -1.415232
v -2.049020 -5.874433 -1.371930
v -2.012628 -5.890333 -1.357550
v -2.002547 -5.902710 -1.318127
v -2.006476 -5.912499 -1.267301
v -2.008269 -5.922993 -1.214353
v -2.019342 -5.930185 -1.159658
v -2.031859 -5.936537 -1.103958
v -2.036754 -5.942838 -1.060165
v -2.055541 -5.943627 -1.018672
v -2.098009 -5.930185 -1.010400
v -2.087508 -5.941267 -0.966074
v -2.070483 -5.953767 -0.924880
v -2.061993 -5.963020 -0.883297
v -2.070791 -5.966848 -0.835581
v -2.075771 -5.971417 -0.789299
v -2.044091 -5.986468 -0.757321
v -2.035485 -5.995363 -0.708566
v -2.009694 -6.008518 -0.669686
v -2.006661 -6.014291 -0.625509
v -2.020842 -6.013572 -0.585486
v -2.025536 -6.015726 -0.545785
v -2.038472 -6.015009 -0.503926
v -2.040505 -6.017876 -0.459507
v -2.034953 -6.022866 -0.416768
v -2.017847 -6.031341 -0.375312
v -2.003959 -6.038325 -0.335288
v -1.977299 -6.048668 -0.305862
v -1.935746 -6.062212 -0.303503
v -1.896010 -6.074160 -0.315228
v -1.846347 -6.089090 -0.321909
v -1.807412 -6.100511 -0.326593
v -1.761575 -6.113545 -0.333257
v -1.737113 -6.118428 -0.370024
v -1.696440 -6.129245 -0.379588
v -1.665051 -6.135741 -0.412219
v -1.621061 -6.147331 -0.414879
v -1.577368 -6.158075 -0.423869
v -1.539429 -6.166920 -0.434622
v -1.493692 -6.178249 -0.433313
v -1.453218 -6.188224 -0.428581
v -1.405770 -6.199951 -0.417202
v -1.367260 -6.209348 -0.405263
v -1.330344 -6.218956 -0.380016
v -1.292836 -6.227815 -0.364048
v -1.258765 -6.235966 -0.343333
v -1.254730 -6.239070 -0.298823
v -1.210964 -6.248599 -0.279667
v -1.185042 -6.251976 -0.313237
v -1.153691 -6.256543 -0.338101
v -1.137780 -6.257364 -0.374823
v -1.073443 -6.268937 -0.371206
v -1.023685 -6.278048 -0.357529
v -0.982533 -6.284961 -0.351469
v -0.940900 -6.291610 -0.346404
v -0.914071 -6.297333 -0.312600
v -0.873867 -6.304108 -0.290201
v -0.839052 -6.309958 -0.264697
v -0.809242 -6.314967 -0.236557
v -0.781340 -6.319486 -0.207958
v -0.752892 -6.323816 -0.179307
v -0.725492 -6.327956 -0.142393
v -0.673520 -6.334046 -0.125988
v -0.655380 -6.336579 -0.088798
v -0.647290 -6.337456 -0.085481
v -0.615852 -6.340742 -0.073173
v -0.646775 -6.337923 -0.045389
v -0.613398 -6.341376 -0.018449
v -0.587012 -6.343899 -0.000000
v -0.586119 -6.343982 0.000588
v -0.650444 -6.337701 0.010687
v -0.615137 -6.341165 0.029474
v -0.618944 -6.340788 0.030912
v -0.653445 -6.337243 0.044723
v -0.652101 -6.337371 0.046203
v -0.651181 -6.337456 0.047478
v -0.603920 -6.342034 0.059401
v -0.648204 -6.337456 0.078251
v -0.654132 -6.336805 0.081603
v -0.668294 -6.334745 0.118425
v -0.640914 -6.337456 0.124581
v -0.626918 -6.338804 0.127204
v -0.587432 -6.342416 0.135381
v -0.552869 -6.345033 0.156632
v -0.513271 -6.348082 0.167468
v -0.476663 -6.350245 0.191894
v -0.494018 -6.347712 0.228349
v -0.456756 -6.349536 0.253788
v -0.416044 -6.352300 0.254622
v -0.430830 -6.349714 0.291816
v -0.440475 -6.347150 0.330625
v -0.480759 -6.342416 0.363697
v -0.508228 -6.342002 0.332207
v -0.548696 -6.339456 0.316015
v -0.591159 -6.334977 0.328995
v -0.627252 -6.332387 0.311559
v -0.670811 -6.326682 0.335772
v -0.709098 -6.321132 0.360715
v -0.743215 -6.315828 0.384167
v -0.784872 -6.309657 0.402304
v -0.823489 -6.305362 0.392320
v -0.863895 -6.299627 0.397527
v -0.905993 -6.294329 0.387608
v -0.882927 -6.295337 0.422861
v -0.880378 -6.292635 0.466182
v -0.836398 -6.298321 0.470357
v -0.849010 -6.293315 0.512843
v -0.868302 -6.286737 0.559138
v -0.890815 -6.280626 0.591459
v -0.932146 -6.272785 0.610670
v -0.971164 -6.267377 0.605368
v -1.014058 -6.261425 0.596565
v -1.040465 -6.260214 0.562849
v -1.071043 -6.257364 0.536565
v -1.098307 -6.255306 0.504483
v -1.141032 -6.247320 0.508601
v -1.183728 -6.240391 0.495934
v -1.226010 -6.232371 0.494052
v -1.343356 -6.204929 0.532818
v -1.328917 -6.207392 0.540280
v -1.288977 -6.215149 0.547814
v -1.282380 -6.212744 0.589032
v -1.278913 -6.209348 0.630889
v -1.228092 -6.219902 0.627899
v -1.219563 -6.217535 0.666757
v -1.223989 -6.212261 0.706615
v -1.233650 -6.205424 0.748642
v -1.249010 -6.196929 0.792264
v -1.236521 -6.194391 0.830769
v -1.270489 -6.184580 0.852333
v -1.309190 -6.174509 0.866662
v -1.336294 -6.164726 0.894493
v -1.331295 -6.159747 0.935316
v -1.292517 -6.169103 0.928014
v -1.284114 -6.163625 0.974895
v -1.285669 -6.156395 1.017593
v -1.261495 -6.155834 1.050702
v -1.244290 -6.153018 1.087086
v -1.236914 -6.146185 1.133177
v -1.232133 -6.139831 1.172160
v -1.223401 -6.133390 1.214271
v -1.202281 -6.135155 1.226392
v -1.181716 -6.137499 1.234624
v -1.159123 -6.133390 1.275774
v -1.116787 -6.138666 1.288104
v -1.086983 -6.138083 1.316074
v -1.065650 -6.133979 1.352157
v -1.027166 -6.136914 1.368523
v -0.985188 -6.139831 1.386188
v -0.953609 -6.138666 1.413172
v -0.916431 -6.139248 1.435071
v -0.877757 -6.139831 1.456590
v -0.844736 -6.138666 1.480826
v -0.833387 -6.129839 1.523214
v -0.808651 -6.125066 1.555406
v -0.764247 -6.131618 1.552040
v -0.739699 -6.126263 1.584734
v -0.725067 -6.115382 1.632795
v -0.693357 -6.125066 1.610112
v -0.668725 -6.135741 1.579597
v -0.637314 -6.145612 1.554004
v -0.620482 -6.136914 1.594656
v -0.573404 -6.147903 1.569759
v -0.532174 -6.151319 1.570895
v -0.491494 -6.159190 1.553207
v -0.454877 -6.157516 1.570899
v -0.424727 -6.152453 1.598929
v -0.381526 -6.153582 1.605461
v -0.340486 -6.157516 1.599595
v -0.298615 -6.162520 1.588653
v -0.292076 -6.150183 1.636941
v -0.317195 -6.140412 1.668642
v -0.338814 -6.129839 1.702915
v -0.378964 -6.127459 1.703018
v -0.404853 -6.115992 1.737922
v -0.420538 -6.104267 1.775024
v -0.450177 -6.080048 1.849324
v -0.422230 -6.084586 1.840970
v -0.378704 -6.086520 1.844044
v -0.338122 -6.084586 1.858258
v -0.297296 -6.089730 1.848361
v -0.259979 -6.099254 1.822401
v -0.241241 -6.110470 1.787063
v -0.198333 -6.112318 1.786022
v -0.159278 -6.107999 1.804610
v -0.117391 -6.101767 1.828741
v -0.078516 -6.097994 1.843350
v -0.045119 -6.105515 1.819422
v -0.002832 -6.103019 1.828331
v 0.025764 -6.078091 1.909394
v 0.051204 -6.092923 1.860997
v 0.087832 -6.098625 1.840843
v 0.128806 -6.095464 1.848882
v 0.151838 -6.107999 1.805252
v 0.192695 -6.109236 1.797149
v 0.229137 -6.112932 1.780225
v 0.262793 -6.119641 1.752306
v 0.293157 -6.107999 1.787749
v 0.311704 -6.096730 1.822736
v 0.335680 -6.109236 1.776005
v 0.380262 -6.106136 1.777678
v 0.406594 -6.112932 1.748252
v 0.419009 -6.123264 1.708717
v 0.461339 -6.120248 1.708617
v 0.498618 -6.113545 1.722088
v 0.537166 -6.105515 1.738903
v 0.578503 -6.101141 1.740993
v 0.625412 -6.097362 1.738010
v 0.669118 -6.092923 1.737301
v 0.707310 -6.085876 1.746844
v 0.737989 -6.075473 1.770211
v 0.762985 -6.060871 1.809237
v 0.776086 -6.046613 1.850894
v 0.781716 -6.032743 1.893297
v 0.785548 -6.018591 1.936265
v 0.790194 -6.004159 1.978714
v 0.794934 -5.990928 2.016557
v 0.807837 -5.975961 2.055463
v 0.826345 -5.960717 2.092044
v 0.857987 -5.945974 2.121059
v 0.888730 -5.929388 2.154566
v 0.910163 -5.913310 2.189523
v 0.919585 -5.895302 2.233700
v 0.930255 -5.878641 2.272849
v 0.967495 -5.859143 2.307388
v 1.001408 -5.846230 2.325600
v 1.042974 -5.829655 2.348823
v 1.084280 -5.815503 2.365144
v 1.130117 -5.802081 2.376623
v 1.165322 -5.782117 2.408068
v 1.200601 -5.769241 2.421582
v 1.238652 -5.757165 2.431137
v 1.281965 -5.754364 2.415263
v 1.323354 -5.739316 2.428709
v 1.362736 -5.729823 2.429346
v 1.403368 -5.724095 2.419697
v 1.446892 -5.711601 2.423584
v 1.487112 -5.696070 2.435759
v 1.526499 -5.690202 2.425085
v 1.537575 -5.702888 2.388007
v 1.504238 -5.719304 2.369910
v 1.446579 -5.733629 2.371193
v 1.513594 -4.780796 -3.929716
v 1.460068 -4.803875 -3.921814
v 1.391691 -4.812993 -3.935471
v 1.383967 -4.826809 -3.921248
v 1.390136 -4.859679 -3.878232
v 1.491526 -4.864350 -3.834461
v 1.509541 -4.825902 -3.875770
v 1.512046 -4.795832 -3.911950
v 1.513594 -4.780796 -3.929716
v -3.970184 -4.162315 -2.739053
v -3.994856 -4.191295 -2.657783
v -4.028325 -4.179798 -2.625172
v -4.075552 -4.163638 -2.577526
v -4.098155 -4.169289 -2.532152
v -4.026869 -4.268189 -2.481236
v -3.990117 -4.296557 -2.491627
v -3.934116 -4.362183 -2.466522
v -3.936548 -4.339942 -2.501626
v -3.861455 -4.396351 -2.520100
v -3.855768 -4.392024 -2.536300
v -3.830302 -4.389518 -2.578868
v -3.855908 -4.320047 -2.656842
v -3.890216 -4.265808 -2.694206
v -3.915378 -4.193377 -2.770388
v -3.943900 -4.154854 -2.787917
v -3.970184 -4.162315 -2.739053
v -4.978282 -1.515772 -3.675430
v -4.984050 -1.600371 -3.631488
v -5.032876 -1.559746 -3.581478
v -5.043930 -1.605338 -3.545603
v -5.064324 -1.647322 -3.496941
v -5.047421 -1.694881 -3.498651
v -5.038942 -1.786598 -3.465078
v -5.035061 -1.839816 -3.442800
v -5.046892 -1.852801 -3.418428
v -5.039508 -1.943525 -3.378715
v -5.019007 -1.998342 -3.377253
v -5.017961 -2.069807 -3.335507
v -5.064019 -2.124663 -3.229730
v -5.088311 -2.174406 -3.157641
v -5.110646 -2.219836 -3.089218
v -5.095505 -2.245066 -3.095989
v -5.104726 -2.310182 -3.032239
v -5.086620 -2.421888 -2.974961
v -5.115228 -2.399272 -2.944074
v -5.120001 -2.443842 -2.898770
v -5.138017 -2.428047 -2.880106
v -5.106532 -2.536579 -2.842312
v -5.117134 -2.599063 -2.765765
v -5.123971 -2.637749 -2.716034
v -5.126866 -2.719429 -2.628611
v -5.105161 -2.799974 -2.585946
v -5.081211 -2.856781 -2.570941
v -5.050292 -2.918133 -2.562945
v -5.032123 -3.001804 -2.501310
v -4.987518 -3.088243 -2.485369
v -4.957520 -3.133184 -2.489136
v -4.901653 -3.219168 -2.490060
v -4.873564 -3.274027 -2.473613
v -4.828146 -3.342144 -2.471583
v -4.761311 -3.427824 -2.483865
v -4.702737 -3.473750 -2.531198
v -4.644869 -3.545640 -2.538360
v -4.603089 -3.591176 -2.550425
v -4.542131 -3.670038 -2.547451
v -4.496959 -3.715201 -2.562085
v -4.443166 -3.782480 -2.557492
v -4.397711 -3.843841 -2.544536
v -4.381543 -3.871823 -2.529962
v -4.335712 -3.902430 -2.561694
v -4.282737 -3.905627 -2.644595
v -4.215928 -3.941559 -2.698093
v -4.171727 -3.975305 -2.717220
v -4.117945 -4.012489 -2.744467
v -4.103226 -3.974195 -2.821161
v -4.082809 -3.958853 -2.871898
v -4.119920 -3.913277 -2.881348
v -4.081711 -3.929851 -2.912996
v -3.996410 -3.992913 -2.945334
v -3.966513 -3.969370 -3.016706
v -3.945105 -3.955592 -3.062528
v -3.918215 -3.949355 -3.104806
v -3.880566 -3.924073 -3.183159
v -3.876519 -3.869851 -3.253690
v -3.904796 -3.802440 -3.299039
v -3.916754 -3.757216 -3.336467
v -3.907999 -3.720698 -3.387268
v -3.856391 -3.709817 -3.457622
v -3.899528 -3.665838 -3.456147
v -3.919995 -3.598003 -3.503949
v -3.857546 -3.661250 -3.507738
v -3.794029 -3.677949 -3.559168
v -3.852298 -3.627551 -3.548284
v -3.888410 -3.574617 -3.562586
v -3.934863 -3.529406 -3.556655
v -3.963373 -3.460565 -3.592465
v -3.873870 -3.539794 -3.612842
v -3.818883 -3.571349 -3.640225
v -3.758443 -3.644240 -3.630876
v -3.727090 -3.606619 -3.700100
v -3.752653 -3.557819 -3.721447
v -3.743110 -3.490644 -3.793965
v -3.723825 -3.455715 -3.844581
v -3.746108 -3.434123 -3.842280
v -3.683692 -3.377174 -3.951551
v -3.636085 -3.374479 -3.997676
v -3.587278 -3.328440 -4.079530
v -3.454555 -3.337407 -4.185380
v -3.346118 -3.371257 -4.245911
v -3.249224 -3.402692 -4.295797
v -3.179559 -3.396457 -4.352485
v -3.080891 -3.444561 -4.385516
v -3.006356 -3.466116 -4.420125
v -2.973596 -3.514893 -4.403737
v -2.931262 -3.552488 -4.401951
v -2.864927 -3.554729 -4.443617
v -2.813111 -3.562932 -4.470074
v -2.749699 -3.546103 -4.522604
v -2.689295 -3.556179 -4.550926
v -2.633149 -3.560411 -4.580353
v -2.569130 -3.609432 -4.578342
v -2.547180 -3.605288 -4.593845
v -2.498344 -3.631159 -4.600283
v -2.450153 -3.660149 -4.603227
v -2.392500 -3.656574 -4.636276
v -2.338100 -3.656541 -4.663972
v -2.268805 -3.598159 -4.742933
v -2.229242 -3.580713 -4.774790
v -2.246111 -3.527827 -4.806149
v -2.291283 -3.515209 -4.794055
v -2.311503 -3.494066 -4.799802
v -2.317992 -3.460599 -4.820872
v -2.346382 -3.395431 -4.853368
v -2.351986 -3.339492 -4.889335
v -2.331459 -3.243255 -4.963389
v -2.330794 -3.188458 -4.999077
v -2.347846 -3.133465 -5.025799
v -2.327564 -3.070250 -5.074017
v -2.331836 -3.041581 -5.089299
v -2.301028 -3.002590 -5.126340
v -2.306380 -2.925491 -5.168342
v -2.270611 -2.847018 -5.227662
v -2.266299 -2.804504 -5.252455
v -2.297912 -2.847604 -5.215399
v -2.285205 -2.754952 -5.270457
v -2.325053 -2.783988 -5.237670
v -2.344300 -2.822652 -5.208314
v -2.353038 -2.771484 -5.231800
v -2.322863 -2.692394 -5.286300
v -2.319907 -2.660612 -5.303661
v -2.303914 -2.630345 -5.325683
v -2.324468 -2.571633 -5.345390
v -2.347994 -2.546569 -5.347107
v -2.369617 -2.495487 -5.361633
v -2.369737 -2.435556 -5.389068
v -2.420864 -2.361429 -5.399325
v -2.414888 -2.439873 -5.367027
v -2.466434 -2.369032 -5.375317
v -2.548301 -2.334480 -5.352197
v -2.601251 -2.290291 -5.345812
v -2.678862 -2.252163 -5.323636
v -2.722425 -2.244039 -5.304935
v -2.745645 -2.256866 -5.287498
v -2.824988 -2.218064 -5.262060
v -2.882597 -2.206500 -5.235612
v -2.900519 -2.183628 -5.235303
v -2.926370 -2.174093 -5.224875
v -2.976192 -2.176555 -5.195626
v -3.076656 -2.145928 -5.149643
v -3.133947 -2.099384 -5.134258
v -3.166931 -2.043185 -5.136690
v -3.228879 -1.989637 -5.119114
v -3.240218 -1.947437 -5.128169
v -3.252289 -1.889794 -5.142075
v -3.329755 -1.799352 -5.124910
v -3.352020 -1.891237 -5.077088
v -3.393286 -1.870040 -5.057490
v -3.370186 -1.819748 -5.091169
v -3.406476 -1.767981 -5.085254
v -3.441747 -1.791110 -5.053311
v -3.465576 -1.709760 -5.065190
v -3.521999 -1.657001 -5.043760
v -3.549684 -1.614583 -5.038105
v -3.596543 -1.596255 -5.010638
v -3.602415 -1.566158 -5.015914
v -3.638884 -1.578731 -4.985557
v -3.644471 -1.551638 -4.989979
v -3.684963 -1.536190 -4.964958
v -3.728878 -1.521637 -4.936571
v -3.784625 -1.571142 -4.878295
v -3.821422 -1.634880 -4.828410
v -3.873813 -1.635613 -4.786229
v -3.924983 -1.645691 -4.740871
v -3.917258 -1.586629 -4.767320
v -3.970834 -1.500112 -4.750977
v -4.012480 -1.471855 -4.724753
v -4.003708 -1.444810 -4.740516
v -4.048699 -1.382887 -4.720731
v -4.103910 -1.344573 -4.683982
v -4.143705 -1.357483 -4.645061
v -4.214371 -1.337006 -4.587061
v -4.220820 -1.281396 -4.596993
v -4.166547 -1.245514 -4.655988
v -4.211754 -1.229669 -4.619381
v -4.261202 -1.256704 -4.566453
v -4.297054 -1.301377 -4.520109
v -4.358922 -1.329213 -4.452262
v -4.382701 -1.318207 -4.432144
v -4.425302 -1.351632 -4.379432
v -4.474519 -1.320501 -4.338732
v -4.501417 -1.329972 -4.307907
v -4.522189 -1.309071 -4.292526
v -4.548012 -1.362861 -4.248275
v -4.518742 -1.420942 -4.260462
v -4.483051 -1.464698 -4.283288
v -4.456668 -1.468299 -4.309507
v -4.457886 -1.511518 -4.293275
v -4.426197 -1.565439 -4.306718
v -4.389688 -1.618352 -4.324491
v -4.389342 -1.648694 -4.313366
v -4.437066 -1.707961 -4.240867
v -4.486605 -1.742267 -4.174269
v -4.516141 -1.779063 -4.126627
v -4.553853 -1.842231 -4.056877
v -4.573785 -1.842126 -4.034439
v -4.604178 -1.869364 -3.987062
v -4.607037 -1.902175 -3.968196
v -4.663778 -1.938139 -3.883611
v -4.717102 -1.901907 -3.836840
v -4.743835 -1.844833 -3.831744
v -4.768371 -1.797610 -3.823726
v -4.789869 -1.739034 -3.823945
v -4.828575 -1.653760 -3.813080
v -4.830085 -1.601773 -3.833307
v -4.841223 -1.570441 -3.832221
v -4.845516 -1.508688 -3.851555
v -4.869451 -1.427170 -3.852438
v -4.886266 -1.405147 -3.839220
v -4.882158 -1.368906 -3.857496
v -4.908144 -1.311275 -3.844518
v -4.930555 -1.251430 -3.835778
v -4.937102 -1.220309 -3.837384
v -4.968107 -1.179406 -3.810060
v -4.978600 -1.232815 -3.779332
v -4.972118 -1.301180 -3.764919
v -4.986237 -1.314339 -3.741603
v -4.981178 -1.360004 -3.732010
v -4.994848 -1.415211 -3.693009
v -4.988182 -1.476512 -3.677987
v -4.978282 -1.515772 -3.675430
v 4.067429 4.743753 -1.241960
v 4.101338 4.713302 -1.246375
v 4.113546 4.713155 -1.206048
v 4.126507 4.696906 -1.225012
v 4.183952 4.648245 -1.215732
v 4.201117 4.635390 -1.205577
v 4.220974 4.633490 -1.141838
v 4.248586 4.616138 -1.109245
v 4.258069 4.622072 -1.046392
v 4.262463 4.641789 -0.935330
v 4.238451 4.668196 -0.912754
v 4.267438 4.655022 -0.842253
v 4.284283 4.640555 -0.836549
v 4.281550 4.651373 -0.789110
v 4.286234 4.653438 -0.750569
v 4.277419 4.667243 -0.714257
v 4.255799 4.685729 -0.722331
v 4.241956 4.699076 -0.717033
v 4.233663 4.703214 -0.738593
v 4.249347 4.682328 -0.780061
v 4.226146 4.702179 -0.786666
v 4.216966 4.698979 -0.852313
v 4.191605 4.712420 -0.901767
v 4.186376 4.710123 -0.937359
v 4.197589 4.694763 -0.963892
v 4.182431 4.707516 -0.967578
v 4.132357 4.756029 -0.945229
v 4.116079 4.765411 -0.968704
v 4.072635 4.799283 -0.984969
v 4.085578 4.775670 -1.044355
v 4.042071 4.805657 -1.075621
v 4.029342 4.811104 -1.098783
v 4.038658 4.788791 -1.160329
v 4.024850 4.792596 -1.192160
v 4.030214 4.778736 -1.229106
v 4.042056 4.769387 -1.226528
v 4.067429 4.743753 -1.241960
v 3.463997 4.073011 -3.464238
v 3.459421 4.050030 -3.495612
v 3.432251 4.050223 -3.522071
v 3.440133 4.036966 -3.529593
v 3.442964 3.986995 -3.583226
v 3.479114 3.998514 -3.535151
v 3.487227 4.038346 -3.481472
v 3.477912 4.070702 -3.452992
v 3.463997 4.073011 -3.464238
v 3.245361 4.198161 -3.526006
v 3.221401 4.192444 -3.554663
v 3.198249 4.213703 -3.550430
v 3.141391 4.247214 -3.561247
v 3.133991 4.203391 -3.619288
v 3.135214 4.143796 -3.686329
v 3.107304 4.139845 -3.714295
v 3.099677 4.117013 -3.745911
v 3.156949 4.110181 -3.705365
v 3.204150 4.043824 -3.737720
v 3.231444 4.013652 -3.746733
v 3.266102 3.993435 -3.738274
v 3.286935 3.950379 -3.765662
v 3.305532 3.946027 -3.753928
v 3.321929 3.991574 -3.690767
v 3.276633 4.034303 -3.684796
v 3.281735 4.059506 -3.652433
v 3.309092 4.053172 -3.634742
v 3.418842 3.989545 -3.603428
v 3.386737 4.049378 -3.566818
v 3.406528 4.063429 -3.531821
v 3.419071 4.086675 -3.492661
v 3.385983 4.113780 -3.493076
v 3.400947 4.142831 -3.443856
v 3.376106 4.163977 -3.442796
v 3.390035 4.178523 -3.411342
v 3.388745 4.200536 -3.385491
v 3.365792 4.214173 -3.391435
v 3.336062 4.190138 -3.450084
v 3.306446 4.185158 -3.484467
v 3.292263 4.194977 -3.486088
v 3.294508 4.240075 -3.428938
v 3.271898 4.251506 -3.436426
v 3.256705 4.248727 -3.454248
v 3.245361 4.198161 -3.526006
v 5.536655 -0.499861 -3.112110
v 5.548057 -0.366064 -3.110418
v 5.564019 -0.315582 -3.087351
v 5.530605 -0.324311 -3.145930
v 5.516235 -0.261067 -3.176892
v 5.486276 -0.268329 -3.227756
v 5.481289 -0.312070 -3.232294
v 5.467999 -0.337239 -3.252215
v 5.465741 -0.373326 -3.252067
v 5.478482 -0.396550 -3.227789
v 5.496933 -0.454416 -3.188554
v 5.514409 -0.494585 -3.152193
v 5.536655 -0.499861 -3.112110
v 3.972788 4.975303 -0.230111
v 3.976321 4.969845 -0.281334
v 3.953270 4.984267 -0.344058
v 3.987009 4.953806 -0.391420
v 4.003116 4.937433 -0.431814
v 4.061586 4.889609 -0.429977
v 4.066702 4.886919 -0.411820
v 4.114880 4.846675 -0.408838
v 4.082084 4.879424 -0.342726
v 4.091599 4.873851 -0.306645
v 4.054863 4.907451 -0.254271
v 4.022367 4.935791 -0.219481
v 4.022596 4.936950 -0.186775
v 3.992708 4.961572 -0.175273
v 3.972788 4.975303 -0.230111
v 6.326039 0.694565 -0.297410
v 6.331071 0.681669 -0.206178
v 6.323235 0.757889 -0.178717
v 6.287656 1.010764 -0.182712
v 6.284585 1.033377 -0.160511
v 6.275611 1.087187 -0.156119
v 6.269681 1.125537 -0.117953
v 6.264339 1.157831 -0.084447
v 6.253232 1.215354 -0.098186
v 6.250118 1.227704 -0.135665
v 6.240049 1.275372 -0.157645
v 6.236390 1.285549 -0.210804
v 6.228752 1.318095 -0.234328
v 6.220459 1.349942 -0.270521
v 6.218584 1.350223 -0.309432
v 6.227136 1.287620 -0.392998
v 6.234749 1.251419 -0.389222
v 6.245767 1.186678 -0.414527
v 6.255322 1.142670 -0.393559
v 6.259872 1.113234 -0.405404
v 6.274723 1.045393 -0.353047
v 6.282027 1.011754 -0.319587
v 6.293789 0.942447 -0.299427
v 6.303719 0.872436 -0.302686
v 6.326039 0.694565 -0.297410
v 6.273345 1.067139 0.309836
v 6.264339 1.095396 0.384449
v 6.261709 1.091235 0.435714
v 6.263648 1.063672 0.474292
v 6.255785 1.086814 0.523101
v 6.247806 1.123032 0.541630
v 6.239063 1.146887 0.590242
v 6.226489 1.210325 0.596314
v 6.220169 1.256566 0.565844
v 6.212434 1.293467 0.567665
v 6.200398 1.383566 0.480052
v 6.184649 1.457902 0.462899
v 6.180542 1.484305 0.432878
v 6.187444 1.469722 0.380912
v 6.184811 1.491742 0.335359
v 6.178848 1.519497 0.320326
v 6.170550 1.567857 0.236167
v 6.162662 1.601523 0.215316
v 6.153600 1.646124 0.114541
v 6.150309 1.661409 0.055375
v 6.156020 1.640805 0.028608
v 6.155823 1.641299 -0.040279
v 6.169536 1.589167 -0.031835
v 6.181883 1.540069 -0.046388
v 6.198276 1.469515 -0.107439
v 6.210405 1.417104 -0.111016
v 6.212471 1.392505 -0.236173
v 6.228752 1.318095 -0.234328
v 6.236390 1.285549 -0.210804
v 6.240049 1.275372 -0.157645
v 6.250118 1.227704 -0.135665
v 6.253232 1.215354 -0.098186
v 6.253550 1.217683 -0.002598
v 6.251668 1.226376 0.047869
v 6.254729 1.208759 0.083143
v 6.252359 1.216716 0.131335
v 6.246502 1.211571 0.320851
v 6.258045 1.149577 0.324016
v 6.273345 1.067139 0.309836
v -0.275372 2.390870 -5.898945
v -0.274629 2.316765 -5.928475
v -0.238263 2.332443 -5.923899
v -0.246346 2.248959 -5.955765
v -0.215896 2.303101 -5.936224
v -0.209189 2.355819 -5.915742
v -0.188897 2.405467 -5.896413
v -0.145283 2.465276 -5.872900
v -0.050841 2.469376 -5.872754
v -0.060344 2.427059 -5.890279
v -0.028175 2.369739 -5.913813
v 0.015722 2.390654 -5.905435
v 0.030749 2.371880 -5.912942
v 0.059927 2.383131 -5.908192
v 0.099759 2.392361 -5.903922
v 0.115111 2.476972 -5.868645
v 0.149757 2.553797 -5.834838
v 0.131810 2.615039 -5.808084
v 0.193785 2.642178 -5.794047
v 0.170839 2.678997 -5.777839
v 0.107458 2.716532 -5.761818
v 0.179239 2.769660 -5.734675
v 0.143046 2.837404 -5.702484
v 0.064444 2.794302 -5.725152
v 0.016747 2.789372 -5.727893
v 0.007975 2.719656 -5.761341
v -0.087800 2.705857 -5.767172
v -0.181110 2.707350 -5.764295
v -0.239443 2.690152 -5.770216
v -0.194304 2.604560 -5.811037
v -0.148994 2.598696 -5.815000
v -0.118171 2.540790 -5.841238
v -0.174660 2.487840 -5.862575
v -0.190467 2.553104 -5.833954
v -0.218573 2.553425 -5.832828
v -0.275372 2.390870 -5.898945
v 4.212453 4.444422 -1.758407
v 4.232831 4.411553 -1.791922
v 4.215436 4.417424 -1.818272
v 4.201634 4.404911 -1.879541
v 4.155729 4.400683 -1.988352
v 4.120727 4.421147 -2.015617
v 4.062462 4.439724 -2.091624
v 4.060366 4.410645 -2.156219
v 4.045119 4.402212 -2.201633
v 4.092884 4.368796 -2.179808
v 4.154674 4.310567 -2.178839
v 4.180026 4.263639 -2.222252
v 4.204053 4.274710 -2.154632
v 4.262704 4.248708 -2.089850
v 4.296102 4.207284 -2.105209
v 4.335224 4.199395 -2.039743
v 4.336592 4.228535 -1.975627
v 4.382295 4.205629 -1.922970
v 4.404800 4.208044 -1.865407
v 4.362069 4.262973 -1.840939
v 4.355844 4.289429 -1.793618
v 4.340908 4.301017 -1.802059
v 4.336046 4.310766 -1.790430
v 4.308604 4.336752 -1.793922
v 4.274724 4.362154 -1.813282
v 4.259463 4.397012 -1.764341
v 4.236221 4.426313 -1.746948
v 4.212453 4.444422 -1.758407
v 1.258618 2.566891 5.693557
v 1.234698 2.561827 5.701070
v 1.204005 2.620354 5.680999
v 1.164179 2.649662 5.675704
v 1.179648 2.713676 5.642166
v 1.209660 2.709621 5.637758
v 1.252414 2.625811 5.667999
v 1.258618 2.566891 5.693557
v 1.202111 2.850684 5.569396
v 1.097474 2.834763 5.599046
v 1.087111 2.871548 5.582297
v 1.132066 2.879486 5.569257
v 1.196460 2.876510 5.557321
v 1.202111 2.850684 5.569396
v 1.281581 2.851679 5.551137
v 1.272615 2.780781 5.589038
v 1.253308 2.793597 5.587009
v 1.249271 2.845711 5.561555
v 1.201565 2.884956 5.551838
v 1.200148 2.896336 5.546217
v 1.281581 2.851679 5.551137
v 4.269777 4.493975 -1.470659
v 4.260181 4.494193 -1.497575
v 4.299164 4.459388 -1.490199
v 4.314574 4.428745 -1.536330
v 4.352605 4.390997 -1.537407
v 4.362088 4.387430 -1.520621
v 4.373629 4.380062 -1.508664
v 4.398914 4.361259 -1.489505
v 4.442199 4.316468 -1.491514
v 4.437438 4.347334 -1.414027
v 4.416276 4.381177 -1.375295
v 4.409100 4.399016 -1.340945
v 4.392120 4.428966 -1.297374
v 4.373934 4.453672 -1.274029
v 4.349536 4.490701 -1.226698
v 4.313633 4.523321 -1.233604
v 4.323189 4.505302 -1.265676
v 4.302701 4.521585 -1.277373
v 4.290468 4.523321 -1.311904
v 4.282761 4.510300 -1.380140
v 4.264761 4.511388 -1.431375
v 4.269777 4.493975 -1.470659
v 3.441817 5.148522 -1.495411
v 3.416658 5.148077 -1.553510
v 3.355994 5.172643 -1.603342
v 3.303412 5.209039 -1.594687
v 3.254172 5.229458 -1.628735
v 3.220149 5.257747 -1.605109
v 3.189177 5.268287 -1.632157
v 3.126674 5.292292 -1.674872
v 3.115558 5.276716 -1.743333
v 3.131121 5.261197 -1.762250
v 3.105342 5.268672 -1.785383
v 3.093224 5.253716 -1.849344
v 3.126861 5.224013 -1.876716
v 3.154961 5.206785 -1.877566
v 3.184815 5.164493 -1.942835
v 3.184895 5.152589 -1.974059
v 3.200764 5.140752 -1.979247
v 3.190565 5.129169 -2.025232
v 3.200396 5.111528 -2.054116
v 3.230740 5.096975 -2.042745
v 3.256553 5.099289 -1.995434
v 3.270337 5.093054 -1.988803
v 3.287252 5.070794 -2.017590
v 3.326528 5.027369 -2.061410
v 3.361503 5.023315 -2.014014
v 3.388824 5.008262 -2.005698
v 3.428828 4.973478 -2.024179
v 3.435539 4.980186 -1.996110
v 3.470183 4.976862 -1.943789
v 3.461245 4.993052 -1.918034
v 3.487052 4.980989 -1.902593
v 3.488383 4.990992 -1.873718
v 3.512256 4.992379 -1.824787
v 3.528362 5.008914 -1.746735
v 3.552413 5.014294 -1.681326
v 3.576587 5.012771 -1.633950
v 3.613672 4.994116 -1.609294
v 3.630087 4.991423 -1.580447
v 3.594939 5.022035 -1.563721
v 3.565861 5.053572 -1.528293
v 3.533175 5.067362 -1.558257
v 3.500677 5.094105 -1.544343
v 3.477027 5.119395 -1.513842
v 3.441817 5.148522 -1.495411
v 0.090716 1.948466 6.065055
v 0.089813 1.964037 6.060044
v 0.102589 1.968907 6.058261
v 0.121863 1.956391 6.061957
v 0.159208 2.020159 6.040137
v 0.179233 2.021546 6.039112
v 0.179776 2.006069 6.044254
v 0.199774 2.005584 6.043787
v 0.198325 1.976854 6.053293
v 0.181664 1.931077 6.068573
v 0.191093 1.914680 6.073477
v 0.180337 1.876699 6.085649
v 0.187138 1.866535 6.088569
v 0.175286 1.812742 6.105152
v 0.154568 1.784442 6.114043
v 0.135316 1.781044 6.115490
v 0.114362 1.744033 6.126574
v 0.082441 1.743997 6.127097
v 0.090289 1.864356 6.091442
v 0.090716 1.948466 6.065055
v 2.695190 -2.390225 5.254752
v 2.590833 -2.385963 5.308899
v 2.539881 -2.468666 5.295690
v 2.498384 -2.394438 5.349242
v 2.379658 -2.369320 5.414166
v 2.285841 -2.462292 5.413103
v 2.215268 -2.476334 5.435991
v 2.199526 -2.334394 5.504755
v 2.163959 -2.217903 5.566672
v 2.207973 -2.116730 5.588734
v 2.162267 -2.072269 5.623162
v 2.158305 -1.996236 5.652115
v 2.117986 -1.924280 5.692181
v 2.193150 -1.809536 5.701343
v 2.159401 -1.719727 5.741878
v 2.185926 -1.683706 5.742517
v 2.171755 -1.643908 5.759400
v 2.216037 -1.590180 5.757617
v 2.226259 -1.498380 5.778258
v 2.237670 -1.422297 5.793060
v 2.262410 -1.385591 5.792347
v 2.187501 -1.210375 5.859989
v 2.262710 -1.219615 5.829436
v 2.315177 -1.217229 5.809298
v 2.340146 -1.184200 5.806120
v 2.431666 -1.139894 5.777308
v 2.487598 -1.098792 5.761437
v 2.619856 -1.080239 5.706056
v 2.603160 -1.162274 5.697571
v 2.612065 -1.204276 5.684758
v 2.598043 -1.277393 5.675216
v 2.696148 -1.374809 5.606276
v 2.803404 -1.392724 5.548954
v 2.837230 -1.433234 5.521377
v 2.899838 -1.454691 5.483106
v 2.935837 -1.486113 5.455453
v 2.995681 -1.485051 5.423114
v 3.046675 -1.517100 5.385705
v 3.043119 -1.579449 5.369768
v 3.057333 -1.610881 5.352329
v 3.052461 -1.657228 5.340947
v 3.024981 -1.659020 5.356004
v 3.043456 -1.783675 5.305235
v 3.218560 -1.788082 5.199354
v 3.195614 -1.849628 5.191971
v 3.198554 -1.891572 5.175022
v 3.242758 -1.921360 5.136393
v 3.252510 -1.987159 5.105097
v 3.221754 -2.070182 5.091590
v 3.188875 -2.116199 5.093370
v 3.186062 -2.175875 5.069933
v 3.154194 -2.197463 5.080537
v 3.158867 -2.165254 5.091451
v 3.085471 -2.111678 5.158520
v 3.001732 -2.110193 5.208294
v 2.836845 -2.140696 5.287663
v 2.776852 -2.232602 5.281498
v 2.764659 -2.288521 5.263931
v 2.705867 -2.412270 5.239168
v 2.695190 -2.390225 5.254752
v 2.947892 -3.206306 4.649642
v 3.096836 -3.074392 4.641913
v 3.216966 -2.979403 4.622113
v 3.283134 -2.939310 4.601209
v 3.367002 -2.884789 4.575033
v 3.392147 -2.805335 4.605765
v 3.368078 -2.747566 4.657958
v 3.322353 -2.766775 4.679377
v 3.354409 -2.708835 4.690394
v 3.381628 -2.649172 4.704903
v 3.396351 -2.593454 4.725298
v 3.371339 -2.575013 4.753212
v 3.335973 -2.591449 4.769205
v 3.306006 -2.586944 4.792462
v 3.305987 -2.547770 4.813415
v 3.320758 -2.454054 4.851786
v 3.312029 -2.423371 4.873128
v 3.260645 -2.395513 4.921316
v 3.221009 -2.415679 4.937534
v 3.133775 -2.395913 5.002869
v 3.168883 -2.255388 5.045894
v 3.154194 -2.197463 5.080537
v 3.186062 -2.175875 5.069933
v 3.188875 -2.116199 5.093370
v 3.221754 -2.070182 5.091590
v 3.252510 -1.987159 5.105097
v 3.242758 -1.921360 5.136393
v 3.198554 -1.891572 5.175022
v 3.195614 -1.849628 5.191971
v 3.218560 -1.788082 5.199354
v 3.043456 -1.783675 5.305235
v 3.024981 -1.659020 5.356004
v 3.052461 -1.657228 5.340947
v 3.057333 -1.610881 5.352329
v 3.043119 -1.579449 5.369768
v 3.046675 -1.517100 5.385705
v 2.995681 -1.485051 5.423114
v 2.935837 -1.486113 5.455453
v 2.899838 -1.454691 5.483106
v 2.837230 -1.433234 5.521377
v 2.803404 -1.392724 5.548954
v 2.696148 -1.374809 5.606276
v 2.598043 -1.277393 5.675216
v 2.612065 -1.204276 5.684758
v 2.603160 -1.162274 5.697571
v 2.619856 -1.080239 5.706056
v 2.487598 -1.098792 5.761437
v 2.431666 -1.139894 5.777308
v 2.340146 -1.184200 5.806120
v 2.315177 -1.217229 5.809298
v 2.262710 -1.219615 5.829436
v 2.187501 -1.210375 5.859989
v 2.128456 -1.229173 5.877793
v 2.082536 -1.216643 5.896818
v 2.099450 -1.050435 5.922714
v 2.010849 -1.115010 5.941622
v 1.919254 -1.112181 5.972366
v 1.882817 -1.053733 5.994521
v 1.813563 -1.047374 6.016946
v 1.837984 -1.000250 6.017554
v 1.782442 -0.933384 6.044943
v 1.742319 -0.834209 6.071084
v 1.770994 -0.814050 6.065521
v 1.772512 -0.767444 6.071151
v 1.837562 -0.735571 6.055736
v 1.828946 -0.675813 6.065301
v 1.857111 -0.637330 6.060907
v 1.866253 -0.585676 6.063310
v 1.988925 -0.510280 6.031039
v 2.075535 -0.488953 6.003559
v 2.089992 -0.472285 5.999877
v 2.183961 -0.477488 5.965900
v 2.236167 -0.173030 5.963158
v 2.239021 -0.124822 5.963292
v 2.223040 -0.061155 5.970259
v 2.176840 -0.020588 5.987536
v 2.177287 0.060202 5.987106
v 2.235959 0.078519 5.965230
v 2.256810 0.067010 5.957513
v 2.260114 0.109597 5.955629
v 2.199018 0.121093 5.978235
v 2.197139 0.190649 5.977112
v 2.399116 0.188165 5.899023
v 2.432653 0.226474 5.883923
v 2.461601 0.191226 5.873125
v 2.482205 0.125655 5.866218
v 2.501402 0.139356 5.857748
v 2.557981 0.080553 5.834371
v 2.636876 0.087758 5.799037
v 2.656217 0.121782 5.789587
v 2.730905 0.147735 5.754127
v 2.771986 0.165979 5.733950
v 2.782999 0.213051 5.727056
v 2.853669 0.244669 5.690901
v 2.847876 0.268019 5.692751
v 2.763221 0.277567 5.733865
v 2.747836 0.347510 5.737445
v 2.749927 0.421921 5.731450
v 2.704232 0.450679 5.750970
v 2.722714 0.460887 5.741433
v 2.797116 0.446696 5.706684
v 2.876895 0.418966 5.669002
v 2.904605 0.445191 5.652850
v 2.974746 0.462400 5.614865
v 3.082255 0.503905 5.552965
v 3.115919 0.546196 5.530132
v 3.101780 0.577451 5.534903
v 3.151652 0.582346 5.506143
v 3.175136 0.556827 5.495279
v 3.164689 0.508173 5.506010
v 3.198316 0.491383 5.488074
v 3.222175 0.439849 5.478482
v 3.196915 0.400760 5.496250
v 3.184268 0.306250 5.509654
v 3.210089 0.250083 5.497493
v 3.217959 0.198661 5.494990
v 3.277499 0.146508 5.461335
v 3.324230 0.140993 5.433163
v 3.334433 0.162765 5.426297
v 3.364247 0.167573 5.407717
v 3.406557 0.187068 5.380522
v 3.436530 0.216626 5.360315
v 3.488288 0.207199 5.327153
v 3.510807 0.211179 5.312182
v 3.561222 0.202081 5.278873
v 3.569092 0.224789 5.272636
v 3.553183 0.246879 5.282384
v 3.561656 0.279050 5.275072
v 3.598963 0.269179 5.250205
v 3.641826 0.280537 5.219966
v 3.694408 0.256996 5.184105
v 3.734330 0.234075 5.156513
v 3.761437 0.264202 5.135312
v 3.781570 0.259557 5.120742
v 3.794462 0.228278 5.112689
v 3.836880 0.236219 5.080570
v 3.869739 0.278422 5.053439
v 3.894256 0.360201 5.029381
v 3.941900 0.461747 4.983759
v 3.971222 0.466988 4.959936
v 3.995246 0.405631 4.946020
v 4.049462 0.211405 4.913940
v 4.095526 0.193059 4.876375
v 4.099021 0.116325 4.875873
v 4.035303 0.024795 4.930046
v 4.062034 -0.008723 4.908100
v 4.211467 -0.026185 4.780429
v 4.213527 -0.137627 4.776703
v 4.277255 -0.064672 4.721286
v 4.379543 -0.104633 4.625829
v 4.510731 -0.172525 4.495908
v 4.547367 -0.237652 4.455851
v 4.532750 -0.299150 4.467027
v 4.623569 -0.264913 4.375165
v 4.767447 -0.323662 4.213826
v 4.875857 -0.319335 4.088237
v 4.975574 -0.411208 3.957804
v 5.055181 -0.535432 3.840326
v 5.104121 -0.567387 3.770367
v 5.159499 -0.571828 3.693538
v 5.180108 -0.606752 3.658958
v 5.189346 -0.747527 3.619604
v 5.193036 -0.814295 3.599852
v 5.146527 -0.996249 3.620827
v 5.104616 -1.067886 3.659530
v 4.990876 -1.220089 3.767252
v 4.928665 -1.343219 3.807054
v 4.862588 -1.437293 3.857340
v 4.845327 -1.439409 3.878215
v 4.811587 -1.518981 3.889854
v 4.775166 -1.720468 3.850638
v 4.718770 -1.884849 3.843202
v 4.694531 -1.954756 3.837962
v 4.662795 -1.996465 3.855141
v 4.613772 -2.137069 3.838708
v 4.507074 -2.273246 3.886936
v 4.463840 -2.380155 3.872807
v 4.395130 -2.424784 3.923378
v 4.359968 -2.486284 3.924119
v 4.284857 -2.486041 4.006151
v 4.161307 -2.525326 4.110461
v 4.096562 -2.570666 4.147228
v 4.005640 -2.600354 4.216948
v 3.893461 -2.680926 4.271210
v 3.798610 -2.780566 4.292861
v 3.763428 -2.855029 4.274934
v 3.757400 -2.909788 4.243197
v 3.709080 -3.009262 4.216243
v 3.675366 -3.056979 4.211438
v 3.604521 -3.110529 4.233401
v 3.459695 -3.279827 4.226451
v 3.365880 -3.355127 4.243066
v 3.298423 -3.399223 4.260907
v 3.229770 -3.488207 4.241537
v 3.159655 -3.541237 4.250396
v 3.159672 -3.488712 4.293600
v 3.209810 -3.444459 4.292139
v 3.190263 -3.380569 4.357019
v 3.149068 -3.328318 4.426660
v 3.089891 -3.267370 4.512927
v 3.059614 -3.270156 4.531499
v 3.003624 -3.196057 4.620942
v 2.947892 -3.206306 4.649642
v -2.603882 0.502731 -5.792814
v -2.642428 0.544192 -5.771574
v -2.725472 0.604848 -5.726744
v -2.723102 0.550310 -5.733368
v -2.719730 0.479534 -5.741320
v -2.671636 0.483046 -5.763564
v -2.651649 0.445266 -5.775824
v -2.603882 0.502731 -5.792814
v -0.166904 2.968569 -5.634659
v -0.207534 2.937126 -5.649767
v -0.201715 2.876342 -5.681162
v -0.120821 2.873399 -5.684947
v -0.037023 2.880054 -5.682742
v 0.025374 2.864539 -5.690643
v 0.115250 2.902174 -5.670427
v 0.117156 2.921989 -5.660203
v 0.051443 2.995201 -5.622790
v -0.001550 3.020067 -5.609709
v -0.071676 2.997379 -5.621408
v -0.123537 2.994990 -5.621780
v -0.166904 2.968569 -5.634659
v 5.445276 -2.025346 -2.614686
v 5.430358 -2.044143 -2.631032
v 5.397033 -2.104982 -2.651551
v 5.306769 -2.219869 -2.738618
v 5.282454 -2.231073 -2.776262
v 5.270076 -2.267770 -2.770047
v 5.233306 -2.333528 -2.785102
v 5.189745 -2.349400 -2.852456
v 5.141388 -2.396030 -2.900830
v 5.183833 -2.471706 -2.758294
v 5.197309 -2.548007 -2.661819
v 5.185885 -2.615746 -2.618035
v 5.184091 -2.653776 -2.583083
v 5.205048 -2.661865 -2.532113
v 5.192592 -2.710109 -2.506380
v 5.183633 -2.741463 -2.490778
v 5.200971 -2.764813 -2.428035
v 5.237111 -2.759857 -2.354889
v 5.268849 -2.731754 -2.316546
v 5.291053 -2.719549 -2.280012
v 5.300090 -2.742832 -2.230595
v 5.288212 -2.790808 -2.199054
v 5.292559 -2.820838 -2.149728
v 5.290531 -2.865247 -2.095299
v 5.311537 -2.875373 -2.027175
v 5.335778 -2.840482 -2.012655
v 5.360478 -2.779677 -2.031825
v 5.423745 -2.684231 -1.991867
v 5.439667 -2.669078 -1.968677
v 5.560413 -2.371059 -2.012343
v 5.526319 -2.367464 -2.108211
v 5.651962 -1.995401 -2.159477
v 5.624499 -1.991908 -2.233149
v 5.573460 -1.954893 -2.388426
v 5.544372 -1.998468 -2.419858
v 5.529405 -1.957042 -2.487028
v 5.516230 -1.956807 -2.516299
v 5.498132 -1.932949 -2.573693
v 5.487744 -1.940865 -2.589854
v 5.445276 -2.025346 -2.614686
v 6.094307 0.822974 -1.664866
v 6.068607 0.831261 -1.752328
v 6.059295 0.859610 -1.770778
v 6.054432 0.857458 -1.788369
v 6.049776 0.832500 -1.815709
v 6.003001 0.874658 -1.946432
v 5.982617 0.917636 -1.988940
v 5.958859 0.956086 -2.041454
v 5.956705 0.994768 -2.029221
v 5.945130 1.004863 -2.057990
v 5.910622 0.998039 -2.158266
v 5.866647 1.048884 -2.252097
v 5.818151 1.168353 -2.318126
v 5.789612 1.212576 -2.366367
v 5.759764 1.231183 -2.428775
v 5.763252 1.184462 -2.443690
v 5.749867 1.116085 -2.506596
v 5.756878 1.071387 -2.510005
v 5.770962 1.025745 -2.496694
v 5.773179 0.991623 -2.505340
v 5.762396 0.959980 -2.542218
v 5.734592 0.911901 -2.621552
v 5.714958 0.867409 -2.678898
v 5.718891 0.831592 -2.681862
v 5.693589 0.774147 -2.751978
v 5.678504 0.726366 -2.795822
v 5.672626 0.660058 -2.824054
v 5.639221 0.616273 -2.899834
v 5.634001 0.581179 -2.917174
v 5.651666 0.569430 -2.885145
v 5.683399 0.571980 -2.821605
v 5.719000 0.583631 -2.746281
v 5.737476 0.574143 -2.709496
v 5.746703 0.547210 -2.695480
v 5.762104 0.543886 -2.663079
v 5.778435 0.567318 -2.622495
v 5.832616 0.512022 -2.511585
v 5.851573 0.523152 -2.464761
v 5.858109 0.514611 -2.450995
v 5.875508 0.447653 -2.422324
v 5.905096 0.469300 -2.345045
v 5.933793 0.480216 -2.269170
v 5.955627 0.521108 -2.201952
v 5.983617 0.558762 -2.115124
v 6.005999 0.523084 -2.060098
v 6.024017 0.466799 -2.020634
v 6.032124 0.389427 -2.012827
v 6.053974 0.395621 -1.944872
v 6.075392 0.414264 -1.872870
v 6.097956 0.355445 -1.810588
v 6.119009 0.252084 -1.756083
v 6.120927 0.284274 -1.744444
v 6.119913 0.334936 -1.739000
v 6.131689 0.370659 -1.689570
v 6.138974 0.427930 -1.649093
v 6.138711 0.467753 -1.639232
v 6.147639 0.525643 -1.587412
v 6.142672 0.558659 -1.595346
v 6.141291 0.605294 -1.583605
v 6.130664 0.691044 -1.589672
v 6.121804 0.711108 -1.614770
v 6.094307 0.822974 -1.664866
v 1.943737 4.625186 3.926726
v 1.998202 4.614916 3.911443
v 2.060206 4.617006 3.876655
v 2.042045 4.585492 3.923386
v 2.019016 4.580455 3.941148
v 1.916423 4.613135 3.954232
v 1.887481 4.638735 3.938172
v 1.902431 4.662184 3.903131
v 1.943737 4.625186 3.926726
v 1.970571 4.815911 3.676070
v 1.939962 4.814608 3.694014
v 1.844164 4.837367 3.713297
v 1.766444 4.871383 3.706609
v 1.785670 4.877407 3.689434
v 1.879585 4.859421 3.666447
v 1.961402 4.829244 3.663461
v 1.970571 4.815911 3.676070
v -2.330185 4.772334 3.519191
v -2.367460 4.762069 3.508201
v -2.444941 4.795466 3.408139
v -2.445259 4.821362 3.371175
v -2.479909 4.846712 3.308938
v -2.475742 4.867221 3.281845
v -2.524862 4.880109 3.224787
v -2.517555 4.918787 3.171291
v -2.500428 4.935108 3.159463
v -2.453488 4.919737 3.219663
v -2.426642 4.909004 3.256183
v -2.378194 4.901491 3.302911
v -2.375613 4.876894 3.340960
v -2.369756 4.842760 3.394343
v -2.329671 4.812810 3.463976
v -2.330185 4.772334 3.519191
v 2.249285 4.929221 3.351588
v 2.251370 4.867028 3.439915
v 2.274388 4.891182 3.390153
v 2.324323 4.875878 3.378309
v 2.320216 4.850833 3.416967
v 2.386155 4.831017 3.399585
v 2.401491 4.848638 3.363509
v 2.475120 4.826384 3.342071
v 2.493278 4.772833 3.404889
v 2.526115 4.785409 3.362774
v 2.560180 4.746251 3.392376
v 2.609618 4.699863 3.419184
v 2.627489 4.633245 3.495566
v 2.601601 4.630405 3.518617
v 2.552111 4.644797 3.535849
v 2.526208 4.706589 3.472166
v 2.503188 4.716100 3.475930
v 2.472545 4.650724 3.584262
v 2.433507 4.653362 3.607480
v 2.455978 4.688889 3.545721
v 2.385184 4.707138 3.569788
v 2.320475 4.702660 3.618015
v 2.195333 4.704950 3.692371
v 2.173034 4.727087 3.677255
v 2.197793 4.753244 3.628500
v 2.158626 4.773305 3.625677
v 2.185112 4.817404 3.550710
v 2.175688 4.931423 3.396630
v 2.185340 4.971249 3.331759
v 2.218725 4.995127 3.273470
v 2.247330 4.992101 3.258539
v 2.249652 4.973309 3.285560
v 2.249285 4.929221 3.351588
v -2.537597 5.156861 2.749004
v -2.537598 5.156861 2.749004
v -2.537597 5.156861 2.749004
v -2.537597 5.156861 2.749004
v -2.486386 5.162079 2.785761
v -2.568930 5.087078 2.848136
v -2.572128 5.032744 2.940287
v -2.592417 5.032876 2.922187
v -2.595949 5.063896 2.864899
v -2.586779 5.094792 2.818033
v -2.592552 5.115510 2.774864
v -2.574536 5.144497 2.737802
v -2.552051 5.165334 2.719559
v -2.537597 5.156861 2.749004
v 0.554179 5.633521 2.923349
v 0.543436 5.605990 2.977784
v 0.519016 5.610475 2.973690
v 0.500483 5.626120 2.947191
v 0.501746 5.629720 2.940093
v 0.516380 5.645261 2.907580
v 0.537533 5.644132 2.905937
v 0.554179 5.633521 2.923349
v 0.411659 5.661931 2.891836
v 0.359071 5.633549 2.953614
v 0.322401 5.634748 2.955557
v 0.308312 5.648721 2.930280
v 0.340938 5.672259 2.880777
v 0.410024 5.671778 2.872709
v 0.411659 5.661931 2.891836
v 0.221512 5.804594 2.616727
v 0.233880 5.784267 2.660300
v 0.256128 5.791436 2.642595
v 0.285750 5.779228 2.666180
v 0.340988 5.763075 2.694500
v 0.399339 5.748221 2.718110
v 0.410534 5.725223 2.764585
v 0.444774 5.729016 2.751398
v 0.484710 5.712794 2.778251
v 0.446523 5.697216 2.816378
v 0.366770 5.709134 2.803730
v 0.333878 5.731174 2.762574
v 0.291477 5.705081 2.820767
v 0.225350 5.679244 2.878375
v 0.203907 5.708420 2.821702
v 0.137578 5.703671 2.835286
v 0.177436 5.727962 2.783631
v 0.178450 5.765738 2.704453
v 0.187904 5.808323 2.611075
v 0.221512 5.804594 2.616727
v 0.604157 5.870984 2.399204
v 0.558261 5.868817 2.415568
v 0.536642 5.889778 2.369002
v 0.541017 5.913257 2.308752
v 0.574386 5.918978 2.285919
v 0.612820 5.907520 2.305494
v 0.624606 5.889521 2.347990
v 0.623600 5.883661 2.362899
v 0.604157 5.870984 2.399204
v -0.223588 5.952122 2.260950
v -0.252086 5.938106 2.294557
v -0.301824 5.950230 2.256836
v -0.335535 5.945874 2.263545
v -0.381438 5.963636 2.208888
v -0.342462 5.975677 2.182577
v -0.309332 5.992222 2.141782
v -0.273316 5.981441 2.176536
v -0.252654 5.974520 2.197936
v -0.243300 5.967150 2.218911
v -0.223588 5.952122 2.260950
v -0.021307 5.967447 2.231313
v -0.022500 5.926671 2.337458
v 0.030906 5.958090 2.256069
v 0.080277 5.932368 2.321681
v 0.070457 5.901800 2.398632
v 0.114146 5.873135 2.466353
v 0.154283 5.903811 2.389739
v 0.177814 5.939214 2.298643
v 0.171092 5.982286 2.184635
v 0.226044 5.979346 2.187685
v 0.284375 5.973679 2.196346
v 0.343573 5.954273 2.240140
v 0.353788 5.934417 2.290670
v 0.331712 5.912593 2.349649
v 0.368981 5.890162 2.399892
v 0.371125 5.869339 2.450056
v 0.295477 5.838661 2.532267
v 0.235366 5.831776 2.554335
v 0.186969 5.845173 2.527575
v 0.177319 5.822739 2.579517
v 0.138327 5.784055 2.667436
v 0.126798 5.763499 2.712129
v 0.073677 5.731033 2.781992
v 0.004166 5.727811 2.789588
v -0.034792 5.707082 2.831544
v -0.038925 5.674593 2.896053
v -0.098134 5.668254 2.907045
v -0.164586 5.626547 2.984044
v -0.229174 5.566730 3.090087
v -0.256241 5.523565 3.164524
v -0.268385 5.458080 3.275206
v -0.185190 5.448496 3.296853
v -0.163541 5.393803 3.386706
v -0.138748 5.348438 3.458988
v -0.053946 5.360345 3.442882
v 0.058396 5.334172 3.483222
v 0.120370 5.310944 3.516962
v 0.166322 5.281745 3.558813
v 0.245840 5.264565 3.579603
v 0.315338 5.238044 3.612907
v 0.419926 5.234389 3.607558
v 0.489518 5.228260 3.607674
v 0.489577 5.172633 3.686980
v 0.521950 5.106586 3.773591
v 0.584413 5.031206 3.864592
v 0.699068 4.965749 3.929667
v 0.746480 4.988344 3.892150
v 0.765389 5.058653 3.796557
v 0.704164 5.163477 3.665011
v 0.650589 5.197538 3.626565
v 0.742949 5.227505 3.565229
v 0.798966 5.271667 3.487236
v 0.817677 5.314786 3.416737
v 0.798398 5.355408 3.357351
v 0.741016 5.405982 3.288753
v 0.656944 5.449790 3.233861
v 0.701435 5.509235 3.121852
v 0.659142 5.559100 3.041641
v 0.609929 5.641858 2.896044
v 0.640113 5.653738 2.866207
v 0.732205 5.639726 2.871761
v 0.786141 5.634685 2.867393
v 0.820312 5.648258 2.830886
v 0.876017 5.630735 2.849046
v 0.954906 5.600288 2.883499
v 0.982257 5.579581 2.914291
v 1.075043 5.575509 2.889224
v 1.101889 5.529708 2.966111
v 1.161945 5.458569 3.073035
v 1.216266 5.449587 3.067954
v 1.276213 5.415373 3.103974
v 1.333001 5.447642 3.022573
v 1.339094 5.510246 2.904077
v 1.353307 5.536011 2.847944
v 1.429807 5.486197 2.906361
v 1.551512 5.412737 2.980727
v 1.662647 5.341198 3.049073
v 1.668774 5.302812 3.112076
v 1.766208 5.267797 3.117765
v 1.841421 5.231800 3.134817
v 1.940440 5.215339 3.102350
v 1.990715 5.194886 3.104812
v 2.053778 5.139851 3.154927
v 2.103100 5.131110 3.136610
v 2.144002 5.106142 3.149636
v 2.204052 5.030439 3.229006
v 2.181188 5.004679 3.284091
v 2.156478 4.980435 3.336842
v 2.075603 4.955693 3.423831
v 2.035204 4.897777 3.529783
v 1.936748 4.886215 3.600493
v 1.793102 4.901205 3.654124
v 1.696525 4.901717 3.699272
v 1.631750 4.896796 3.734759
v 1.600602 4.845381 3.814446
v 1.529026 4.813238 3.883872
v 1.468497 4.715547 4.024522
v 1.411785 4.645911 4.124562
v 1.468262 4.658397 4.090621
v 1.542970 4.756832 3.947333
v 1.658715 4.817951 3.824350
v 1.754466 4.825196 3.772131
v 1.830460 4.789420 3.781602
v 1.791381 4.739844 3.861927
v 1.850360 4.658921 3.931954
v 1.899001 4.601296 3.976370
v 2.006676 4.562708 3.967946
v 2.114769 4.573927 3.898280
v 2.138071 4.660056 3.781822
v 2.171581 4.604690 3.830236
v 2.229208 4.576761 3.830605
v 2.171192 4.525785 3.923371
v 2.038991 4.478967 4.046111
v 1.982340 4.446860 4.109186
v 1.924975 4.389154 4.197552
v 1.866899 4.395069 4.217546
v 1.837633 4.462726 4.158945
v 1.934791 4.527881 4.042836
v 1.822165 4.525320 4.097662
v 1.746078 4.515778 4.141087
v 1.681780 4.559897 4.119296
v 1.640351 4.664484 4.017646
v 1.600441 4.686276 4.008373
v 1.558414 4.673460 4.039773
v 1.527349 4.693269 4.028656
v 1.494599 4.636112 4.106371
v 1.493798 4.576343 4.173163
v 1.479902 4.541000 4.216497
v 1.452569 4.528913 4.238942
v 1.430124 4.524982 4.250755
v 1.428868 4.505622 4.271691
v 1.290784 4.505558 4.315492
v 1.176062 4.505015 4.348719
v 1.145441 4.490522 4.371821
v 1.077826 4.433366 4.446707
v 1.069527 4.427145 4.454901
v 1.051468 4.395883 4.490018
v 0.979404 4.395905 4.506265
v 0.902059 4.395586 4.522693
v 0.868685 4.382791 4.541604
v 0.884354 4.366920 4.553852
v 0.895961 4.342164 4.575205
v 0.895888 4.333908 4.583042
v 0.797374 4.293204 4.639206
v 0.715610 4.280275 4.664417
v 0.626131 4.236115 4.717301
v 0.605475 4.236115 4.719997
v 0.576062 4.249196 4.711913
v 0.565567 4.261021 4.702497
v 0.566443 4.269638 4.694569
v 0.581230 4.298443 4.666390
v 0.614024 4.343385 4.620349
v 0.631428 4.391237 4.572524
v 0.606504 4.460732 4.508178
v 0.580494 4.532218 4.439782
v 0.495505 4.568747 4.412558
v 0.503385 4.582503 4.397375
v 0.491045 4.591936 4.388922
v 0.470003 4.591936 4.391226
v 0.453279 4.604135 4.380196
v 0.447490 4.622296 4.361625
v 0.433498 4.614371 4.371418
v 0.412797 4.616734 4.370927
v 0.416702 4.624320 4.362530
v 0.398045 4.631841 4.356289
v 0.388779 4.651870 4.335735
v 0.328026 4.676120 4.314619
v 0.265344 4.701199 4.291616
v 0.190647 4.730109 4.263727
v 0.119948 4.757048 4.236243
v 0.054076 4.736049 4.261051
v 0.029756 4.735320 4.262101
v -0.061429 4.754612 4.240228
v -0.121674 4.744978 4.249708
v -0.192428 4.767911 4.221331
v -0.266767 4.779638 4.203990
v -0.317593 4.784156 4.195310
v -0.339205 4.796564 4.179420
v -0.348281 4.836525 4.132356
v -0.372725 4.836178 4.130630
v -0.375848 4.808255 4.162819
v -0.525933 4.808306 4.146472
v -0.772456 4.808255 4.107754
v -1.014592 4.808245 4.054754
v -1.225529 4.808255 3.996049
v -1.432986 4.808255 3.926433
v -1.633159 4.808255 3.847482
v -1.835441 4.808255 3.755194
v -1.899596 4.808255 3.723152
v -2.089876 4.808255 3.619771
v -2.266658 4.808255 3.511778
v -2.274762 4.808440 3.506281
v -2.344405 4.879365 3.359345
v -2.364609 4.910113 3.299856
v -2.446079 4.939322 3.195221
v -2.429765 5.000901 3.110767
v -2.389014 5.042898 3.074319
v -2.433348 5.071691 2.991055
v -2.397049 5.125443 2.928077
v -2.415947 5.172977 2.827215
v -2.386661 5.206208 2.790857
v -2.331224 5.236930 2.780215
v -2.295363 5.276559 2.734753
v -2.336351 5.315883 2.621544
v -2.310480 5.384741 2.501178
v -2.291164 5.426951 2.426605
v -2.299765 5.453043 2.359035
v -2.299764 5.476447 2.304183
v -2.285672 5.505611 2.248019
v -2.347238 5.487400 2.229025
v -2.424062 5.455565 2.224944
v -2.411362 5.492941 2.145360
v -2.405549 5.517448 2.088239
v -2.420246 5.532774 2.029892
v -2.452557 5.534403 1.986199
v -2.013617 5.820199 1.631032
v -1.716434 5.975753 1.390636
v -1.689244 5.966409 1.462210
v -1.685336 5.947443 1.541819
v -1.663921 5.943769 1.578805
v -1.608568 5.960308 1.573810
v -1.552184 5.972486 1.584228
v -1.519260 5.967746 1.633246
v -1.445736 5.984669 1.638057
v -1.381690 5.994114 1.658667
v -1.389015 5.978343 1.708712
v -1.351507 5.987271 1.707530
v -1.314401 6.004969 1.674019
v -1.300908 6.000997 1.698620
v -1.304943 5.966782 1.812258
v -1.222487 5.992783 1.783738
v -1.262875 5.963623 1.852022
v -1.213556 5.970016 1.864358
v -1.184809 5.981268 1.846699
v -1.148655 5.979054 1.876473
v -1.120006 5.962769 1.944381
v -1.057332 5.948290 2.022259
v -1.016241 5.941503 2.062872
v -0.977979 5.944084 2.073902
v -0.950156 5.923561 2.144358
v -1.024415 5.903023 2.166687
v -0.964362 5.894011 2.218171
v -0.854520 5.898979 2.249775
v -0.814832 5.906298 2.245291
v -0.792878 5.880979 2.318420
v -0.732823 5.902385 2.283520
v -0.759265 5.919982 2.228670
v -0.723058 5.933942 2.203444
v -0.674697 5.935805 2.213740
v -0.640839 5.939835 2.212990
v -0.616145 5.930182 2.245651
v -0.590563 5.907838 2.310482
v -0.543538 5.911151 2.313546
v -0.481171 5.892268 2.374720
v -0.413852 5.898959 2.370790
v -0.353727 5.897950 2.383003
v -0.348972 5.923767 2.318802
v -0.310536 5.930890 2.306026
v -0.251803 5.917008 2.348457
v -0.262438 5.877206 2.445244
v -0.227414 5.910859 2.366362
v -0.194396 5.909743 2.372084
v -0.167990 5.950587 2.269786
v -0.204464 5.974739 2.202347
v -0.244529 5.990188 2.155805
v -0.228609 6.030917 2.040937
v -0.179497 6.056445 1.968985
v -0.135281 6.050886 1.989501
v -0.102467 6.035343 2.038083
v -0.057256 5.994023 2.158251
v -0.092826 5.975289 2.208380
v -0.021307 5.967447 2.231313
v -0.757301 6.096552 1.687657
v -0.792762 6.081217 1.726258
v -0.712863 6.091166 1.726026
v -0.690022 6.074470 1.792854
v -0.636055 6.091353 1.755135
v -0.619322 6.080573 1.797975
v -0.626041 6.047073 1.905420
v -0.596002 6.061427 1.869097
v -0.584843 6.095521 1.758473
v -0.553077 6.100238 1.752383
v -0.527440 6.095083 1.778034
v -0.503967 6.081874 1.829335
v -0.510199 6.048734 1.934465
v -0.518286 6.023644 2.009161
v -0.470686 6.005486 2.074183
v -0.414573 5.987706 2.136620
v -0.427448 5.970821 2.180876
v -0.491606 5.967695 2.175909
v -0.475729 5.952595 2.220347
v -0.496971 5.937936 2.254679
v -0.563919 5.944247 2.222062
v -0.622651 5.954984 2.177179
v -0.668555 5.952579 2.170134
v -0.750755 5.939030 2.180350
v -0.852126 5.932975 2.159473
v -0.922629 5.929138 2.140963
v -0.923050 5.948137 2.087410
v -0.960448 5.958927 2.039207
v -0.997048 5.954518 2.034514
v -1.002673 5.985259 1.939320
v -0.975090 5.989309 1.940882
v -0.914868 5.995755 1.950276
v -0.868503 5.994064 1.976497
v -0.816307 6.000593 1.978931
v -0.872529 6.009272 1.927950
v -0.947528 6.006328 1.901541
v -0.993306 6.007073 1.875649
v -0.992112 6.020604 1.832397
v -0.898625 6.035004 1.833260
v -0.948334 6.034506 1.809709
v -0.989413 6.043834 1.755783
v -0.925718 6.069672 1.700522
v -0.885252 6.082977 1.674322
v -0.778529 6.102753 1.655276
v -0.757301 6.096552 1.687657
v -0.455188 6.106108 1.760082
v -0.500789 6.084762 1.820584
v -0.528466 6.107376 1.735029
v -0.513895 6.111789 1.723828
v -0.472320 6.113044 1.731258
v -0.455188 6.106108 1.760082
v 0.437316 6.095946 1.799399
v 0.447079 6.086945 1.827254
v 0.412422 6.087902 1.832212
v 0.377451 6.088594 1.837444
v 0.344888 6.084175 1.858362
v 0.334347 6.086174 1.853737
v 0.289745 6.103346 1.804121
v 0.284960 6.114707 1.766013
v 0.298580 6.116780 1.756557
v 0.370866 6.113417 1.754488
v 0.437316 6.095946 1.799399
v 0.110693 6.097713 1.842629
v 0.140897 6.077271 1.906979
v 0.163948 6.103573 1.819111
v 0.238375 6.116507 1.766680
v 0.309144 6.083328 1.867403
v 0.315445 6.061305 1.936678
v 0.376128 6.071168 1.894490
v 0.398464 6.084419 1.846810
v 0.483003 6.067499 1.881968
v 0.541793 6.051130 1.918314
v 0.558735 6.035775 1.961345
v 0.614728 6.043775 1.919513
v 0.671151 6.020997 1.971494
v 0.768594 6.006497 1.980125
v 0.814476 5.991406 2.007318
v 0.885676 5.955225 2.083391
v 0.835949 5.936620 2.155776
v 0.950809 5.909882 2.181490
v 1.020497 5.900717 2.174803
v 1.116934 5.861424 2.232892
v 1.181007 5.858529 2.207375
v 1.202423 5.827423 2.277051
v 1.183817 5.774024 2.418442
v 1.113482 5.793948 2.404157
v 1.008502 5.837614 2.344104
v 0.960094 5.832019 2.378111
v 0.976516 5.806083 2.434227
v 1.043908 5.779173 2.470031
v 1.121171 5.757456 2.486829
v 1.150154 5.744745 2.502936
v 1.220790 5.696304 2.579036
v 1.235354 5.660063 2.650892
v 1.165924 5.673828 2.652910
v 1.019921 5.713763 2.627225
v 1.117360 5.670733 2.680286
v 1.189820 5.639813 2.714127
v 1.211390 5.621648 2.742125
v 1.066155 5.642400 2.759759
v 0.943422 5.672088 2.743540
v 0.870437 5.696549 2.716857
v 0.878242 5.710529 2.684808
v 0.793352 5.735639 2.657571
v 0.712833 5.758915 2.629906
v 0.721188 5.745051 2.657804
v 0.589601 5.737360 2.706421
v 0.542747 5.753856 2.681083
v 0.557982 5.788533 2.602150
v 0.642570 5.789358 2.580713
v 0.731283 5.795276 2.543550
v 0.706651 5.811654 2.512960
v 0.707923 5.834159 2.459893
v 0.733600 5.876828 2.348268
v 0.708983 5.895647 2.308319
v 0.683300 5.909976 2.279237
v 0.609025 5.929914 2.248300
v 0.521162 5.943636 2.234104
v 0.539848 5.953710 2.202623
v 0.484811 5.977969 2.149067
v 0.450482 5.980155 2.150453
v 0.414029 5.993103 2.121542
v 0.399817 5.981891 2.155635
v 0.333446 5.976955 2.180474
v 0.192315 5.985512 2.174007
v 0.110367 5.996608 2.148988
v 0.049143 6.002249 2.135471
v 0.017827 6.015232 2.099120
v 0.054850 6.031754 2.050507
v 0.004003 6.031910 2.050777
v -0.006960 6.067207 1.943859
v 0.018181 6.096811 1.848839
v 0.050151 6.109836 1.804725
v 0.129339 6.118149 1.772332
v 0.110693 6.097713 1.842629
v -0.318692 6.119391 1.743884
v -0.285907 6.112837 1.772323
v -0.228861 6.116789 1.766963
v -0.224675 6.107692 1.798682
v -0.261104 6.092309 1.845327
v -0.217478 6.078134 1.897007
v -0.234581 6.047392 1.990896
v -0.297386 6.033708 2.023751
v -0.329938 6.036684 2.009783
v -0.347181 6.050125 1.965986
v -0.414425 6.076465 1.869349
v -0.406432 6.087064 1.836329
v -0.343142 6.082975 1.862607
v -0.364971 6.104201 1.787503
v -0.318692 6.119391 1.743884
v -0.105210 6.085157 1.883995
v -0.146360 6.060026 1.960691
v -0.184996 6.061304 1.953462
v -0.196464 6.090673 1.858696
v -0.190413 6.106661 1.806122
v -0.169593 6.119964 1.762647
v -0.136760 6.128316 1.736283
v -0.073698 6.127255 1.743835
v -0.015761 6.119788 1.771324
v -0.065262 6.091519 1.865148
v -0.105210 6.085157 1.883995
v -1.031017 6.037651 1.753117
v -1.138129 6.020329 1.746407
v -1.128632 6.036101 1.697443
v -1.163370 6.054653 1.605424
v -1.125295 6.069145 1.577605
v -1.061893 6.093351 1.527450
v -0.999547 6.114295 1.485242
v -0.987259 6.133091 1.414269
v -0.893415 6.137770 1.455759
v -0.868006 6.131541 1.496800
v -0.803192 6.129860 1.539267
v -0.790846 6.121003 1.580357
v -0.780441 6.107856 1.635434
v -0.828237 6.099819 1.641913
v -0.934188 6.076799 1.670164
v -1.007675 6.052966 1.713427
v -1.031017 6.037651 1.753117
v -0.104039 6.153337 1.647803
v -0.122699 6.142026 1.688225
v -0.164651 6.144222 1.676624
v -0.196762 6.151826 1.644983
v -0.176169 6.164653 1.598642
v -0.133550 6.172147 1.573661
v -0.112175 6.162364 1.613174
v -0.104039 6.153337 1.647803
v -0.216316 6.200634 1.447407
v -0.203731 6.188594 1.499814
v -0.210337 6.174791 1.554787
v -0.234047 6.153913 1.632242
v -0.282789 6.150952 1.635684
v -0.310181 6.155561 1.613225
v -0.297769 6.171969 1.551702
v -0.343828 6.169841 1.550640
v -0.327409 6.190702 1.468895
v -0.300445 6.189881 1.478090
v -0.255098 6.198747 1.449172
v -0.220382 6.197261 1.461174
v -0.216316 6.200634 1.447407
v -0.474885 6.187141 1.443402
v -0.476760 6.177576 1.483205
v -0.448397 6.182099 1.473172
v -0.422661 6.180930 1.485632
v -0.432385 6.167498 1.537744
v -0.463015 6.154065 1.582006
v -0.561278 6.149575 1.567587
v -0.647302 6.136816 1.584341
v -0.690099 6.136137 1.568829
v -0.679448 6.145790 1.535335
v -0.605725 6.158565 1.514864
v -0.728843 6.155162 1.473911
v -0.755657 6.160262 1.438679
v -0.674474 6.187071 1.361940
v -0.639041 6.194420 1.345522
v -0.586214 6.185537 1.408943
v -0.564945 6.169436 1.486116
v -0.522045 6.167322 1.510380
v -0.523447 6.193142 1.400226
v -0.487782 6.202523 1.371283
v -0.466981 6.199568 1.391737
v -0.474885 6.187141 1.443402
v -0.116168 6.210151 1.417805
v -0.090848 6.202069 1.454555
v -0.040814 6.202125 1.456577
v -0.019327 6.193658 1.492604
v -0.025948 6.183740 1.533078
v 0.004833 6.177637 1.557695
v 0.022463 6.171124 1.583149
v 0.059901 6.169907 1.586914
v 0.100859 6.167579 1.593875
v 0.142914 6.173577 1.567214
v 0.197351 6.175908 1.552047
v 0.242450 6.173983 1.553316
v 0.278453 6.163501 1.588508
v 0.292497 6.151696 1.631174
v 0.279448 6.143941 1.662390
v 0.239321 6.137577 1.691898
v 0.199930 6.141188 1.683887
v 0.116533 6.136609 1.708244
v 0.055326 6.136079 1.713219
v 0.006985 6.139752 1.700895
v -0.070432 6.149220 1.664866
v -0.077630 6.164906 1.605476
v -0.078345 6.178584 1.551966
v -0.102325 6.190246 1.503338
v -0.155152 6.193444 1.485537
v -0.181013 6.201427 1.448855
v -0.166275 6.211724 1.405873
v -0.116168 6.210151 1.417805
v -0.601813 6.223458 1.223122
v -0.641709 6.204620 1.296358
v -0.676183 6.195747 1.321034
v -0.700119 6.194480 1.314495
v -0.765433 6.183183 1.331166
v -0.810954 6.179055 1.323357
v -0.829345 6.184876 1.284186
v -0.829345 6.184876 1.284186
v -0.749102 6.204305 1.238985
v -0.670063 6.220276 1.203671
v -0.638303 6.219941 1.222513
v -0.601813 6.223458 1.223122
v -0.092203 6.220463 1.373675
v -0.103356 6.219773 1.376000
v -0.147555 6.221305 1.365001
v -0.150502 6.227929 1.334124
v -0.103652 6.227586 1.340174
v -0.088536 6.223198 1.361474
v -0.092203 6.220463 1.373675
v -0.468466 6.224687 1.274149
v -0.521400 6.217789 1.287197
v -0.540536 6.225519 1.241117
v -0.509552 6.232956 1.216658
v -0.474363 6.235292 1.218914
v -0.450014 6.231693 1.246245
v -0.468466 6.224687 1.274149
v -0.423661 6.245351 1.185641
v -0.456346 6.241029 1.196224
v -0.490783 6.241051 1.182397
v -0.484494 6.244219 1.168178
v -0.451535 6.250743 1.146287
v -0.442562 6.249761 1.155104
v -0.423661 6.245351 1.185641
v -0.133927 6.233092 1.311592
v -0.170603 6.228303 1.329953
v -0.185921 6.233687 1.302389
v -0.189581 6.242170 1.260561
v -0.184550 6.251214 1.215692
v -0.157590 6.250355 1.223874
v -0.145982 6.248926 1.232581
v -0.123911 6.241283 1.273056
v -0.133927 6.233092 1.311592
v -0.225212 6.239186 1.269440
v -0.224209 6.229633 1.315692
v -0.259236 6.232217 1.296885
v -0.288470 6.239602 1.254512
v -0.335928 6.240434 1.238459
v -0.307060 6.247004 1.212560
v -0.325592 6.252208 1.180478
v -0.315912 6.260259 1.139736
v -0.280167 6.257429 1.164358
v -0.232402 6.249675 1.215397
v -0.225212 6.239186 1.269440
v 0.059449 6.267535 1.141978
v 0.086042 6.260987 1.175706
v 0.059437 6.254779 1.209895
v 0.021774 6.238340 1.293165
v -0.018266 6.236712 1.301047
v -0.064602 6.239604 1.285617
v -0.085637 6.248604 1.239858
v -0.082587 6.256347 1.200390
v -0.064421 6.261874 1.172360
v -0.101874 6.261717 1.170537
v -0.120521 6.268431 1.132203
v -0.127242 6.277233 1.081573
v -0.109037 6.285494 1.034564
v -0.093411 6.290942 1.002482
v -0.074887 6.292167 0.996330
v -0.080405 6.296113 0.970638
v -0.040717 6.296976 0.967510
v -0.020305 6.287679 1.026804
v 0.010084 6.283797 1.050448
v 0.040936 6.280291 1.070471
v 0.059449 6.267535 1.141978
v 0.280261 6.324941 0.711485
v 0.316672 6.323890 0.705529
v 0.349149 6.322147 0.705830
v 0.385636 6.318346 0.720717
v 0.398948 6.314469 0.746971
v 0.387485 6.307875 0.806358
v 0.361895 6.304674 0.842473
v 0.357918 6.301043 0.870856
v 0.390509 6.301128 0.856113
v 0.380070 6.290813 0.933196
v 0.364276 6.285757 0.972732
v 0.363955 6.270310 1.067889
v 0.330512 6.267018 1.097673
v 0.324478 6.262897 1.122708
v 0.267375 6.260702 1.149677
v 0.298379 6.258103 1.156181
v 0.289054 6.254351 1.178635
v 0.319603 6.243672 1.226400
v 0.308039 6.235976 1.267814
v 0.280205 6.229455 1.305763
v 0.277965 6.220189 1.349678
v 0.250748 6.212915 1.387968
v 0.258555 6.207295 1.411480
v 0.299651 6.208263 1.399044
v 0.305729 6.202111 1.424777
v 0.249607 6.186516 1.501453
v 0.177351 6.193773 1.481674
v 0.102324 6.189713 1.505530
v 0.062643 6.192886 1.494617
v 0.013247 6.194251 1.490207
v 0.009637 6.206512 1.438317
v 0.055078 6.212142 1.412762
v 0.040551 6.229457 1.334864
v 0.054447 6.231089 1.326727
v 0.120381 6.220913 1.369451
v 0.083307 6.235909 1.302359
v 0.045669 6.240243 1.283326
v 0.061710 6.248771 1.240441
v 0.097971 6.253881 1.212029
v 0.100718 6.261162 1.173604
v 0.069156 6.269051 1.133075
v 0.057741 6.279005 1.077220
v 0.109523 6.278192 1.077939
v 0.125732 6.276132 1.088120
v 0.149654 6.282971 1.044756
v 0.107186 6.285088 1.037220
v 0.043978 6.283924 1.048812
v 0.011192 6.290032 1.012428
v -0.003379 6.297020 0.968073
v -0.022340 6.301890 0.935587
v -0.024879 6.307351 0.897966
v -0.001531 6.310306 0.877310
v 0.016281 6.310803 0.873579
v 0.045237 6.313250 0.854676
v 0.063928 6.318683 0.812281
v 0.082067 6.317937 0.816442
v 0.101107 6.313852 0.845398
v 0.104457 6.321595 0.784959
v 0.119780 6.323782 0.764900
v 0.141395 6.325264 0.748785
v 0.180032 6.325815 0.735730
v 0.189787 6.324375 0.745585
v 0.221588 6.326620 0.717232
v 0.250854 6.325785 0.714957
v 0.280261 6.324941 0.711485
v 4.241956 4.699076 -0.717033
v 4.255799 4.685729 -0.722331
v 4.277419 4.667243 -0.714257
v 4.286234 4.653438 -0.750569
v 4.281550 4.651373 -0.789110
v 4.315268 4.620102 -0.789149
v 4.334587 4.607168 -0.758287
v 4.334060 4.616782 -0.700636
v 4.368669 4.585766 -0.689296
v 4.376763 4.583312 -0.653327
v 4.366158 4.595535 -0.638248
v 4.399071 4.569336 -0.599156
v 4.407717 4.565650 -0.562597
v 4.394839 4.582230 -0.527444
v 4.362948 4.615974 -0.497103
v 4.379476 4.603948 -0.462049
v 4.343039 4.638606 -0.459337
v 4.291438 4.681214 -0.509347
v 4.271065 4.700333 -0.504499
v 4.274403 4.693418 -0.539392
v 4.257876 4.706242 -0.558047
v 4.249693 4.705717 -0.621274
v 4.229763 4.721968 -0.633849
v 4.241956 4.699076 -0.717033
v 1.408615 -5.063671 3.600650
v 1.335700 -5.210481 3.414152
v 1.399259 -5.210514 3.388549
v 1.433860 -5.212228 3.371404
v 1.400115 -5.237958 3.345611
v 1.339295 -5.257541 3.339789
v 1.311667 -5.255542 3.353870
v 1.279570 -5.250449 3.374186
v 1.246139 -5.231442 3.415962
v 1.187770 -5.222249 3.450647
v 1.127173 -5.186416 3.524232
v 1.078127 -5.151469 3.590215
v 1.017964 -5.077211 3.711511
v 1.066076 -5.091279 3.678587
v 1.137892 -5.135583 3.594528
v 1.210355 -5.159101 3.536716
v 1.255833 -5.129023 3.564499
v 1.296588 -5.083501 3.614764
v 1.367463 -5.055693 3.627624
v 1.408615 -5.063671 3.600650
v 2.199526 -2.334394 5.504755
v 2.215268 -2.476334 5.435991
v 2.285841 -2.462292 5.413103
v 2.293080 -2.487951 5.398289
v 2.242943 -2.593889 5.369412
v 2.132176 -2.643888 5.390113
v 2.105929 -2.811339 5.315174
v 2.080748 -2.843414 5.308025
v 2.101192 -2.882396 5.278866
v 2.024685 -2.943893 5.274826
v 1.947247 -3.035985 5.251730
v 1.897749 -3.124440 5.217860
v 1.887952 -3.217834 5.164380
v 1.812770 -3.316031 5.129079
v 1.819066 -3.478397 5.018107
v 1.837949 -3.495397 4.999378
v 1.818135 -3.580442 4.946156
v 1.748046 -3.669696 4.905845
v 1.731874 -3.745238 4.854220
v 1.653661 -3.803735 4.835974
v 1.633987 -3.885193 4.777552
v 1.637317 -3.970651 4.705610
v 1.579995 -4.002139 4.698525
v 1.538287 -4.078836 4.646117
v 1.496347 -4.165664 4.582339
v 1.481750 -4.267276 4.492707
v 1.445530 -4.284051 4.488540
v 1.436736 -4.378126 4.399709
v 1.462111 -4.408650 4.360697
v 1.426879 -4.442211 4.338251
v 1.456970 -4.458153 4.311816
v 1.455554 -4.487981 4.281241
v 1.418216 -4.502908 4.278098
v 1.411552 -4.548849 4.231445
v 1.351553 -4.650712 4.139303
v 1.292156 -4.715072 4.085103
v 1.287756 -4.752705 4.042663
v 1.249592 -4.799389 3.999253
v 1.185381 -4.831410 3.980199
v 1.165596 -4.907436 3.892056
v 1.180387 -4.933054 3.855036
v 1.226787 -4.928516 3.846344
v 1.205823 -4.980867 3.785049
v 1.217382 -5.021034 3.727846
v 1.369366 -5.030174 3.662216
v 1.423393 -5.040847 3.626769
v 1.367136 -5.040338 3.649051
v 1.328989 -5.057021 3.640051
v 1.261013 -5.081354 3.630335
v 1.223667 -5.143327 3.555062
v 1.196695 -5.144849 3.562034
v 1.135062 -5.123449 3.612693
v 1.080051 -5.077049 3.694145
v 1.080051 -5.077049 3.694145
v 1.012716 -5.038351 3.765510
v 1.006224 -4.994938 3.824624
v 1.038316 -4.954232 3.868737
v 1.018654 -4.907407 3.933109
v 1.045684 -4.784379 4.075035
v 1.096287 -4.713082 4.144232
v 1.189768 -4.654845 4.184078
v 1.084383 -4.632646 4.237021
v 1.173373 -4.564644 4.286824
v 1.234007 -4.433903 4.405379
v 1.311342 -4.461920 4.354457
v 1.398034 -4.294614 4.493488
v 1.350989 -4.272734 4.528599
v 1.299838 -4.374669 4.445485
v 1.253733 -4.363272 4.469860
v 1.307795 -4.246048 4.566222
v 1.372818 -4.090275 4.687714
v 1.424356 -4.031714 4.722937
v 1.419893 -3.947118 4.795185
v 1.434640 -3.848028 4.870742
v 1.471052 -3.845147 4.862149
v 1.554920 -3.700459 4.947572
v 1.646041 -3.554233 5.024701
v 1.711970 -3.415527 5.098331
v 1.718975 -3.273741 5.188197
v 1.760870 -3.194710 5.223295
v 1.771384 -3.075238 5.291007
v 1.846315 -2.955637 5.333383
v 1.894950 -2.763436 5.418693
v 1.957602 -2.553578 5.498789
v 2.019993 -2.323938 5.577507
v 2.034572 -2.153544 5.640249
v 2.031240 -2.005510 5.695756
v 2.085323 -1.978547 5.685633
v 2.117986 -1.924280 5.692181
v 2.158305 -1.996236 5.652115
v 2.162267 -2.072269 5.623162
v 2.207973 -2.116730 5.588734
v 2.163959 -2.217903 5.566672
v 2.199526 -2.334394 5.504755
v -2.097783 2.040350 -5.659145
v -2.017848 1.989643 -5.706071
v -1.932509 2.022358 -5.724082
v -1.919697 2.112830 -5.695643
v -1.963083 2.160300 -5.662954
v -2.067029 2.189587 -5.614512
v -2.123586 2.187110 -5.594334
v -2.150567 2.147208 -5.599482
v -2.113294 2.101076 -5.631084
v -2.097783 2.040350 -5.659145
v -2.514370 4.863292 -3.258217
v -2.629347 4.840254 -3.201268
v -2.733821 4.788482 -3.191599
v -2.807442 4.718929 -3.231040
v -2.892191 4.718842 -3.155535
v -2.917223 4.748200 -3.087725
v -2.987741 4.769993 -2.984998
v -3.012377 4.703082 -3.065330
v -3.012375 4.675535 -3.107188
v -3.055027 4.591936 -3.189134
v -3.070219 4.516290 -3.281237
v -2.990696 4.530158 -3.335123
v -2.958680 4.502457 -3.400549
v -3.018353 4.434580 -3.437104
v -3.069239 4.339315 -3.512800
v -3.039129 4.337118 -3.541574
v -3.064435 4.295571 -3.570288
v -2.995395 4.343823 -3.570498
v -2.997483 4.298031 -3.623764
v -2.918557 4.262559 -3.728573
v -2.952861 4.218784 -3.751281
v -2.894291 4.221815 -3.793283
v -2.848866 4.247852 -3.798600
v -2.833939 4.188752 -3.874634
v -2.781352 4.143534 -3.960410
v -2.750728 4.089106 -4.037617
v -2.662623 4.064265 -4.120901
v -2.627001 4.024112 -4.182706
v -2.557792 4.000534 -4.247714
v -2.580049 4.040504 -4.196108
v -2.550351 4.073888 -4.181960
v -2.582276 4.131072 -4.105574
v -2.524392 4.175251 -4.096872
v -2.474883 4.145524 -4.156828
v -2.417200 4.086510 -4.248202
v -2.393571 4.031167 -4.313949
v -2.320972 4.027027 -4.357268
v -2.297177 3.986686 -4.406694
v -2.359579 3.927764 -4.426590
v -2.427993 3.913376 -4.402269
v -2.445313 3.873871 -4.427551
v -2.515968 3.848037 -4.410460
v -2.576972 3.911016 -4.318890
v -2.657489 3.876754 -4.300951
v -2.706826 3.874403 -4.272205
v -2.737829 3.827999 -4.294224
v -2.640498 3.803129 -4.376485
v -2.622874 3.754798 -4.428506
v -2.563510 3.709591 -4.500777
v -2.544968 3.646040 -4.562803
v -2.647711 3.595764 -4.544199
v -2.709850 3.504952 -4.578391
v -2.787043 3.419414 -4.596699
v -2.865305 3.347039 -4.601847
v -2.886686 3.276479 -4.639113
v -2.843766 3.250400 -4.683753
v -2.878987 3.199252 -4.697431
v -2.936255 3.169358 -4.682223
v -2.947223 3.090475 -4.727841
v -2.948408 3.013121 -4.776781
v -2.904122 3.004315 -4.809346
v -2.870805 2.897644 -4.894055
v -2.833367 2.766927 -4.990569
v -2.779153 2.646805 -5.085310
v -2.675498 2.553120 -5.187767
v -2.564888 2.467106 -5.284352
v -2.462530 2.455332 -5.338252
v -2.413156 2.409670 -5.381432
v -2.375088 2.443041 -5.383321
v -2.330096 2.391913 -5.425776
v -2.204774 2.340202 -5.500188
v -2.105043 2.324334 -5.545801
v -2.086570 2.214606 -5.597445
v -2.033103 2.208497 -5.619491
v -1.997807 2.284016 -5.601935
v -2.015659 2.324118 -5.578999
v -1.880322 2.357228 -5.612264
v -1.836032 2.340397 -5.633930
v -1.733633 2.367213 -5.655127
v -1.681749 2.409098 -5.653106
v -1.690288 2.468274 -5.624961
v -1.598179 2.486983 -5.643614
v -1.546304 2.525336 -5.641034
v -1.468026 2.470825 -5.685909
v -1.372486 2.458993 -5.714830
v -1.292761 2.459510 -5.733169
v -1.241213 2.434455 -5.755212
v -1.190343 2.419387 -5.772286
v -1.215200 2.301253 -5.815253
v -1.160827 2.304081 -5.825232
v -1.149832 2.328416 -5.817732
v -1.143510 2.371144 -5.801698
v -1.071310 2.341065 -5.827637
v -1.025925 2.360092 -5.828129
v -0.947801 2.398811 -5.825549
v -0.971523 2.484131 -5.785748
v -0.906216 2.503949 -5.787802
v -0.875946 2.597746 -5.751006
v -0.770846 2.580893 -5.773597
v -0.775576 2.700927 -5.717790
v -0.863967 2.784735 -5.664667
v -0.861784 2.866935 -5.623847
v -0.853041 2.942670 -5.585934
v -0.808702 2.966157 -5.580104
v -0.771900 3.023935 -5.554244
v -0.715663 3.016654 -5.565722
v -0.609939 3.031281 -5.570364
v -0.640200 3.072271 -5.544451
v -0.591215 3.132662 -5.516025
v -0.524694 3.091806 -5.545725
v -0.442392 3.115668 -5.539544
v -0.332910 3.053712 -5.581546
v -0.245911 2.980874 -5.625261
v -0.166904 2.968569 -5.634659
v -0.123537 2.994990 -5.621780
v -0.071676 2.997379 -5.621408
v -0.001550 3.020067 -5.609709
v 0.051443 2.995201 -5.622790
v 0.117156 2.921989 -5.660203
v 0.124545 2.999528 -5.619338
v 0.184712 2.978875 -5.628661
v 0.298934 2.988476 -5.618656
v 0.408924 3.010971 -5.599685
v 0.486187 3.053921 -5.570173
v 0.560625 3.073139 -5.552581
v 0.590378 3.119817 -5.523390
v 0.643606 3.133720 -5.509556
v 0.735779 3.196594 -5.461690
v 0.809588 3.226120 -5.433816
v 0.850955 3.203152 -5.441078
v 0.975634 3.270122 -5.379970
v 1.060616 3.330346 -5.326681
v 1.073657 3.434210 -5.257671
v 1.009227 3.421615 -5.278604
v 1.000459 3.469373 -5.249017
v 1.030824 3.516965 -5.211334
v 1.011887 3.592239 -5.163482
v 1.092852 3.699116 -5.070686
v 1.231668 3.735634 -5.011753
v 1.245219 3.804510 -4.956287
v 1.301055 3.845967 -4.909729
v 1.311295 3.871357 -4.886997
v 1.313942 3.921504 -4.846133
v 1.304017 3.955489 -4.821129
v 1.350769 3.975302 -4.791872
v 1.380166 3.966547 -4.790750
v 1.383157 4.046552 -4.722493
v 1.355204 4.066167 -4.713740
v 1.361897 4.086161 -4.694482
v 1.274605 4.126328 -4.683849
v 1.214485 4.142879 -4.685212
v 1.129980 4.131538 -4.716268
v 1.088331 4.185329 -4.678483
v 0.981548 4.195282 -4.693167
v 0.946535 4.228397 -4.670585
v 0.810845 4.273263 -4.655255
v 0.796564 4.291873 -4.640577
v 0.795707 4.338507 -4.597157
v 0.737469 4.359658 -4.586847
v 0.786035 4.498487 -4.442455
v 0.627591 4.529835 -4.435805
v 0.585625 4.547208 -4.423753
v 0.512741 4.684405 -4.287551
v 0.366273 4.659527 -4.329468
v 0.321475 4.693659 -4.296028
v 0.311785 4.768335 -4.213717
v 0.250212 4.775219 -4.210026
v 0.191691 4.823904 -4.157264
v 0.163023 4.829871 -4.151556
v 0.146024 4.778918 -4.210731
v 0.085125 4.739712 -4.256468
v -0.021018 4.711707 -4.288242
v -0.073772 4.650963 -4.353475
v -0.045474 4.561209 -4.447802
v -0.073969 4.527414 -4.481818
v -0.167405 4.514016 -4.492802
v -0.273627 4.503048 -4.498591
v -0.372403 4.453767 -4.540366
v -0.422146 4.444932 -4.544668
v -0.465390 4.370922 -4.611734
v -0.517590 4.322650 -4.651499
v -0.606755 4.324549 -4.638940
v -0.776233 4.306209 -4.630731
v -0.881541 4.317597 -4.601183
v -0.962980 4.305404 -4.596282
v -1.091759 4.255379 -4.614049
v -1.188934 4.255452 -4.589903
v -1.230309 4.229659 -4.602822
v -1.312514 4.274119 -4.538596
v -1.432022 4.302670 -4.475041
v -1.547644 4.305779 -4.433363
v -1.628480 4.334529 -4.376020
v -1.668477 4.377987 -4.317298
v -1.711505 4.405077 -4.272668
v -1.690031 4.431518 -4.253832
v -1.655438 4.462116 -4.235408
v -1.675361 4.512996 -4.173209
v -1.718985 4.505893 -4.163131
v -1.799726 4.489926 -4.146226
v -1.854249 4.531617 -4.076255
v -1.948588 4.561793 -3.997836
v -1.975764 4.612794 -3.925319
v -2.013258 4.634560 -3.880371
v -2.105792 4.644671 -3.818679
v -2.162691 4.636082 -3.797256
v -2.155628 4.663097 -3.768081
v -2.068141 4.715710 -3.751602
v -2.002989 4.739537 -3.756922
v -1.966368 4.712018 -3.810501
v -1.894786 4.723653 -3.832300
v -1.861367 4.714176 -3.860246
v -1.829475 4.744635 -3.838111
v -1.839858 4.818060 -3.740436
v -1.842957 4.872493 -3.667692
v -1.934363 4.845339 -3.656578
v -1.997439 4.890666 -3.561075
v -1.978446 4.921879 -3.528526
v -1.987636 4.995919 -3.417563
v -2.006397 5.017959 -3.374033
v -1.980869 5.055552 -3.332745
v -1.938304 5.071590 -3.333405
v -1.963399 5.104881 -3.267246
v -2.025211 5.116853 -3.210293
v -2.097607 5.118646 -3.160561
v -2.194698 5.098864 -3.126425
v -2.261546 5.074208 -3.118888
v -2.347908 5.005611 -3.165568
v -2.391091 4.975867 -3.180106
v -2.442549 4.932938 -3.207760
v -2.514370 4.863292 -3.258217
v 6.338926 0.554657 0.316250
v 6.336313 0.553530 0.366579
v 6.329458 0.575185 0.443578
v 6.324214 0.573906 0.514380
v 6.313939 0.554571 0.645187
v 6.308353 0.522594 0.721955
v 6.298123 0.481935 0.831282
v 6.295064 0.484848 0.852486
v 6.288643 0.576109 0.843035
v 6.288779 0.589971 0.832369
v 6.284165 0.633580 0.835155
v 6.273066 0.679904 0.880918
v 6.267296 0.687294 0.915567
v 6.259229 0.717634 0.946941
v 6.257084 0.766694 0.922343
v 6.248845 0.820028 0.932273
v 6.245396 0.852088 0.926617
v 6.247920 0.852213 0.909324
v 6.242250 0.900250 0.901946
v 6.237990 0.921503 0.909919
v 6.237268 0.936794 0.899193
v 6.241004 0.950018 0.858474
v 6.223495 1.037941 0.883420
v 6.212320 1.083258 0.907344
v 6.207124 1.120438 0.897705
v 6.208704 1.128922 0.875886
v 6.208899 1.138862 0.861511
v 6.215926 1.122432 0.831895
v 6.226734 1.121530 0.748061
v 6.223351 1.153457 0.727383
v 6.225902 1.151324 0.708688
v 6.227130 1.163653 0.677057
v 6.237400 1.116863 0.661131
v 6.237581 1.130675 0.635452
v 6.239063 1.146887 0.590242
v 6.247806 1.123032 0.541630
v 6.255785 1.086814 0.523101
v 6.263648 1.063672 0.474292
v 6.261709 1.091235 0.435714
v 6.264339 1.095396 0.384449
v 6.273345 1.067139 0.309836
v 6.299249 0.910849 0.281882
v 6.309663 0.818319 0.328863
v 6.322977 0.693643 0.358421
v 6.335209 0.598352 0.311029
v 6.338926 0.554657 0.316250
v 6.200952 0.252024 -1.440249
v 6.203830 0.258081 -1.426718
v 6.218790 0.243770 -1.362668
v 6.232318 0.258653 -1.296513
v 6.243144 0.251352 -1.244835
v 6.275878 0.253887 -1.067025
v 6.269095 0.341583 -1.082319
v 6.272025 0.414966 -1.038818
v 6.278858 0.433783 -0.988646
v 6.278779 0.483479 -0.965827
v 6.281817 0.499377 -0.937570
v 6.279174 0.530007 -0.938461
v 6.267949 0.608383 -0.965573
v 6.248718 0.715085 -1.015784
v 6.243394 0.716078 -1.047330
v 6.224645 0.780708 -1.110827
v 6.216936 0.782539 -1.151946
v 6.210699 0.737172 -1.213852
v 6.191347 0.774375 -1.287326
v 6.183576 0.820231 -1.296245
v 6.172655 0.864623 -1.319240
v 6.161362 0.920334 -1.334258
v 6.142027 0.965635 -1.390213
v 6.125138 1.042499 -1.409086
v 6.115884 1.066938 -1.430819
v 6.102673 1.123869 -1.443587
v 6.083403 1.193650 -1.468690
v 6.044986 1.278058 -1.553818
v 6.036271 1.314244 -1.557511
v 6.029258 1.333888 -1.567940
v 6.030810 1.377163 -1.523939
v 6.022442 1.411706 -1.525425
v 6.013483 1.417925 -1.554721
v 6.017488 1.348420 -1.600386
v 6.030301 1.276228 -1.611320
v 6.045220 1.203780 -1.611171
v 6.047288 1.104378 -1.673410
v 6.063130 1.105451 -1.614334
v 6.072331 1.097652 -1.584803
v 6.082869 1.108653 -1.535980
v 6.097304 1.056946 -1.515055
v 6.091479 0.992894 -1.580408
v 6.082104 0.974245 -1.627419
v 6.084721 0.928731 -1.644161
v 6.085914 0.852834 -1.680465
v 6.094307 0.822974 -1.664866
v 6.121804 0.711108 -1.614770
v 6.130664 0.691044 -1.589672
v 6.141291 0.605294 -1.583605
v 6.142672 0.558659 -1.595346
v 6.147639 0.525643 -1.587412
v 6.138711 0.467753 -1.639232
v 6.138974 0.427930 -1.649093
v 6.131689 0.370659 -1.689570
v 6.119913 0.334936 -1.739000
v 6.120927 0.284274 -1.744444
v 6.119009 0.252084 -1.756083
v 6.123221 0.192079 -1.748974
v 6.146069 0.218346 -1.663671
v 6.167894 0.247666 -1.576512
v 6.200952 0.252024 -1.440249
v 5.460248 0.389958 -3.259336
v 5.469386 0.260111 -3.256961
v 5.446980 0.245065 -3.295450
v 5.466583 0.205608 -3.265552
v 5.489118 0.176089 -3.229275
v 5.511704 0.118117 -3.193244
v 5.524041 0.066424 -3.173358
v 5.527420 -0.022829 -3.168082
v 5.539929 -0.065315 -3.145562
v 5.539161 -0.149134 -3.144056
v 5.554174 -0.180118 -3.115823
v 5.554256 -0.246248 -3.111148
v 5.561404 -0.254814 -3.097660
v 5.564019 -0.315582 -3.087351
v 5.548057 -0.366064 -3.110418
v 5.536655 -0.499861 -3.112110
v 5.519155 -0.601776 -3.125130
v 5.519616 -0.659315 -3.112682
v 5.502630 -0.723429 -3.128474
v 5.464310 -0.785256 -3.180304
v 5.417937 -0.924095 -3.222056
v 5.441370 -0.912899 -3.185554
v 5.512170 -0.931469 -3.055812
v 5.524690 -0.944614 -3.029051
v 5.530091 -1.014752 -2.996333
v 5.511329 -1.063133 -3.014075
v 5.500161 -1.192701 -2.985855
v 5.487372 -1.302153 -2.963577
v 5.469762 -1.321513 -2.987466
v 5.424952 -1.363815 -3.049516
v 5.414018 -1.344056 -3.077590
v 5.386591 -1.461018 -3.072409
v 5.427334 -1.460123 -3.000288
v 5.460773 -1.400489 -2.967866
v 5.488777 -1.354227 -2.937522
v 5.530489 -1.339040 -2.865362
v 5.552332 -1.282020 -2.849154
v 5.576012 -1.316386 -2.786551
v 5.617281 -1.301208 -2.709734
v 5.642126 -1.251746 -2.681265
v 5.673315 -1.241687 -2.619418
v 5.694074 -1.244319 -2.572710
v 5.702717 -1.210404 -2.569743
v 5.718570 -1.207656 -2.535580
v 5.739681 -1.201218 -2.490539
v 5.763357 -1.217568 -2.427114
v 5.782081 -1.214888 -2.383532
v 5.790516 -1.224899 -2.357794
v 5.810615 -1.094790 -2.372304
v 5.830786 -1.054118 -2.341028
v 5.843949 -0.986616 -2.337626
v 5.847223 -0.920343 -2.356395
v 5.861145 -0.877871 -2.337940
v 5.870495 -0.808522 -2.339491
v 5.918604 -0.809485 -2.214612
v 5.919879 -0.769732 -2.225351
v 5.939412 -0.770148 -2.172532
v 5.939238 -0.789270 -2.166135
v 5.961829 -0.793581 -2.101539
v 5.963041 -0.857833 -2.072655
v 5.964846 -0.885378 -2.055812
v 5.986447 -0.869823 -1.998876
v 5.995811 -0.885315 -1.963698
v 6.016876 -0.894220 -1.893994
v 6.036950 -0.836619 -1.856055
v 6.048769 -0.800958 -1.833167
v 6.065579 -0.734766 -1.805136
v 6.081950 -0.652399 -1.781544
v 6.165747 -0.650936 -1.466113
v 6.173263 -0.664224 -1.428033
v 6.180615 -0.662156 -1.396849
v 6.188983 -0.677019 -1.351955
v 6.195761 -0.642716 -1.337572
v 6.190909 -0.631029 -1.365316
v 6.194671 -0.582775 -1.369697
v 6.193224 -0.554302 -1.387938
v 6.186223 -0.531018 -1.427692
v 6.178683 -0.542303 -1.455825
v 6.173267 -0.499878 -1.493497
v 6.158706 -0.500972 -1.552098
v 6.154492 -0.532346 -1.558358
v 6.142578 -0.551972 -1.598030
v 6.131305 -0.482513 -1.662506
v 6.117821 -0.428351 -1.725812
v 6.112353 -0.392839 -1.753415
v 6.118169 -0.301492 -1.751214
v 6.108746 -0.193552 -1.798723
v 6.095584 -0.136294 -1.847949
v 6.074825 -0.082708 -1.918150
v 6.071310 -0.047239 -1.930441
v 6.070634 -0.006459 -1.933132
v 6.065036 0.032127 -1.950370
v 6.066216 0.095141 -1.944635
v 6.059846 0.193653 -1.957141
v 6.050772 0.262982 -1.977028
v 6.037762 0.322377 -2.007770
v 6.032124 0.389427 -2.012827
v 6.024017 0.466799 -2.020634
v 6.005999 0.523084 -2.060098
v 5.983617 0.558762 -2.115124
v 5.955627 0.521108 -2.201952
v 5.933793 0.480216 -2.269170
v 5.905096 0.469300 -2.345045
v 5.875508 0.447653 -2.422324
v 5.858109 0.514611 -2.450995
v 5.851573 0.523152 -2.464761
v 5.832616 0.512022 -2.511585
v 5.778435 0.567318 -2.622495
v 5.762104 0.543886 -2.663079
v 5.746703 0.547210 -2.695480
v 5.737476 0.574143 -2.709496
v 5.719000 0.583631 -2.746281
v 5.683399 0.571980 -2.821605
v 5.651666 0.569430 -2.885145
v 5.634001 0.581179 -2.917174
v 5.609658 0.489710 -2.980194
v 5.587030 0.476265 -3.024551
v 5.571590 0.494883 -3.049937
v 5.547288 0.487587 -3.095077
v 5.515341 0.511037 -3.147936
v 5.505392 0.463684 -3.172585
v 5.460248 0.389958 -3.259336
v 6.186223 -0.531018 -1.427692
v 6.198421 -0.492992 -1.387869
v 6.204213 -0.511638 -1.354848
v 6.209655 -0.559477 -1.310273
v 6.236880 -0.442070 -1.222923
v 6.223959 -0.380824 -1.306503
v 6.236315 -0.307403 -1.266303
v 6.229884 -0.279472 -1.303870
v 6.214667 -0.265866 -1.377270
v 6.214569 -0.216623 -1.386306
v 6.199384 -0.269983 -1.443739
v 6.176211 -0.274656 -1.539033
v 6.169867 -0.222153 -1.572589
v 6.168468 -0.148255 -1.586715
v 6.172861 -0.061448 -1.575326
v 6.185944 0.004310 -1.524374
v 6.172903 0.133083 -1.570730
v 6.179202 0.155177 -1.543703
v 6.198936 0.146118 -1.463382
v 6.204465 0.203552 -1.432769
v 6.200952 0.252024 -1.440249
v 6.167894 0.247666 -1.576512
v 6.146069 0.218346 -1.663671
v 6.123221 0.192079 -1.748974
v 6.119009 0.252084 -1.756083
v 6.097956 0.355445 -1.810588
v 6.075392 0.414264 -1.872870
v 6.053974 0.395621 -1.944872
v 6.032124 0.389427 -2.012827
v 6.037762 0.322377 -2.007770
v 6.050772 0.262982 -1.977028
v 6.059846 0.193653 -1.957141
v 6.066216 0.095141 -1.944635
v 6.065036 0.032127 -1.950370
v 6.070634 -0.006459 -1.933132
v 6.071310 -0.047239 -1.930441
v 6.074825 -0.082708 -1.918150
v 6.095584 -0.136294 -1.847949
v 6.108746 -0.193552 -1.798723
v 6.118169 -0.301492 -1.751214
v 6.112353 -0.392839 -1.753415
v 6.117821 -0.428351 -1.725812
v 6.131305 -0.482513 -1.662506
v 6.142578 -0.551972 -1.598030
v 6.154492 -0.532346 -1.558358
v 6.158706 -0.500972 -1.552098
v 6.173267 -0.499878 -1.493497
v 6.178683 -0.542303 -1.455825
v 6.186223 -0.531018 -1.427692
v 1.608809 -0.016905 6.164502
v 1.562694 0.009429 6.176370
v 1.509686 0.046262 6.189374
v 1.479006 0.028570 6.196884
v 1.387046 0.043998 6.218023
v 1.360485 0.091832 6.223366
v 1.340232 0.090057 6.227785
v 1.231081 0.153537 6.249040
v 1.216103 0.188044 6.251030
v 1.256734 0.196384 6.242731
v 1.251523 0.252053 6.241779
v 1.276714 0.292291 6.234918
v 1.330575 0.299738 6.223292
v 1.375485 0.369518 6.209762
v 1.416123 0.427738 6.196876
v 1.375833 0.454136 6.204070
v 1.395172 0.518482 6.194700
v 1.368806 0.619799 6.191273
v 1.391327 0.648847 6.183272
v 1.372061 0.742328 6.177057
v 1.326867 0.801120 6.179585
v 1.339196 0.854710 6.169738
v 1.374114 0.846800 6.163147
v 1.393398 0.879545 6.154225
v 1.366417 0.944364 6.150668
v 1.378910 0.960441 6.145389
v 1.434393 0.956950 6.133221
v 1.511667 1.033618 6.102142
v 1.555005 1.045294 6.089250
v 1.554537 1.081556 6.083033
v 1.569924 1.174030 6.061900
v 1.627994 1.224707 6.036503
v 1.694174 1.226780 6.017842
v 1.701299 1.249515 6.011151
v 1.783747 1.240414 5.989095
v 1.862497 1.295439 5.953368
v 1.901382 1.319770 5.935705
v 1.947923 1.372130 5.908680
v 1.984886 1.365477 5.897910
v 2.013878 1.336891 5.894630
v 1.996375 1.300263 5.908760
v 1.931177 1.282012 5.934361
v 1.908229 1.227507 5.953279
v 1.869778 1.196206 5.971822
v 1.841705 1.155593 5.988520
v 1.832975 1.077476 6.005738
v 1.806947 1.013334 6.024760
v 1.861504 1.005981 6.009363
v 1.877294 0.955470 6.012694
v 1.901527 0.931275 6.008874
v 1.911742 0.886962 6.012336
v 1.900959 0.846188 6.021624
v 1.905575 0.823179 6.023355
v 1.931796 0.813988 6.016247
v 1.958287 0.775504 6.012765
v 2.092299 0.786117 5.966066
v 2.153270 0.772056 5.946175
v 2.229980 0.676993 5.929461
v 2.271294 0.688816 5.912394
v 2.345674 0.682898 5.883970
v 2.403569 0.695505 5.859076
v 2.440480 0.676507 5.846028
v 2.424417 0.616928 5.859287
v 2.402905 0.579760 5.871931
v 2.397428 0.500299 5.881469
v 2.420110 0.426611 5.877985
v 2.450063 0.393640 5.867868
v 2.454160 0.368789 5.867771
v 2.403285 0.313516 5.891992
v 2.440994 0.289039 5.877724
v 2.468873 0.250195 5.867854
v 2.501402 0.139356 5.857748
v 2.482205 0.125655 5.866218
v 2.461601 0.191226 5.873125
v 2.432653 0.226474 5.883923
v 2.399116 0.188165 5.899023
v 2.197139 0.190649 5.977112
v 2.199018 0.121093 5.978235
v 2.260114 0.109597 5.955629
v 2.256810 0.067010 5.957513
v 2.235959 0.078519 5.965230
v 2.177287 0.060202 5.987106
v 2.176840 -0.020588 5.987536
v 2.223040 -0.061155 5.970259
v 2.239021 -0.124822 5.963292
v 2.236167 -0.173030 5.963158
v 2.183961 -0.477488 5.965900
v 2.133168 -0.418524 5.988662
v 2.101982 -0.415892 5.999862
v 2.171566 -0.302909 5.981822
v 2.092170 -0.250887 6.012447
v 2.028954 -0.260435 6.033669
v 1.991123 -0.241212 6.047056
v 1.932517 -0.270591 6.064800
v 1.853707 -0.256674 6.089953
v 1.792015 -0.140149 6.112175
v 1.742732 -0.111504 6.126997
v 1.708759 -0.059024 6.137288
v 1.637480 -0.006361 6.156968
v 1.608809 -0.016905 6.164502
v 0.772181 0.911443 6.258007
v 0.712472 0.935857 6.261485
v 0.689899 0.958938 6.260521
v 0.702153 0.978018 6.256205
v 0.697763 1.002287 6.252854
v 0.667048 1.028569 6.251938
v 0.623740 1.050131 6.252824
v 0.585940 1.064187 6.254104
v 0.578260 1.096242 6.249281
v 0.549341 1.115808 6.248427
v 0.556847 1.083966 6.253366
v 0.535445 1.057773 6.259717
v 0.510047 1.088189 6.256623
v 0.474811 1.099013 6.257505
v 0.459599 1.121080 6.254725
v 0.459781 1.154389 6.248650
v 0.473731 1.188818 6.241148
v 0.442755 1.204211 6.240471
v 0.467407 1.225297 6.234567
v 0.483588 1.239334 6.230556
v 0.555703 1.210437 6.230223
v 0.580444 1.224665 6.225184
v 0.615067 1.215560 6.223644
v 0.633507 1.193091 6.226142
v 0.665715 1.185814 6.224171
v 0.691231 1.208959 6.216933
v 0.719993 1.149589 6.224925
v 0.762946 1.105544 6.227787
v 0.814996 1.058771 6.229320
v 0.773138 1.048975 6.236309
v 0.774651 1.004806 6.243390
v 0.797635 0.988484 6.243102
v 0.781598 0.975471 6.247176
v 0.786218 0.955581 6.249669
v 0.777532 0.933282 6.254124
v 0.772181 0.911443 6.258007
v 0.787891 2.508640 5.803068
v 0.875741 2.501346 5.793616
v 0.955184 2.500191 5.781549
v 1.052472 2.465305 5.779638
v 1.095505 2.427717 5.787547
v 1.188737 2.439326 5.764220
v 1.226412 2.415169 5.766499
v 1.317240 2.351301 5.772859
v 1.384161 2.304617 5.776026
v 1.417194 2.306042 5.767441
v 1.479182 2.284888 5.760291
v 1.474619 2.255638 5.772975
v 1.549190 2.251354 5.755089
v 1.629320 2.208724 5.749478
v 1.619844 2.184274 5.761484
v 1.554123 2.171008 5.784554
v 1.486529 2.165816 5.804232
v 1.415920 2.174087 5.818776
v 1.270863 2.163903 5.855943
v 1.334518 2.222144 5.819861
v 1.290893 2.249190 5.819311
v 1.224799 2.256143 5.830894
v 1.187328 2.286132 5.826963
v 1.158709 2.345127 5.809253
v 1.101650 2.341100 5.821963
v 1.004885 2.368805 5.828260
v 0.972913 2.390441 5.824850
v 0.839242 2.406406 5.839052
v 0.802534 2.426474 5.835906
v 0.839193 2.452140 5.820001
v 0.739162 2.457392 5.831338
v 0.668471 2.403982 5.862052
v 0.626124 2.402545 5.867315
v 0.612497 2.377396 5.878986
v 0.562126 2.366111 5.888563
v 0.517792 2.375895 5.888689
v 0.570772 2.407733 5.870833
v 0.591437 2.444830 5.853431
v 0.636574 2.467644 5.839105
v 0.687605 2.487612 5.824828
v 0.763970 2.497406 5.811106
v 0.787891 2.508640 5.803068
v 4.382601 3.666999 -2.817014
v 4.378827 3.667497 -2.822229
v 4.358702 3.689395 -2.824841
v 4.323570 3.688172 -2.879891
v 4.261453 3.715176 -2.937198
v 4.318593 3.676607 -2.902062
v 4.324843 3.659583 -2.914247
v 4.328425 3.662776 -2.904902
v 4.342112 3.655882 -2.893135
v 4.348548 3.657779 -2.881046
v 4.353095 3.654287 -2.878609
v 4.348709 3.663488 -2.873539
v 4.349046 3.669061 -2.865907
v 4.358110 3.670008 -2.850887
v 4.376147 3.662251 -2.833177
v 4.382601 3.666999 -2.817014
v 4.324843 3.659583 -2.914247
v 4.327505 3.652260 -2.919475
v 4.400653 3.615157 -2.855615
v 4.417971 3.627031 -2.813506
v 4.407800 3.663652 -2.781832
v 4.382601 3.666999 -2.817014
v 4.376147 3.662251 -2.833177
v 4.358110 3.670008 -2.850887
v 4.349046 3.669061 -2.865907
v 4.348709 3.663488 -2.873539
v 4.353095 3.654287 -2.878609
v 4.348548 3.657779 -2.881046
v 4.342112 3.655882 -2.893135
v 4.328425 3.662776 -2.904902
v 4.324843 3.659583 -2.914247
v 4.030214 4.778736 -1.229106
v 4.024850 4.792596 -1.192160
v 4.038658 4.788791 -1.160329
v 4.029342 4.811104 -1.098783
v 4.042071 4.805657 -1.075621
v 4.085578 4.775670 -1.044355
v 4.072635 4.799283 -0.984969
v 4.046947 4.830586 -0.936642
v 4.035311 4.847969 -0.896161
v 4.002003 4.878261 -0.881010
v 3.979892 4.899453 -0.863400
v 3.950448 4.914894 -0.909625
v 3.923637 4.932476 -0.930266
v 3.895473 4.946079 -0.975312
v 3.875223 4.959393 -0.988287
v 3.880254 4.951361 -1.008613
v 3.863565 4.958653 -1.036468
v 3.881648 4.936098 -1.075818
v 3.874471 4.929976 -1.128471
v 3.898388 4.910542 -1.130835
v 3.904446 4.895855 -1.172837
v 3.880221 4.914179 -1.176592
v 3.874998 4.906256 -1.225841
v 3.898454 4.883972 -1.240366
v 3.886916 4.879656 -1.292471
v 3.915951 4.844274 -1.337153
v 3.922954 4.844186 -1.316789
v 3.940923 4.831161 -1.310970
v 3.949626 4.828008 -1.296318
v 3.969298 4.811462 -1.297748
v 3.977406 4.807999 -1.285703
v 3.985435 4.801206 -1.286222
v 4.001289 4.793637 -1.265058
v 4.009596 4.794878 -1.233665
v 4.030214 4.778736 -1.229106
v 3.601116 5.217740 -0.629914
v 3.635505 5.192963 -0.637085
v 3.644411 5.177908 -0.705109
v 3.675963 5.154815 -0.710505
v 3.646227 5.167059 -0.772120
v 3.614322 5.184816 -0.802496
v 3.632445 5.159178 -0.881967
v 3.652808 5.138321 -0.918856
v 3.693096 5.104666 -0.945019
v 3.720677 5.086853 -0.932811
v 3.745263 5.062893 -0.964240
v 3.786622 5.026568 -0.992344
v 3.817168 5.002923 -0.994803
v 3.863565 4.958653 -1.036468
v 3.880254 4.951361 -1.008613
v 3.875223 4.959393 -0.988287
v 3.895473 4.946079 -0.975312
v 3.923637 4.932476 -0.930266
v 3.950448 4.914894 -0.909625
v 3.979892 4.899453 -0.863400
v 4.002003 4.878261 -0.881010
v 4.035311 4.847969 -0.896161
v 4.046947 4.830586 -0.936642
v 4.072635 4.799283 -0.984969
v 4.116079 4.765411 -0.968704
v 4.132357 4.756029 -0.945229
v 4.182431 4.707516 -0.967578
v 4.197589 4.694763 -0.963892
v 4.186376 4.710123 -0.937359
v 4.191605 4.712420 -0.901767
v 4.216966 4.698979 -0.852313
v 4.226146 4.702179 -0.786666
v 4.249347 4.682328 -0.780061
v 4.233663 4.703214 -0.738593
v 4.241956 4.699076 -0.717033
v 4.229763 4.721968 -0.633849
v 4.249693 4.705717 -0.621274
v 4.257876 4.706242 -0.558047
v 4.198296 4.759273 -0.559701
v 4.136583 4.809552 -0.588670
v 4.134702 4.822958 -0.482660
v 4.116581 4.841931 -0.446209
v 4.079189 4.873474 -0.446222
v 4.061586 4.889609 -0.429977
v 4.003116 4.937433 -0.431814
v 3.913891 5.010242 -0.410583
v 3.909335 5.010270 -0.451592
v 3.874534 5.036015 -0.464951
v 3.792123 5.097730 -0.471800
v 3.763711 5.120192 -0.455802
v 3.743330 5.134170 -0.466285
v 3.731304 5.137747 -0.520167
v 3.749147 5.123210 -0.535032
v 3.698842 5.155605 -0.572660
v 3.667665 5.179983 -0.552857
v 3.617224 5.216440 -0.542291
v 3.621596 5.208008 -0.591894
v 3.601116 5.217740 -0.629914
v 4.539452 1.400601 -4.245155
v 4.527319 1.367009 -4.268994
v 4.536756 1.321878 -4.273187
v 4.583095 1.295838 -4.231510
v 4.555715 1.266037 -4.269924
v 4.591559 1.207662 -4.248386
v 4.605190 1.227115 -4.228008
v 4.624037 1.219377 -4.209637
v 4.664591 1.221201 -4.164121
v 4.660848 1.254381 -4.158445
v 4.661923 1.284466 -4.148044
v 4.629389 1.335480 -4.168320
v 4.595971 1.383521 -4.189578
v 4.566074 1.374096 -4.225218
v 4.539452 1.400601 -4.245155
v 3.510587 5.257426 -0.790502
v 3.590993 5.206031 -0.769186
v 3.553895 5.241982 -0.693610
v 3.518190 5.268077 -0.677746
v 3.469860 5.288716 -0.761051
v 3.510587 5.257426 -0.790502
v 3.456575 5.310146 -0.666394
v 3.493669 5.286853 -0.658103
v 3.487177 5.293584 -0.638129
v 3.560223 5.248618 -0.605362
v 3.601116 5.217740 -0.629914
v 3.621596 5.208008 -0.591894
v 3.617224 5.216440 -0.542291
v 3.570785 5.251624 -0.509490
v 3.477722 5.315141 -0.494333
v 3.451448 5.331632 -0.500841
v 3.421241 5.349822 -0.513960
v 3.407215 5.353567 -0.565556
v 3.378243 5.370134 -0.582040
v 3.343709 5.386946 -0.624551
v 3.391479 5.356197 -0.631397
v 3.424605 5.336500 -0.619269
v 3.448916 5.319427 -0.631128
v 3.456575 5.310146 -0.666394
v 1.881962 2.149147 5.694649
v 1.892359 2.166980 5.684436
v 1.969684 2.166497 5.658293
v 2.031349 2.139559 5.646729
v 2.056979 2.142189 5.636444
v 2.079377 2.105001 5.642234
v 2.132899 2.107094 5.621435
v 2.133591 2.075792 5.632807
v 2.177741 2.071994 5.617288
v 2.230700 2.033375 5.610615
v 2.199482 1.990429 5.638272
v 2.149898 2.013389 5.649234
v 2.105082 2.008965 5.667657
v 2.071936 2.013986 5.678079
v 2.056226 1.994735 5.690572
v 2.018765 1.988226 5.706241
v 2.000799 2.013837 5.703587
v 1.969488 1.998686 5.719791
v 1.936963 1.926246 5.755640
v 1.909392 1.943092 5.759189
v 1.901217 1.973505 5.751547
v 1.900321 2.002205 5.741916
v 1.871231 2.033871 5.740340
v 1.893754 2.051620 5.726621
v 1.897010 2.092042 5.710898
v 1.881962 2.149147 5.694649
v 5.716154 2.537541 -1.214954
v 5.858811 2.341771 -0.883227
v 5.972360 2.137288 -0.593759
v 6.001571 2.090511 -0.447828
v 6.012674 2.080225 -0.331754
v 5.989306 2.146962 -0.329261
v 5.985659 2.163981 -0.280558
v 5.977485 2.193865 -0.215109
v 5.960193 2.242708 -0.189725
v 5.871357 2.468110 0.158880
v 5.753973 2.689938 0.495650
v 5.591638 2.931513 0.854083
v 5.582094 2.950622 0.850703
v 5.578675 2.957218 0.850229
v 5.516905 3.073275 0.841655
v 5.498692 3.144895 0.680925
v 5.501383 3.159629 0.584105
v 5.494347 3.185543 0.504098
v 5.469639 3.233641 0.465033
v 5.455569 3.271480 0.351882
v 5.413191 3.341846 0.345075
v 5.411314 3.350097 0.290128
v 5.391720 3.385008 0.246402
v 5.385963 3.400870 0.122968
v 5.363142 3.437334 0.105277
v 5.349820 3.457204 0.129630
v 5.284366 3.555213 0.159925
v 5.246179 3.611132 0.164225
v 5.204321 3.669578 0.197193
v 5.171670 3.719082 0.109108
v 5.161502 3.734757 0.011482
v 5.134287 3.771830 -0.045154
v 5.112700 3.799053 -0.130927
v 5.094765 3.814946 -0.281425
v 5.079130 3.822168 -0.427913
v 5.085015 3.808942 -0.473524
v 5.050380 3.843983 -0.554161
v 5.038653 3.844668 -0.648183
v 5.049355 3.824006 -0.686027
v 5.036795 3.829404 -0.745652
v 5.073156 3.783640 -0.732664
v 5.132686 3.697837 -0.755766
v 5.187905 3.622778 -0.742134
v 5.230307 3.571589 -0.690857
v 5.275326 3.501923 -0.705063
v 5.300460 3.446393 -0.785585
v 5.314696 3.423725 -0.788513
v 5.329589 3.385794 -0.849427
v 5.425119 3.215071 -0.906115
v 5.468091 3.129934 -0.945057
v 5.492020 3.084830 -0.954560
v 5.537667 3.005149 -0.944968
v 5.559863 2.960353 -0.955971
v 5.589595 2.906330 -0.948325
v 5.619243 2.843941 -0.962159
v 5.646091 2.802286 -0.926547
v 5.670888 2.729275 -0.990819
v 5.690183 2.686146 -0.998036
v 5.709332 2.629793 -1.037957
v 5.692382 2.648336 -1.082932
v 5.697777 2.601261 -1.165510
v 5.716154 2.537541 -1.214954
v 1.071271 -0.378380 6.268879
v 1.130241 -0.295396 6.262982
v 1.106952 -0.246879 6.269238
v 1.064736 -0.298467 6.274304
v 0.999415 -0.249785 6.287163
v 1.021865 -0.218461 6.284720
v 1.003758 -0.117577 6.290333
v 1.042243 -0.100812 6.284362
v 1.062545 -0.031546 6.281691
v 1.104002 0.040068 6.274489
v 1.096290 0.085443 6.275387
v 1.156177 0.109292 6.264260
v 1.231081 0.153537 6.249040
v 1.340232 0.090057 6.227785
v 1.360485 0.091832 6.223366
v 1.387046 0.043998 6.218023
v 1.479006 0.028570 6.196884
v 1.509686 0.046262 6.189374
v 1.562694 0.009429 6.176370
v 1.608809 -0.016905 6.164502
v 1.623614 -0.101341 6.159809
v 1.589736 -0.173622 6.167028
v 1.471111 -0.289972 6.192042
v 1.340387 -0.333768 6.219454
v 1.272633 -0.430341 6.227749
v 1.250975 -0.505160 6.226517
v 1.188762 -0.550742 6.234835
v 1.143890 -0.494785 6.247907
v 1.099975 -0.482800 6.256724
v 1.054698 -0.491629 6.263829
v 1.052239 -0.450995 6.267299
v 1.083742 -0.424579 6.263775
v 1.071271 -0.378380 6.268879
v 4.546460 3.137359 -3.174321
v 4.579960 3.098386 -3.164429
v 4.625108 3.024722 -3.170027
v 4.662663 2.973641 -3.163333
v 4.682994 2.956457 -3.149376
v 4.687289 2.988191 -3.112825
v 4.692031 3.031928 -3.062988
v 4.664309 3.171149 -2.962714
v 4.673850 3.162402 -2.957022
v 4.700543 3.060014 -3.021730
v 4.712025 2.961498 -3.100966
v 4.735641 2.807073 -3.206819
v 4.736620 2.752674 -3.252209
v 4.740367 2.695902 -3.294036
v 4.729625 2.583872 -3.397630
v 4.747758 2.566140 -3.385758
v 4.769236 2.499829 -3.405127
v 4.729861 2.407723 -3.524334
v 4.725898 2.386619 -3.543950
v 4.959709 2.386619 -3.208579
v 5.165456 2.386619 -2.865617
v 5.353640 2.386619 -2.496443
v 5.203662 2.761088 -2.426507
v 5.038426 3.111905 -2.349457
v 5.010410 3.189754 -2.304539
v 4.968548 3.248997 -2.312399
v 4.952622 3.289814 -2.288734
v 4.912954 3.335392 -2.308177
v 4.857173 3.336958 -2.421203
v 4.829439 3.311876 -2.509509
v 4.800184 3.283763 -2.600918
v 4.786802 3.268913 -2.643932
v 4.735068 3.299100 -2.699020
v 4.701223 3.326316 -2.724659
v 4.654620 3.334133 -2.794228
v 4.625828 3.322161 -2.855627
v 4.636423 3.274977 -2.892706
v 4.608789 3.306087 -2.901464
v 4.579150 3.283601 -2.973044
v 4.540975 3.278206 -3.036866
v 4.502774 3.302191 -3.067606
v 4.546460 3.137359 -3.174321
v 4.595971 1.383521 -4.189578
v 4.615003 1.418622 -4.156790
v 4.633618 1.482100 -4.113710
v 4.658982 1.516815 -4.072199
v 4.670318 1.554081 -4.045071
v 4.722782 1.597279 -3.966569
v 4.769649 1.598567 -3.909561
v 4.781507 1.621063 -3.885742
v 4.826194 1.595760 -3.840709
v 4.856475 1.644578 -3.781489
v 4.893574 1.564265 -3.767712
v 4.964495 1.586784 -3.664089
v 4.962230 1.629862 -3.648214
v 4.899559 1.787260 -3.659189
v 4.876331 1.858079 -3.654939
v 4.848175 1.890662 -3.675628
v 4.796225 1.908111 -3.734297
v 4.747923 1.968568 -3.764519
v 4.739489 1.845746 -3.836679
v 4.743274 1.747824 -3.877642
v 4.717200 1.695679 -3.932217
v 4.642603 1.594211 -4.061326
v 4.614605 1.532763 -4.116515
v 4.586656 1.470407 -4.170147
v 4.570235 1.433209 -4.201012
v 4.539452 1.400601 -4.245155
v 4.566074 1.374096 -4.225218
v 4.595971 1.383521 -4.189578
v 4.684600 4.253153 0.744886
v 4.632673 4.311785 0.732453
v 4.594990 4.347176 0.760109
v 4.557763 4.405496 0.638783
v 4.584119 4.390981 0.542931
v 4.595099 4.391491 0.435327
v 4.615423 4.377713 0.350911
v 4.616021 4.381949 0.283746
v 4.624717 4.379276 0.153527
v 4.655272 4.347777 0.122128
v 4.691132 4.310702 -0.027678
v 4.674565 4.328372 -0.057243
v 4.706548 4.291330 -0.150112
v 4.692840 4.301972 -0.244791
v 4.735922 4.254109 -0.251472
v 4.788531 4.198693 -0.174905
v 4.806699 4.180988 -0.068002
v 4.831263 4.152691 -0.060827
v 4.871591 4.105747 -0.009072
v 4.929375 4.036128 0.023979
v 4.969434 3.986762 -0.009653
v 5.000170 3.947946 0.040767
v 5.044444 3.890965 0.060170
v 5.056712 3.873394 0.126973
v 5.106245 3.805164 0.191383
v 5.101763 3.803805 0.304511
v 5.094738 3.805494 0.389237
v 5.113447 3.773930 0.446939
v 5.135022 3.739997 0.483337
v 5.125315 3.747462 0.526615
v 5.099748 3.777778 0.557315
v 5.058989 3.829092 0.578205
v 5.038616 3.842842 0.659207
v 5.015551 3.872144 0.663615
v 4.994487 3.905173 0.627985
v 4.977530 3.929014 0.613746
v 4.953461 3.954984 0.641065
v 4.911163 4.011998 0.611547
v 4.864880 4.063561 0.640355
v 4.863771 4.070607 0.602935
v 4.830701 4.110896 0.595396
v 4.821929 4.123315 0.580445
v 4.765867 4.189066 0.572609
v 4.750605 4.211701 0.531950
v 4.711152 4.253386 0.550816
v 4.702731 4.256279 0.598372
v 4.710212 4.245821 0.613632
v 4.703723 4.245723 0.662168
v 4.664708 4.286156 0.677502
v 4.670529 4.274149 0.712351
v 4.684600 4.253153 0.744886
v 3.094423 5.390707 -1.398022
v 3.040882 5.425386 -1.381257
v 3.060574 5.418026 -1.366574
v 3.044629 5.438711 -1.319205
v 2.996401 5.471707 -1.292922
v 2.942914 5.487511 -1.347633
v 2.900044 5.495698 -1.405946
v 2.887023 5.486378 -1.467785
v 2.857617 5.488050 -1.518214
v 2.868349 5.478166 -1.533596
v 2.935932 5.445177 -1.523154
v 3.006086 5.390617 -1.579348
v 3.044304 5.371725 -1.570487
v 3.066435 5.371836 -1.526432
v 3.057575 5.393911 -1.465129
v 3.058235 5.401155 -1.436789
v 3.094423 5.390707 -1.398022
v 4.856475 1.644578 -3.781489
v 4.826194 1.595760 -3.840709
v 4.781507 1.621063 -3.885742
v 4.769649 1.598567 -3.909561
v 4.722780 1.597280 -3.966571
v 4.670318 1.554081 -4.045071
v 4.658981 1.516817 -4.072199
v 4.633618 1.482100 -4.113710
v 4.615003 1.418622 -4.156790
v 4.595971 1.383521 -4.189578
v 4.629389 1.335480 -4.168320
v 4.661923 1.284466 -4.148044
v 4.660848 1.254381 -4.158445
v 4.664591 1.221201 -4.164121
v 4.624037 1.219377 -4.209637
v 4.605190 1.227115 -4.228008
v 4.591559 1.207662 -4.248386
v 4.613109 1.168957 -4.235847
v 4.593721 1.108715 -4.272952
v 4.572736 1.055957 -4.308675
v 4.548595 1.016801 -4.343505
v 4.306918 0.886328 -4.610263
v 4.238716 0.887002 -4.672918
v 4.490674 0.555449 -4.484971
v 4.591786 0.550567 -4.382010
v 4.664008 0.472432 -4.314335
v 4.712099 0.470385 -4.261984
v 4.734247 0.435423 -4.241103
v 4.784486 0.435443 -4.184343
v 4.811793 0.472924 -4.148811
v 4.879848 0.426535 -4.073670
v 4.903059 0.380290 -4.050312
v 4.949457 0.389022 -3.992640
v 4.964225 0.401822 -3.972990
v 4.980572 0.398763 -3.952788
v 5.002245 0.399884 -3.925211
v 5.082435 0.494083 -3.809774
v 5.128339 0.494083 -3.747755
v 5.148207 0.530559 -3.715388
v 5.143746 0.592726 -3.712168
v 5.175750 0.611297 -3.664365
v 5.202786 0.731626 -3.603523
v 5.228854 0.757230 -3.560243
v 5.235212 0.801361 -3.541188
v 5.260460 0.855096 -3.490846
v 5.296672 0.862988 -3.433680
v 5.268734 0.925698 -3.460227
v 5.236128 0.928402 -3.508658
v 5.222778 0.961986 -3.519491
v 5.210436 1.060683 -3.509408
v 5.175370 1.175243 -3.524769
v 5.141269 1.205837 -3.564120
v 5.127818 1.250440 -3.568126
v 5.086901 1.333616 -3.596463
v 5.039227 1.387434 -3.642919
v 4.993278 1.494127 -3.663933
v 4.964495 1.586784 -3.664089
v 4.893574 1.564265 -3.767712
v 4.856475 1.644578 -3.781489
v 1.998826 5.950418 -1.089430
v 2.065380 5.922156 -1.118888
v 2.094257 5.894439 -1.208020
v 2.181066 5.862113 -1.211703
v 2.256228 5.811390 -1.314087
v 2.346904 5.771673 -1.330218
v 2.390148 5.736146 -1.404798
v 2.456432 5.704245 -1.420273
v 2.476898 5.669908 -1.518802
v 2.529911 5.643822 -1.528549
v 2.603401 5.613735 -1.515891
v 2.767908 5.545229 -1.476063
v 2.820169 5.540868 -1.391070
v 2.893735 5.520632 -1.318545
v 2.948712 5.508887 -1.243747
v 2.912461 5.539108 -1.193939
v 2.902617 5.557051 -1.132981
v 2.808895 5.609802 -1.108995
v 2.735427 5.656650 -1.053277
v 2.672948 5.686150 -1.054844
v 2.598151 5.717307 -1.073149
v 2.454495 5.769489 -1.130526
v 2.422122 5.779312 -1.150008
v 2.385571 5.798946 -1.127351
v 2.368419 5.820511 -1.049706
v 2.338273 5.837971 -1.019909
v 2.194063 5.904419 -0.955804
v 2.154068 5.932440 -0.869361
v 2.126211 5.952064 -0.801122
v 2.092112 5.962478 -0.813365
v 2.126738 5.941512 -0.874679
v 2.101550 5.943497 -0.920856
v 2.106679 5.933765 -0.970554
v 2.048872 5.951504 -0.985580
v 1.971850 5.980110 -0.969399
v 1.913517 5.993002 -1.005995
v 1.926839 5.977851 -1.068749
v 1.998826 5.950418 -1.089430
v -6.079010 -1.898813 -0.172605
v -6.070300 -1.929415 -0.135840
v -6.052054 -1.984666 -0.152907
v -6.045272 -1.999178 -0.218220
v -6.047189 -1.986116 -0.276562
v -6.061761 -1.939606 -0.287452
v -6.075069 -1.903188 -0.247094
v -6.072719 -1.916307 -0.198740
v -6.079010 -1.898813 -0.172605
v -6.098663 -1.841566 -0.067685
v -6.090718 -1.863981 -0.135553
v -6.102398 -1.824292 -0.149476
v -6.109962 -1.802422 -0.096345
v -6.112126 -1.796563 -0.062567
v -6.122136 -1.763260 -0.000000
v -6.106894 -1.815348 -0.000000
v -6.098663 -1.841566 -0.067685
v -6.108578 -1.809652 0.008810
v -6.106894 -1.815348 0.000000
v -6.122136 -1.763260 0.000000
v -6.123518 -1.758318 0.022089
v -6.108578 -1.809652 0.008810
v 1.895946 -5.010131 3.448713
v 1.993879 -4.968644 3.453500
v 2.033755 -4.985997 3.404896
v 2.087410 -4.958187 3.413025
v 2.114014 -4.989456 3.350510
v 2.080274 -5.013563 3.335609
v 1.987721 -5.034078 3.361052
v 1.976671 -5.010131 3.403088
v 1.906653 -5.040885 3.397616
v 1.895946 -5.010131 3.448713
v 3.869739 0.278422 5.053439
v 3.836880 0.236219 5.080570
v 3.794462 0.228278 5.112689
v 3.781570 0.259557 5.120742
v 3.761437 0.264202 5.135312
v 3.734330 0.234075 5.156513
v 3.694408 0.256996 5.184105
v 3.716089 0.304419 5.166009
v 3.722391 0.354992 5.158239
v 3.736265 0.402543 5.144699
v 3.698727 0.467999 5.166240
v 3.688082 0.543832 5.166424
v 3.729649 0.639023 5.125525
v 3.760684 0.626850 5.104308
v 3.827497 0.600655 5.057581
v 3.925343 0.507153 4.992406
v 3.941900 0.461747 4.983759
v 3.894256 0.360201 5.029381
v 3.869739 0.278422 5.053439
v 4.657618 4.275617 -0.784434
v 4.718536 4.211550 -0.766751
v 4.709643 4.228511 -0.727048
v 4.663108 4.284185 -0.700585
v 4.633051 4.314678 -0.712764
v 4.596274 4.345823 -0.760084
v 4.657618 4.275617 -0.784434
v 4.054863 4.907451 -0.254271
v 4.091599 4.873851 -0.306645
v 4.082084 4.879424 -0.342726
v 4.114880 4.846675 -0.408838
v 4.120552 4.840404 -0.425655
v 4.116581 4.841931 -0.446209
v 4.134702 4.822958 -0.482660
v 4.136583 4.809552 -0.588670
v 4.198296 4.759273 -0.559701
v 4.257876 4.706242 -0.558047
v 4.274403 4.693418 -0.539392
v 4.271065 4.700333 -0.504499
v 4.291438 4.681214 -0.509347
v 4.343039 4.638606 -0.459337
v 4.379476 4.603948 -0.462049
v 4.362948 4.615974 -0.497103
v 4.394839 4.582230 -0.527444
v 4.417603 4.560345 -0.526951
v 4.444400 4.531091 -0.553316
v 4.471524 4.507219 -0.529236
v 4.529103 4.446003 -0.556711
v 4.533382 4.435888 -0.600824
v 4.567765 4.401117 -0.596102
v 4.619510 4.355482 -0.528715
v 4.614401 4.377406 -0.367778
v 4.646936 4.351123 -0.251702
v 4.692840 4.301972 -0.244791
v 4.706548 4.291330 -0.150112
v 4.674565 4.328372 -0.057243
v 4.691132 4.310702 -0.027678
v 4.655272 4.347777 0.122128
v 4.624717 4.379276 0.153527
v 4.579830 4.427477 0.110667
v 4.423515 4.584066 0.092180
v 4.336501 4.664332 0.168541
v 4.292669 4.702473 0.222210
v 4.253648 4.731223 0.334139
v 4.192690 4.785141 0.336772
v 4.181069 4.801076 0.240772
v 4.207836 4.782223 0.118749
v 4.111877 4.864446 0.138811
v 4.149905 4.833507 0.071674
v 4.083242 4.889547 -0.095426
v 4.012370 4.947458 -0.114809
v 3.992708 4.961572 -0.175273
v 4.022596 4.936950 -0.186775
v 4.022367 4.935791 -0.219481
v 4.054863 4.907451 -0.254271
v 6.236880 -0.442070 -1.222923
v 6.264506 -0.330044 -1.112059
v 6.280955 -0.238381 -1.040396
v 6.294853 -0.123563 -0.974269
v 6.294908 -0.086626 -0.977888
v 6.291516 -0.051077 -1.001929
v 6.287344 0.029874 -1.028618
v 6.282780 0.112314 -1.050575
v 6.276369 0.118738 -1.087534
v 6.246756 0.117600 -1.246533
v 6.243144 0.251352 -1.244835
v 6.232318 0.258653 -1.296513
v 6.218790 0.243770 -1.362668
v 6.203830 0.258081 -1.426718
v 6.200952 0.252024 -1.440249
v 6.204465 0.203552 -1.432769
v 6.198936 0.146118 -1.463382
v 6.179202 0.155177 -1.543703
v 6.172903 0.133083 -1.570730
v 6.185944 0.004310 -1.524374
v 6.172861 -0.061448 -1.575326
v 6.168468 -0.148255 -1.586715
v 6.169867 -0.222153 -1.572589
v 6.176211 -0.274656 -1.539033
v 6.199384 -0.269983 -1.443739
v 6.214569 -0.216623 -1.386306
v 6.214667 -0.265866 -1.377270
v 6.229884 -0.279472 -1.303870
v 6.236315 -0.307403 -1.266303
v 6.223959 -0.380824 -1.306503
v 6.236880 -0.442070 -1.222923
v 3.676689 5.190253 0.364516
v 3.734725 5.145578 0.405582
v 3.710650 5.159060 0.452569
v 3.706776 5.158163 0.492757
v 3.660517 5.192911 0.473211
v 3.610495 5.227199 0.479958
v 3.613394 5.229819 0.426640
v 3.676689 5.190253 0.364516
v 3.311470 5.439999 0.173837
v 3.409525 5.376413 0.242832
v 3.400457 5.384570 0.181484
v 3.403796 5.384260 0.116441
v 3.479395 5.335285 0.134880
v 3.559753 5.280168 0.193973
v 3.568546 5.276196 0.129918
v 3.578389 5.269637 0.125315
v 3.687637 5.194788 0.071771
v 3.702778 5.184429 0.027821
v 3.805220 5.109774 -0.012285
v 3.840248 5.083419 -0.031501
v 3.855594 5.070623 -0.113187
v 3.912161 5.027255 -0.106542
v 3.938627 5.007159 -0.072226
v 3.983063 4.971387 -0.100813
v 4.029424 4.934763 -0.038704
v 4.028433 4.935413 0.055373
v 4.048626 4.916022 0.176059
v 4.030167 4.929916 0.208128
v 4.067595 4.896752 0.257155
v 4.053237 4.904815 0.322023
v 4.081445 4.877609 0.374675
v 4.060856 4.891863 0.410809
v 3.979939 4.965859 0.299951
v 3.965423 4.980871 0.236621
v 3.965318 4.980929 0.237161
v 3.942935 4.992460 0.343878
v 3.906566 5.019828 0.360152
v 3.885345 5.040977 0.286846
v 3.835028 5.077380 0.320015
v 3.777960 5.121042 0.302640
v 3.792607 5.115052 0.204991
v 3.792623 5.115045 0.204875
v 3.741182 5.153267 0.192467
v 3.683173 5.193240 0.232674
v 3.681838 5.194146 0.233577
v 3.660150 5.205451 0.310193
v 3.634296 5.222743 0.323235
v 3.595567 5.251042 0.296817
v 3.568611 5.268329 0.315225
v 3.608640 5.238585 0.352965
v 3.520071 5.298838 0.347937
v 3.469835 5.330113 0.373880
v 3.375889 5.392213 0.342126
v 3.303833 5.439710 0.289629
v 3.315041 5.435122 0.244110
v 3.311470 5.439999 0.173837
v 3.568762 4.224521 -3.163384
v 3.536898 4.259968 -3.151613
v 3.512334 4.316069 -3.102370
v 3.522389 4.346120 -3.048550
v 3.545046 4.355461 -3.008694
v 3.546310 4.380261 -2.970965
v 3.533062 4.389788 -2.972688
v 3.498707 4.375993 -3.033047
v 3.428742 4.362895 -3.130257
v 3.379645 4.323891 -3.235987
v 3.379818 4.308690 -3.256019
v 3.336739 4.321535 -3.283314
v 3.293898 4.304413 -3.348418
v 3.297377 4.270665 -3.387975
v 3.271898 4.251506 -3.436426
v 3.294508 4.240075 -3.428938
v 3.292263 4.194977 -3.486088
v 3.306446 4.185158 -3.484467
v 3.336062 4.190138 -3.450084
v 3.365792 4.214173 -3.391435
v 3.388745 4.200536 -3.385491
v 3.478127 4.187479 -3.310179
v 3.506743 4.228475 -3.226825
v 3.568762 4.224521 -3.163384
v 6.335837 0.658081 -0.117243
v 6.343065 0.593306 0.056201
v 6.345658 0.555330 0.117813
v 6.345749 0.523190 0.217685
v 6.338926 0.554657 0.316250
v 6.335209 0.598352 0.311029
v 6.322977 0.693643 0.358421
v 6.309663 0.818319 0.328863
v 6.299249 0.910849 0.281882
v 6.273345 1.067139 0.309836
v 6.258045 1.149577 0.324016
v 6.246502 1.211571 0.320851
v 6.252359 1.216716 0.131335
v 6.254729 1.208759 0.083143
v 6.251668 1.226376 0.047869
v 6.253550 1.217683 -0.002598
v 6.260081 1.183638 0.005439
v 6.270354 1.127245 -0.040228
v 6.284139 1.047680 -0.040132
v 6.297873 0.961179 -0.050695
v 6.303582 0.921065 -0.078340
v 6.317537 0.821852 -0.054135
v 6.324352 0.766977 -0.062961
v 6.332094 0.696904 -0.092501
v 6.335837 0.658081 -0.117243
v 6.245396 0.852088 0.926617
v 6.240368 0.854912 0.957377
v 6.242702 0.810525 0.980491
v 6.237720 0.811064 1.011272
v 6.231232 0.834548 1.031948
v 6.226492 0.878802 1.023788
v 6.209242 0.946208 1.067539
v 6.206129 0.933830 1.096158
v 6.202358 0.931378 1.119344
v 6.197819 0.925073 1.149311
v 6.192096 0.965391 1.147002
v 6.184462 0.994137 1.163511
v 6.180081 1.026056 1.159071
v 6.168093 1.072158 1.180995
v 6.155597 1.111336 1.209631
v 6.138091 1.111457 1.295432
v 6.136311 1.090822 1.321151
v 6.130307 1.088331 1.350744
v 6.130208 1.064697 1.369895
v 6.132398 1.034265 1.383341
v 6.126769 0.985995 1.442273
v 6.105330 1.050942 1.486643
v 6.087993 1.093845 1.526267
v 6.078700 1.108034 1.552840
v 6.068120 1.129790 1.578331
v 6.056373 1.178107 1.588095
v 6.047875 1.202169 1.602385
v 6.036323 1.220055 1.632151
v 6.038548 1.273205 1.582571
v 6.047245 1.271183 1.550665
v 6.050603 1.289466 1.522210
v 6.056384 1.289641 1.498893
v 6.057571 1.304071 1.481512
v 6.047938 1.340116 1.488681
v 6.048388 1.351478 1.476534
v 6.040984 1.388291 1.472686
v 6.053418 1.387172 1.421803
v 6.076485 1.360703 1.347019
v 6.081104 1.363130 1.323516
v 6.080234 1.375207 1.314989
v 6.094326 1.366622 1.257449
v 6.096153 1.372747 1.241821
v 6.105876 1.332961 1.237391
v 6.109252 1.333085 1.220480
v 6.111688 1.347572 1.192039
v 6.115880 1.343947 1.174504
v 6.127293 1.316335 1.145942
v 6.137483 1.307642 1.100461
v 6.137771 1.331183 1.070218
v 6.140626 1.345725 1.035072
v 6.141649 1.360941 1.008773
v 6.145750 1.358092 0.987412
v 6.154633 1.334214 0.964369
v 6.162901 1.304212 0.952536
v 6.178825 1.258582 0.909799
v 6.181059 1.230512 0.932734
v 6.187231 1.194996 0.937975
v 6.188637 1.205738 0.914665
v 6.193033 1.192998 0.901518
v 6.198248 1.160455 0.908135
v 6.208704 1.128922 0.875886
v 6.207124 1.120438 0.897705
v 6.212320 1.083258 0.907344
v 6.223495 1.037941 0.883420
v 6.241004 0.950018 0.858474
v 6.237268 0.936794 0.899193
v 6.237990 0.921503 0.909919
v 6.242250 0.900250 0.901946
v 6.247920 0.852213 0.909324
v 6.245396 0.852088 0.926617
v 5.937816 1.449561 1.797429
v 5.930885 1.497546 1.780900
v 5.962943 1.500639 1.667643
v 5.963440 1.526215 1.642467
v 5.972022 1.527955 1.609333
v 5.989260 1.501371 1.569804
v 5.997793 1.500866 1.537374
v 6.002236 1.519056 1.501755
v 6.014858 1.487826 1.482397
v 6.009093 1.463546 1.529208
v 5.996888 1.465453 1.574619
v 5.979673 1.488309 1.618049
v 5.974813 1.463328 1.658289
v 5.969800 1.462439 1.677023
v 5.966134 1.447275 1.703022
v 5.937816 1.449561 1.797429
v 6.036323 1.220055 1.632151
v 6.012121 1.265648 1.685876
v 5.998163 1.272853 1.729604
v 5.985101 1.303553 1.751843
v 5.981935 1.320113 1.750254
v 5.967811 1.343189 1.780651
v 5.960984 1.366434 1.785824
v 5.973484 1.384121 1.729548
v 5.984128 1.380627 1.695207
v 5.989369 1.392847 1.666457
v 6.040984 1.388291 1.472686
v 6.048388 1.351478 1.476534
v 6.047938 1.340116 1.488681
v 6.057571 1.304071 1.481512
v 6.056384 1.289641 1.498893
v 6.050603 1.289466 1.522210
v 6.047245 1.271183 1.550665
v 6.038548 1.273205 1.582571
v 6.036323 1.220055 1.632151
v 6.282780 0.112314 -1.050575
v 6.285866 0.129079 -1.029982
v 6.275878 0.253887 -1.067025
v 6.243144 0.251352 -1.244835
v 6.246756 0.117600 -1.246533
v 6.276369 0.118738 -1.087534
v 6.282780 0.112314 -1.050575
v 4.737144 3.718193 -2.079459
v 4.736945 3.687701 -2.133507
v 4.704201 3.692866 -2.196106
v 4.679397 3.686431 -2.259007
v 4.690413 3.670633 -2.261885
v 4.661785 3.681530 -2.302985
v 4.683749 3.654710 -2.301137
v 4.745018 3.646964 -2.184971
v 4.735077 3.661993 -2.181398
v 4.768993 3.679715 -2.075100
v 4.737144 3.718193 -2.079459
v 4.262293 4.226723 -2.134788
v 4.314902 4.174401 -2.132052
v 4.331040 4.164973 -2.117720
v 4.351447 4.167364 -2.070658
v 4.363885 4.175308 -2.028041
v 4.423070 4.153434 -1.942956
v 4.436136 4.105837 -2.013067
v 4.464471 4.091963 -1.978378
v 4.483558 4.091877 -1.934915
v 4.467147 4.135604 -1.879099
v 4.487866 4.117013 -1.870536
v 4.519841 4.066108 -1.904586
v 4.533465 4.025798 -1.957113
v 4.560383 4.006885 -1.933241
v 4.570781 3.966911 -1.990280
v 4.571697 3.941627 -2.037844
v 4.606437 3.892080 -2.054774
v 4.622403 3.915367 -1.973053
v 4.643985 3.870474 -2.010591
v 4.672513 3.861195 -1.961742
v 4.713553 3.782686 -2.015775
v 4.737366 3.781567 -1.961315
v 4.738132 3.820384 -1.882661
v 4.700191 3.891197 -1.832056
v 4.663297 3.949513 -1.801290
v 4.645666 3.989491 -1.758234
v 4.623711 4.038731 -1.702818
v 4.606819 4.063170 -1.690418
v 4.560592 4.104563 -1.715577
v 4.536938 4.132135 -1.712104
v 4.517376 4.144394 -1.734057
v 4.498982 4.166538 -1.728803
v 4.472963 4.173982 -1.777672
v 4.446245 4.192314 -1.801401
v 4.430317 4.190692 -1.843919
v 4.413229 4.205272 -1.851687
v 4.404800 4.208044 -1.865407
v 4.382295 4.205629 -1.922970
v 4.336592 4.228535 -1.975627
v 4.335224 4.199395 -2.039743
v 4.296102 4.207284 -2.105209
v 4.262704 4.248708 -2.089850
v 4.262293 4.226723 -2.134788
v 0.559976 6.318337 0.595559
v 0.546016 6.326514 0.516458
v 0.580412 6.325922 0.485257
v 0.559238 6.330661 0.446788
v 0.577030 6.331853 0.405361
v 0.640101 6.330293 0.327563
v 0.753789 6.319736 0.287021
v 0.783315 6.314173 0.327536
v 0.764054 6.313519 0.381235
v 0.734058 6.312054 0.456911
v 0.754823 6.309331 0.460682
v 0.771092 6.311021 0.407526
v 0.825893 6.305658 0.382394
v 0.807318 6.310431 0.341079
v 0.848776 6.304821 0.344165
v 0.900837 6.295196 0.385534
v 0.878811 6.301424 0.330737
v 0.862582 6.307636 0.243569
v 0.894921 6.304571 0.202831
v 0.942797 6.297552 0.203987
v 1.000902 6.285088 0.292406
v 1.022114 6.280851 0.309568
v 1.021067 6.277599 0.372571
v 1.040293 6.276687 0.332607
v 1.108769 6.262281 0.379616
v 1.170005 6.248611 0.419037
v 1.284272 6.223299 0.459167
v 1.360792 6.207353 0.454598
v 1.352098 6.206317 0.493060
v 1.369219 6.198275 0.544309
v 1.439898 6.184383 0.519362
v 1.528256 6.161004 0.544156
v 1.527143 6.158376 0.576090
v 1.626826 6.133177 0.572028
v 1.610575 6.131011 0.637484
v 1.663886 6.118562 0.619936
v 1.695506 6.107514 0.642787
v 1.694453 6.102592 0.690535
v 1.677441 6.102499 0.731669
v 1.759659 6.080438 0.722159
v 1.803489 6.065475 0.739648
v 1.736897 6.079395 0.783449
v 1.755555 6.070426 0.810919
v 1.798461 6.061930 0.779865
v 1.875616 6.040675 0.762860
v 1.959291 6.011620 0.781819
v 1.952549 6.004492 0.850453
v 1.904068 6.018685 0.860001
v 1.830529 6.039329 0.874820
v 1.900316 6.014874 0.894276
v 1.931178 5.995347 0.957081
v 1.977207 5.993749 0.869062
v 2.002817 5.991690 0.823418
v 2.044391 5.958093 0.954587
v 2.069182 5.926486 1.088528
v 2.041607 5.912282 1.210951
v 2.018292 5.912106 1.250256
v 2.028763 5.896007 1.308002
v 2.085923 5.850530 1.417696
v 2.088728 5.819243 1.537291
v 2.073379 5.817376 1.564888
v 2.055989 5.806190 1.628099
v 2.032679 5.795447 1.694299
v 2.054452 5.766544 1.765174
v 2.107369 5.732976 1.811524
v 2.140592 5.700756 1.873201
v 2.144609 5.660479 1.987277
v 2.215313 5.620079 2.024041
v 2.258582 5.576189 2.096322
v 2.308486 5.522873 2.181378
v 2.258314 5.519490 2.241625
v 2.145218 5.564274 2.241992
v 2.065362 5.564553 2.315095
v 1.990999 5.593992 2.309289
v 1.902274 5.645146 2.259054
v 1.756617 5.707909 2.218943
v 1.696972 5.739721 2.183010
v 1.636504 5.782363 2.115602
v 1.529497 5.824693 2.079240
v 1.497636 5.857409 2.009350
v 1.452901 5.872716 1.997481
v 1.414730 5.921868 1.876074
v 1.439539 5.936999 1.808152
v 1.424705 5.953711 1.764421
v 1.379772 5.984081 1.696068
v 1.368425 5.970451 1.752361
v 1.361135 5.964658 1.777584
v 1.341929 5.959070 1.810622
v 1.283201 5.971812 1.811214
v 1.240142 5.997708 1.754760
v 1.219589 6.017401 1.700921
v 1.246059 6.017928 1.679737
v 1.322515 6.008155 1.656102
v 1.232181 6.031276 1.641670
v 1.185191 6.043433 1.631528
v 1.165164 6.038464 1.664026
v 1.126117 6.047197 1.659189
v 1.101277 6.079008 1.556437
v 1.062197 6.091270 1.535514
v 0.999789 6.113350 1.488966
v 0.907039 6.145496 1.414142
v 0.853671 6.156742 1.398361
v 0.830483 6.168549 1.359757
v 0.735591 6.184498 1.341838
v 0.681855 6.186438 1.361138
v 0.619412 6.185365 1.395433
v 0.562345 6.183402 1.427916
v 0.521363 6.191834 1.406775
v 0.456764 6.207926 1.357447
v 0.506129 6.215695 1.303306
v 0.549330 6.216982 1.279459
v 0.443165 6.223236 1.290185
v 0.379324 6.232798 1.264113
v 0.370106 6.241604 1.222718
v 0.431552 6.252113 1.146513
v 0.482330 6.262166 1.068775
v 0.472925 6.269484 1.029344
v 0.409216 6.276460 1.014017
v 0.407630 6.283916 0.967410
v 0.431333 6.296240 0.872325
v 0.447856 6.298049 0.850673
v 0.418953 6.305394 0.810013
v 0.437709 6.309517 0.766841
v 0.468843 6.311915 0.727709
v 0.506607 6.312049 0.700736
v 0.540469 6.307258 0.718355
v 0.534475 6.315604 0.645853
v 0.588480 6.309997 0.653661
v 0.610286 6.308780 0.645356
v 0.658796 6.303636 0.647917
v 0.590797 6.312051 0.631354
v 0.559976 6.318337 0.595559
v -0.010321 1.512713 6.188799
v -0.065690 1.531548 6.183825
v -0.132999 1.533497 6.182260
v -0.182183 1.554899 6.175657
v -0.239722 1.599351 6.162325
v -0.236769 1.630681 6.154223
v -0.224062 1.655872 6.147969
v -0.239091 1.675927 6.141966
v -0.186744 1.763199 6.119305
v -0.049628 1.763520 6.121861
v -0.046811 1.799876 6.111293
v -0.064068 1.806346 6.109227
v -0.075816 1.829441 6.102216
v -0.115064 1.854029 6.094176
v -0.154378 1.889498 6.082401
v -0.106426 1.889761 6.083348
v -0.106017 1.949448 6.064491
v -0.007192 1.949631 6.065355
v 0.090716 1.948466 6.065055
v 0.090289 1.864356 6.091442
v 0.082441 1.743997 6.127097
v 0.114362 1.744033 6.126574
v 0.149355 1.724678 6.131298
v 0.158465 1.740623 6.126562
v 0.189949 1.726963 6.129532
v 0.141458 1.686095 6.142208
v 0.090747 1.656069 6.151328
v 0.083262 1.635430 6.156954
v 0.091908 1.614328 6.162397
v 0.069639 1.587002 6.169782
v 0.044451 1.580373 6.171717
v 0.050199 1.567684 6.174908
v 0.029983 1.555762 6.178054
v -0.006982 1.528547 6.184912
v -0.010321 1.512713 6.188799
v 3.174595 0.927069 5.445377
v 3.239778 0.886584 5.413635
v 3.303105 0.814788 5.386581
v 3.309442 0.757972 5.390984
v 3.344987 0.755356 5.369371
v 3.398387 0.701468 5.343084
v 3.437370 0.662982 5.323024
v 3.427710 0.563418 5.340693
v 3.372263 0.534511 5.378827
v 3.378480 0.508376 5.377459
v 3.363434 0.451170 5.391975
v 3.407825 0.370587 5.370199
v 3.437782 0.370458 5.351080
v 3.451851 0.307771 5.345993
v 3.510807 0.211179 5.312182
v 3.488288 0.207199 5.327153
v 3.436530 0.216626 5.360315
v 3.406557 0.187068 5.380522
v 3.364247 0.167573 5.407717
v 3.334433 0.162765 5.426297
v 3.324230 0.140993 5.433163
v 3.277499 0.146508 5.461335
v 3.217959 0.198661 5.494990
v 3.210089 0.250083 5.497493
v 3.184268 0.306250 5.509654
v 3.196915 0.400760 5.496250
v 3.222175 0.439849 5.478482
v 3.198316 0.491383 5.488074
v 3.164689 0.508173 5.506010
v 3.175136 0.556827 5.495279
v 3.151652 0.582346 5.506143
v 3.101780 0.577451 5.534903
v 3.032265 0.661424 5.563949
v 3.056968 0.691855 5.546704
v 3.052251 0.742876 5.542702
v 3.110565 0.760599 5.507769
v 3.133158 0.781276 5.492046
v 3.097745 0.822211 5.506141
v 3.103504 0.862397 5.496742
v 3.174595 0.927069 5.445377
v 0.290639 1.431504 6.201287
v 0.271593 1.465380 6.194234
v 0.238671 1.474787 6.193358
v 0.245779 1.518082 6.182609
v 0.230994 1.529771 6.180298
v 0.208726 1.537468 6.179180
v 0.161496 1.524608 6.183780
v 0.157386 1.539143 6.180284
v 0.124738 1.556439 6.176696
v 0.101422 1.577943 6.171665
v 0.069639 1.587002 6.169782
v 0.091908 1.614328 6.162397
v 0.083262 1.635430 6.156954
v 0.090747 1.656069 6.151328
v 0.141458 1.686095 6.142208
v 0.189949 1.726963 6.129532
v 0.201099 1.722781 6.130353
v 0.224371 1.741593 6.124227
v 0.254934 1.743127 6.122594
v 0.264953 1.734406 6.124645
v 0.281469 1.739719 6.122401
v 0.331249 1.730066 6.122646
v 0.380584 1.732861 6.118986
v 0.414708 1.744694 6.113403
v 0.426983 1.756663 6.109129
v 0.461070 1.751131 6.108240
v 0.486743 1.743870 6.108325
v 0.514563 1.746374 6.105329
v 0.535503 1.755650 6.100866
v 0.584523 1.740819 6.100617
v 0.601487 1.738459 6.099641
v 0.634553 1.718454 6.101959
v 0.666055 1.694438 6.105316
v 0.705303 1.678014 6.105445
v 0.734291 1.648488 6.110069
v 0.697658 1.650683 6.113768
v 0.683301 1.636052 6.119320
v 0.646603 1.622008 6.127041
v 0.619584 1.621936 6.129852
v 0.596283 1.608260 6.135763
v 0.574717 1.613121 6.136545
v 0.556068 1.629551 6.133922
v 0.544956 1.626423 6.135749
v 0.531797 1.600719 6.143658
v 0.521486 1.601651 6.144299
v 0.520186 1.579488 6.150143
v 0.483298 1.549808 6.160695
v 0.463724 1.536977 6.165412
v 0.452922 1.523590 6.169536
v 0.420786 1.545404 6.166385
v 0.398008 1.516603 6.175042
v 0.375516 1.517373 6.176262
v 0.350283 1.514820 6.178371
v 0.353304 1.461653 6.190993
v 0.337460 1.460691 6.192103
v 0.324229 1.435958 6.198592
v 0.290639 1.431504 6.201287
v 4.195706 4.575870 -1.430773
v 4.218744 4.545795 -1.458626
v 4.231868 4.523535 -1.489485
v 4.269777 4.493975 -1.470659
v 4.264761 4.511388 -1.431375
v 4.282761 4.510300 -1.380140
v 4.290468 4.523321 -1.311904
v 4.302701 4.521585 -1.277373
v 4.323189 4.505302 -1.265676
v 4.313633 4.523321 -1.233604
v 4.349536 4.490701 -1.226698
v 4.373934 4.453672 -1.274029
v 4.392120 4.428966 -1.297374
v 4.409100 4.399016 -1.340945
v 4.416276 4.381177 -1.375295
v 4.437438 4.347334 -1.414027
v 4.442199 4.316468 -1.491514
v 4.457184 4.302545 -1.487031
v 4.454390 4.332798 -1.405316
v 4.442254 4.362060 -1.352202
v 4.441463 4.386089 -1.274860
v 4.404953 4.445081 -1.194691
v 4.395125 4.451029 -1.208659
v 4.372915 4.484368 -1.165203
v 4.347687 4.510954 -1.156960
v 4.348343 4.523321 -1.105045
v 4.387140 4.489392 -1.089955
v 4.367132 4.515731 -1.061118
v 4.340047 4.542883 -1.056337
v 4.338143 4.544144 -1.058733
v 4.327567 4.541481 -1.112094
v 4.311026 4.554623 -1.122545
v 4.316807 4.541912 -1.151457
v 4.310300 4.540401 -1.181403
v 4.288967 4.562146 -1.175256
v 4.273904 4.570084 -1.199049
v 4.240749 4.601266 -1.197512
v 4.203209 4.621647 -1.250220
v 4.205705 4.612213 -1.276389
v 4.221478 4.579187 -1.341570
v 4.216254 4.564295 -1.407144
v 4.195706 4.575870 -1.430773
v 1.732317 2.170198 5.734018
v 1.793777 2.165578 5.716841
v 1.881962 2.149147 5.694649
v 1.897010 2.092042 5.710898
v 1.893754 2.051620 5.726621
v 1.871231 2.033871 5.740340
v 1.900321 2.002205 5.741916
v 1.901217 1.973505 5.751547
v 1.832639 1.991466 5.767594
v 1.785780 1.984140 5.784792
v 1.723363 1.991777 5.801076
v 1.677725 1.972025 5.821168
v 1.620339 2.004937 5.826180
v 1.626232 2.038929 5.812726
v 1.720794 2.024295 5.790573
v 1.797748 2.015832 5.770110
v 1.831582 2.039299 5.751192
v 1.781063 2.084876 5.750717
v 1.777667 2.124963 5.737079
v 1.712729 2.141304 5.750741
v 1.732317 2.170198 5.734018
v 4.183952 4.648245 -1.215732
v 4.126507 4.696906 -1.225012
v 4.113546 4.713155 -1.206048
v 4.101338 4.713302 -1.246375
v 4.067429 4.743753 -1.241960
v 4.076418 4.724702 -1.284388
v 4.076620 4.716560 -1.313345
v 4.047379 4.725708 -1.369688
v 4.029744 4.740655 -1.370034
v 4.017832 4.742854 -1.397142
v 3.993696 4.754362 -1.426913
v 3.995986 4.749627 -1.436239
v 3.974359 4.758870 -1.465356
v 3.949987 4.776225 -1.474762
v 3.936730 4.780711 -1.495525
v 3.931566 4.758309 -1.578267
v 3.917783 4.765865 -1.589701
v 3.923034 4.745738 -1.636282
v 3.941478 4.725800 -1.649607
v 3.974841 4.710127 -1.613997
v 4.039585 4.659017 -1.601548
v 4.107447 4.607259 -1.578507
v 4.143342 4.592749 -1.526111
v 4.156377 4.596158 -1.479696
v 4.195706 4.575870 -1.430773
v 4.216254 4.564295 -1.407144
v 4.221478 4.579187 -1.341570
v 4.205705 4.612213 -1.276389
v 4.203209 4.621647 -1.250220
v 4.181226 4.647404 -1.228263
v 4.183952 4.648245 -1.215732
v -3.202332 -1.132538 -5.389997
v -3.162489 -1.134625 -5.413033
v -3.042757 -1.057875 -5.496560
v -3.133599 -1.036308 -5.449428
v -3.180607 -1.069710 -5.415635
v -3.210659 -1.102992 -5.391170
v -3.202332 -1.132538 -5.389997
v -3.546430 -1.121640 -5.172465
v -3.466356 -1.145711 -5.221242
v -3.456729 -1.132584 -5.230480
v -3.468596 -1.095362 -5.230551
v -3.514071 -1.028484 -5.213748
v -3.607510 -0.984868 -5.158057
v -3.614658 -1.006526 -5.148863
v -3.613208 -1.039801 -5.143266
v -3.546430 -1.121640 -5.172465
v -2.951473 -0.897206 -5.574358
v -2.984487 -0.926557 -5.551934
v -3.044817 -0.917568 -5.520580
v -3.065289 -0.964323 -5.501247
v -2.952066 -0.986389 -5.558955
v -2.883581 -1.001135 -5.592167
v -2.831047 -1.000261 -5.619100
v -2.869125 -0.936982 -5.610689
v -2.922743 -0.936118 -5.583090
v -2.951473 -0.897206 -5.574358
v -3.426417 -0.897047 -5.295717
v -3.407993 -0.958165 -5.296899
v -3.265431 -0.989358 -5.380313
v -3.140715 -0.975818 -5.456494
v -3.143427 -0.935629 -5.461969
v -3.220542 -0.912757 -5.420758
v -3.277100 -0.945734 -5.381063
v -3.340061 -0.937363 -5.343686
v -3.426417 -0.897047 -5.295717
v -2.020346 -0.751887 -5.995207
v -2.219173 -0.762892 -5.923083
v -2.243823 -0.717371 -5.919483
v -2.431885 -0.770473 -5.837975
v -2.465359 -0.841968 -5.814012
v -2.615601 -0.862058 -5.745009
v -2.733956 -0.927484 -5.679340
v -2.617699 -0.969378 -5.726919
v -2.509949 -0.925079 -5.782217
v -2.418133 -0.928075 -5.820735
v -2.312768 -0.919928 -5.864681
v -2.217668 -0.900170 -5.904344
v -2.099791 -0.858107 -5.953501
v -2.023823 -0.847190 -5.981308
v -1.979769 -0.860970 -5.994071
v -1.789720 -0.815583 -6.059816
v -1.773030 -0.768140 -6.070911
v -1.676102 -0.760028 -6.099400
v -1.752287 -0.654440 -6.090225
v -1.880657 -0.660973 -6.051106
v -1.964260 -0.704175 -6.019590
v -2.007484 -0.712598 -6.004319
v -2.020346 -0.751887 -5.995207
v -4.456929 -0.689656 -4.499978
v -4.410316 -0.764866 -4.533623
v -4.409221 -0.681704 -4.547933
v -4.426193 -0.641955 -4.537219
v -4.445314 -0.604550 -4.523643
v -4.461000 -0.636924 -4.503715
v -4.456929 -0.689656 -4.499978
v -3.849233 -0.384397 -5.062142
v -3.814682 -0.421231 -5.085313
v -3.753843 -0.400857 -5.132019
v -3.738038 -0.353116 -5.147040
v -3.828504 -0.347791 -5.080476
v -3.849233 -0.384397 -5.062142
v -4.129183 -0.343844 -4.839552
v -4.156431 -0.428718 -4.809357
v -4.086990 -0.382980 -4.872318
v -4.015875 -0.373694 -4.931809
v -3.966814 -0.381024 -4.970800
v -3.906652 -0.377112 -5.018516
v -3.929430 -0.316070 -5.004930
v -4.036543 -0.311461 -4.919243
v -4.129183 -0.343844 -4.839552
v -4.436226 -0.128073 -4.570902
v -4.454145 -0.307799 -4.544831
v -4.532971 -0.374261 -4.461137
v -4.601777 -0.256462 -4.398581
v -4.690666 -0.189394 -4.307137
v -4.756929 -0.189302 -4.233844
v -4.818630 -0.228045 -4.161543
v -4.870916 -0.267795 -4.097817
v -4.946114 -0.289024 -4.005254
v -4.926519 -0.650359 -3.986989
v -4.890973 -1.009590 -3.955850
v -4.839513 -0.919382 -4.040234
v -4.769549 -0.897246 -4.127468
v -4.748343 -0.928598 -4.144947
v -4.655162 -0.931980 -4.248591
v -4.695891 -0.842372 -4.222400
v -4.745008 -0.811759 -4.173198
v -4.736641 -0.691695 -4.204216
v -4.708266 -0.598830 -4.250091
v -4.567665 -0.505022 -4.412599
v -4.504202 -0.495754 -4.478397
v -4.390239 -0.393252 -4.600086
v -4.364035 -0.447171 -4.620051
v -4.332520 -0.456950 -4.648668
v -4.315964 -0.416271 -4.667849
v -4.317726 -0.368049 -4.670270
v -4.257025 -0.313504 -4.729598
v -4.346434 -0.273502 -4.650091
v -4.403913 -0.275660 -4.595563
v -4.398020 -0.246185 -4.602874
v -4.279005 -0.245961 -4.713731
v -4.247788 -0.179796 -4.744851
v -4.173648 -0.159273 -4.810918
v -4.138733 -0.104265 -4.842485
v -4.251761 -0.077330 -4.744069
v -4.294258 -0.041090 -4.706092
v -4.424102 -0.086753 -4.583605
v -4.436226 -0.128073 -4.570902
v -3.675001 0.157862 -5.201835
v -3.602701 0.047578 -5.254324
v -3.533543 0.026197 -5.301229
v -3.443933 0.047940 -5.359726
v -3.286640 0.042389 -5.457641
v -3.203087 0.026381 -5.507194
v -3.189304 -0.057783 -5.514947
v -3.274206 -0.156647 -5.463028
v -3.326083 -0.106293 -5.432819
v -3.501391 -0.068458 -5.322144
v -3.493341 -0.119662 -5.326527
v -3.452890 -0.103512 -5.353174
v -3.411480 -0.168647 -5.378011
v -3.327784 -0.211730 -5.428689
v -3.413590 -0.354091 -5.367650
v -3.395265 -0.392214 -5.376615
v -3.474183 -0.520223 -5.314985
v -3.469891 -0.592989 -5.310166
v -3.418582 -0.625529 -5.339631
v -3.383943 -0.586603 -5.366048
v -3.433254 -0.495891 -5.343828
v -3.339390 -0.538799 -5.398871
v -3.317238 -0.508127 -5.415476
v -3.331209 -0.465323 -5.410745
v -3.265135 -0.400272 -5.456035
v -3.275228 -0.292078 -5.456850
v -3.210662 -0.325837 -5.493189
v -3.214748 -0.455242 -5.481587
v -3.211878 -0.613759 -5.467795
v -3.150380 -0.629823 -5.501643
v -3.110578 -0.597336 -5.527851
v -3.142543 -0.495364 -5.519844
v -3.131285 -0.388320 -5.534790
v -3.090606 -0.387500 -5.557665
v -3.062446 -0.311444 -5.577999
v -3.104126 -0.238691 -5.558513
v -3.119254 -0.150449 -5.553131
v -3.168718 0.017152 -5.527076
v -3.188782 0.062988 -5.515192
v -3.269561 0.145566 -5.466116
v -3.344116 0.112740 -5.421606
v -3.462734 0.097313 -5.346929
v -3.569304 0.101973 -5.276297
v -3.658758 0.182697 -5.212461
v -3.675001 0.157862 -5.201835
v -3.981623 0.125907 -4.971968
v -3.977820 0.028742 -4.976521
v -3.932824 0.039631 -5.012082
v -3.919540 -0.028030 -5.022555
v -3.955223 -0.086730 -4.993829
v -3.930652 -0.100071 -5.012943
v -3.895686 -0.029644 -5.041070
v -3.868943 0.112493 -5.060461
v -3.885339 0.201306 -5.045122
v -3.913631 0.241746 -5.021423
v -3.921159 0.181060 -5.018104
v -3.972827 0.171310 -4.977644
v -3.981623 0.125907 -4.971968
v -2.977270 0.203190 -5.628874
v -3.088023 0.100318 -5.571687
v -2.972237 0.087201 -5.634522
v -2.939659 0.011395 -5.652249
v -2.943645 -0.089367 -5.649478
v -2.847740 -0.165402 -5.696724
v -2.843416 -0.276068 -5.694595
v -2.800770 -0.445830 -5.704960
v -2.787261 -0.406368 -5.714515
v -2.671990 -0.456285 -5.765580
v -2.633928 -0.388463 -5.788018
v -2.561854 -0.382189 -5.820694
v -2.511902 -0.346621 -5.844642
v -2.389231 -0.386542 -5.893369
v -2.352780 -0.332815 -5.911286
v -2.284929 -0.338921 -5.937497
v -2.199496 -0.326107 -5.970386
v -2.185576 -0.177097 -5.981767
v -2.133661 -0.146198 -6.001313
v -2.083784 -0.051094 -6.020372
v -2.069162 0.046187 -6.025452
v -2.080891 0.149203 -6.019740
v -2.142473 0.223063 -5.995806
v -2.160672 0.148780 -5.991578
v -2.232432 0.085966 -5.966448
v -2.299339 0.108574 -5.940614
v -2.365437 0.100565 -5.914747
v -2.425034 0.156782 -5.889335
v -2.474146 0.166528 -5.868604
v -2.571002 0.135375 -5.827629
v -2.653456 0.159069 -5.789949
v -2.702721 0.313608 -5.760780
v -2.740503 0.352224 -5.740664
v -2.771567 0.478417 -5.716570
v -2.885712 0.478365 -5.659812
v -2.971650 0.459675 -5.616728
v -2.918707 0.359461 -5.651688
v -2.993360 0.254312 -5.618253
v -2.977270 0.203190 -5.628874
v -1.727535 -0.649621 -6.097807
v -1.609316 -0.651936 -6.129822
v -1.521164 -0.559403 -6.161394
v -1.384319 -0.468847 -6.201087
v -1.338918 -0.401608 -6.215758
v -1.257675 -0.311197 -6.237872
v -1.204229 -0.227930 -6.252001
v -1.121785 -0.072314 -6.271045
v -1.025594 0.020364 -6.287876
v -0.993186 0.115957 -6.292041
v -0.952356 0.202730 -6.296154
v -0.852799 0.272698 -6.307774
v -0.794627 0.367716 -6.310546
v -0.711198 0.429871 -6.316569
v -0.595200 0.552033 -6.319069
v -0.585035 0.608400 -6.314842
v -0.656001 0.603938 -6.308293
v -0.826439 0.582549 -6.290252
v -0.924731 0.474182 -6.285671
v -1.010311 0.398967 -6.277718
v -1.071142 0.352789 -6.270394
v -1.175693 0.233388 -6.257229
v -1.286534 0.231645 -6.235448
v -1.378338 0.155513 -6.218170
v -1.441418 0.062419 -6.205486
v -1.523840 0.011625 -6.186066
v -1.480423 -0.079163 -6.196105
v -1.542185 -0.117772 -6.180407
v -1.580888 -0.120622 -6.170566
v -1.598648 -0.198159 -6.163984
v -1.635527 -0.260171 -6.151992
v -1.714115 -0.269994 -6.130135
v -1.765166 -0.340292 -6.112122
v -1.735930 -0.478302 -6.111253
v -1.727535 -0.649621 -6.097807
v 1.092852 3.699116 -5.070686
v 1.011887 3.592239 -5.163482
v 1.030824 3.516965 -5.211334
v 1.000459 3.469373 -5.249017
v 1.009227 3.421615 -5.278604
v 1.073657 3.434210 -5.257671
v 1.060616 3.330346 -5.326681
v 0.975634 3.270122 -5.379970
v 0.850955 3.203152 -5.441078
v 0.915327 3.159451 -5.456160
v 0.961034 3.068714 -5.499914
v 0.871037 3.031776 -5.535275
v 0.783427 2.983684 -5.574362
v 0.659716 2.928428 -5.619495
v 0.525711 2.915622 -5.640250
v 0.471032 2.865214 -5.670831
v 0.394852 2.855753 -5.681409
v 0.276037 2.832561 -5.700004
v 0.193136 2.834226 -5.702587
v 0.181105 2.873573 -5.683258
v 0.193065 2.936455 -5.650628
v 0.184712 2.978875 -5.628661
v 0.124545 2.999528 -5.619338
v 0.117156 2.921989 -5.660203
v 0.115250 2.902174 -5.670427
v 0.025374 2.864539 -5.690643
v -0.037023 2.880054 -5.682742
v -0.120821 2.873399 -5.684947
v -0.201715 2.876342 -5.681162
v -0.207534 2.937126 -5.649767
v -0.166904 2.968569 -5.634659
v -0.245911 2.980874 -5.625261
v -0.332910 3.053712 -5.581546
v -0.442392 3.115668 -5.539544
v -0.524694 3.091806 -5.545725
v -0.591215 3.132662 -5.516025
v -0.640200 3.072271 -5.544451
v -0.609939 3.031281 -5.570364
v -0.715663 3.016654 -5.565722
v -0.725546 2.979465 -5.584444
v -0.692532 2.961416 -5.598219
v -0.704453 2.900670 -5.628454
v -0.633171 2.918557 -5.627678
v -0.508971 2.850045 -5.675194
v -0.514512 2.792993 -5.702991
v -0.462787 2.708866 -5.747827
v -0.459524 2.659729 -5.770989
v -0.417294 2.576148 -5.811967
v -0.337382 2.599297 -5.806847
v -0.336080 2.493816 -5.852997
v -0.313773 2.458927 -5.868975
v -0.325611 2.415299 -5.886421
v -0.275372 2.390870 -5.898945
v -0.218573 2.553425 -5.832828
v -0.190467 2.553104 -5.833954
v -0.174660 2.487840 -5.862575
v -0.118171 2.540790 -5.841238
v -0.148994 2.598696 -5.815000
v -0.194304 2.604560 -5.811037
v -0.239443 2.690152 -5.770216
v -0.181110 2.707350 -5.764295
v -0.087800 2.705857 -5.767172
v 0.007975 2.719656 -5.761341
v 0.016747 2.789372 -5.727893
v 0.064444 2.794302 -5.725152
v 0.143046 2.837404 -5.702484
v 0.179239 2.769660 -5.734675
v 0.107458 2.716532 -5.761818
v 0.170839 2.678997 -5.777839
v 0.193785 2.642178 -5.794047
v 0.131810 2.615039 -5.808084
v 0.149757 2.553797 -5.834838
v 0.115111 2.476972 -5.868645
v 0.099759 2.392361 -5.903922
v 0.114807 2.354684 -5.918777
v 0.185055 2.355984 -5.916480
v 0.312751 2.334520 -5.919615
v 0.308374 2.256492 -5.950024
v 0.365199 2.194847 -5.969834
v 0.517195 2.124438 -5.984055
v 0.638457 2.000658 -6.014930
v 0.719891 1.933946 -6.027541
v 0.827549 1.864469 -6.035608
v 0.829719 1.815502 -6.050220
v 0.883449 1.789218 -6.050443
v 0.980223 1.750951 -6.046732
v 1.029757 1.745307 -6.040128
v 1.065281 1.663583 -6.057005
v 1.049401 1.523559 -6.096488
v 1.047371 1.433842 -6.118558
v 1.096628 1.330719 -6.133208
v 1.103579 1.145414 -6.169261
v 1.159432 1.140118 -6.159991
v 1.211149 1.056578 -6.164933
v 1.179503 1.020419 -6.177148
v 1.278660 0.989290 -6.162465
v 1.317220 0.914517 -6.165893
v 1.361342 0.882877 -6.160918
v 1.459442 0.985580 -6.122769
v 1.502638 1.139108 -6.085569
v 1.538171 1.249273 -6.054997
v 1.572514 1.300803 -6.035292
v 1.622486 1.405189 -5.998552
v 1.639917 1.540484 -5.960472
v 1.653289 1.607787 -5.938964
v 1.735942 1.755086 -5.873314
v 1.760114 1.961192 -5.800463
v 1.776977 2.096074 -5.747910
v 1.763138 2.222785 -5.704403
v 1.771353 2.320075 -5.662968
v 1.922317 2.257962 -5.638790
v 1.989950 2.270423 -5.610251
v 2.099779 2.395822 -5.517300
v 2.048109 2.433018 -5.520445
v 2.070612 2.473287 -5.494093
v 2.168785 2.559991 -5.415945
v 2.094788 2.627749 -5.412618
v 1.885443 2.627485 -5.489177
v 1.891320 2.714159 -5.444804
v 1.936437 2.765069 -5.403170
v 1.934403 2.841917 -5.363882
v 1.987694 2.886523 -5.320404
v 1.867152 2.989943 -5.306942
v 1.760463 2.982476 -5.347452
v 1.646149 3.084986 -5.325664
v 1.571970 3.183228 -5.290142
v 1.466922 3.279383 -5.261504
v 1.457260 3.347083 -5.221405
v 1.370724 3.401643 -5.209567
v 1.436057 3.447942 -5.161306
v 1.456060 3.510962 -5.112991
v 1.472454 3.591850 -5.051745
v 1.421793 3.631348 -5.038001
v 1.291726 3.609025 -5.088813
v 1.190358 3.622632 -5.103845
v 1.092852 3.699116 -5.070686
v 3.734725 5.145578 0.405582
v 3.799388 5.098338 0.401543
v 3.872205 5.038172 0.460969
v 3.907259 4.997694 0.588240
v 3.878537 5.008101 0.682291
v 3.797059 5.079034 0.612697
v 3.701881 5.146482 0.632011
v 3.645895 5.197332 0.533697
v 3.610495 5.227199 0.479958
v 3.660517 5.192911 0.473211
v 3.706776 5.158163 0.492757
v 3.710650 5.159060 0.452569
v 3.734725 5.145578 0.405582
v 2.988487 3.851805 -4.101485
v 2.917721 3.868922 -4.136180
v 2.844149 3.919234 -4.140055
v 2.796735 3.916692 -4.174618
v 2.757647 3.933007 -4.185269
v 2.708907 3.924940 -4.224490
v 2.644955 3.880387 -4.305398
v 2.588472 3.870739 -4.348199
v 2.530502 3.792063 -4.450444
v 2.473532 3.788865 -4.485062
v 2.493193 3.713231 -4.537130
v 2.564198 3.599781 -4.588693
v 2.608457 3.532735 -4.615775
v 2.577726 3.519064 -4.643400
v 2.628732 3.468148 -4.653102
v 2.625361 3.393348 -4.709810
v 2.637024 3.333395 -4.745969
v 2.578699 3.317407 -4.789026
v 2.589309 3.256096 -4.825242
v 2.690106 3.169042 -4.828058
v 2.662117 3.118173 -4.876451
v 2.643189 3.059439 -4.923721
v 2.571357 3.016464 -4.987856
v 2.589877 2.929852 -5.029726
v 2.551502 2.913857 -5.058549
v 2.554629 2.868226 -5.082990
v 2.693854 2.816821 -5.039674
v 2.753633 2.700383 -5.071004
v 2.911380 2.730752 -4.965531
v 2.999602 2.753817 -4.899849
v 3.092149 2.766839 -4.834548
v 3.095060 2.889015 -4.760655
v 3.129773 2.906562 -4.727162
v 3.197977 2.888869 -4.692229
v 3.294057 2.840801 -4.654963
v 3.382739 2.873768 -4.570358
v 3.438952 2.949772 -4.479074
v 3.504564 2.977809 -4.409119
v 3.524097 3.070667 -4.329132
v 3.532776 3.199720 -4.227402
v 3.578180 3.184124 -4.200907
v 3.612398 3.215986 -4.147005
v 3.653758 3.178446 -4.139707
v 3.673908 3.228971 -4.082375
v 3.654367 3.279891 -4.059256
v 3.676951 3.279864 -4.038832
v 3.637264 3.348648 -4.018272
v 3.642778 3.420243 -3.952436
v 3.703609 3.471507 -3.849878
v 3.708940 3.559649 -3.763284
v 3.659454 3.631279 -3.743240
v 3.611212 3.662745 -3.759400
v 3.590068 3.715698 -3.727551
v 3.618779 3.742760 -3.672305
v 3.603968 3.849283 -3.575482
v 3.599010 3.919889 -3.503033
v 3.571842 3.946979 -3.500421
v 3.533419 4.046285 -3.425225
v 3.477912 4.070702 -3.452992
v 3.487227 4.038346 -3.481472
v 3.479114 3.998514 -3.535151
v 3.442964 3.986995 -3.583226
v 3.418842 3.989545 -3.603428
v 3.309092 4.053172 -3.634742
v 3.281735 4.059506 -3.652433
v 3.276633 4.034303 -3.684796
v 3.321929 3.991574 -3.690767
v 3.305532 3.946027 -3.753928
v 3.286935 3.950379 -3.765662
v 3.299041 3.885726 -3.821924
v 3.244377 3.867344 -3.886812
v 3.218283 3.822859 -3.951966
v 3.126269 3.807507 -4.039675
v 3.004597 3.831057 -4.109141
v 2.988487 3.851805 -4.101485
v 3.618779 3.742760 -3.672305
v 3.590068 3.715698 -3.727551
v 3.611212 3.662745 -3.759400
v 3.659454 3.631279 -3.743240
v 3.708940 3.559649 -3.763284
v 3.703609 3.471507 -3.849878
v 3.642778 3.420243 -3.952436
v 3.637264 3.348648 -4.018272
v 3.676951 3.279864 -4.038832
v 3.654367 3.279891 -4.059256
v 3.673908 3.228971 -4.082375
v 3.653758 3.178446 -4.139707
v 3.694616 3.183171 -4.099619
v 3.739296 3.191187 -4.052608
v 3.827125 3.098348 -4.042647
v 3.953196 3.106105 -3.913310
v 4.057210 3.299400 -3.639046
v 4.119455 3.365736 -3.505931
v 4.179860 3.391285 -3.408460
v 4.146617 3.505134 -3.333053
v 3.966067 3.601182 -3.448398
v 3.885357 3.711265 -3.423471
v 3.855115 3.776985 -3.385575
v 3.810428 3.799071 -3.411354
v 3.748958 3.854546 -3.417225
v 3.715548 3.868290 -3.438122
v 3.651255 3.856879 -3.518872
v 3.641855 3.834298 -3.553125
v 3.603967 3.849283 -3.575484
v 3.618779 3.742760 -3.672305
v 2.463769 5.840632 0.637573
v 2.524818 5.811516 0.664241
v 2.604485 5.780025 0.630560
v 2.663616 5.743848 0.709223
v 2.689778 5.710468 0.863305
v 2.693696 5.701447 0.909474
v 2.658309 5.708735 0.966114
v 2.579005 5.724274 1.082153
v 2.556139 5.745677 1.021270
v 2.470603 5.768960 1.097661
v 2.485253 5.778073 1.013424
v 2.457048 5.791752 1.004075
v 2.397184 5.802479 1.083689
v 2.349221 5.832010 1.028817
v 2.361652 5.838613 0.960645
v 2.451456 5.808019 0.920284
v 2.422716 5.832640 0.836897
v 2.467885 5.819920 0.792286
v 2.437333 5.843777 0.706626
v 2.463769 5.840632 0.637573
v 4.352259 3.442731 -3.129710
v 4.377101 3.413188 -3.127422
v 4.390002 3.426184 -3.094962
v 4.433609 3.363525 -3.101523
v 4.425340 3.352919 -3.124730
v 4.445808 3.339903 -3.109579
v 4.460685 3.314932 -3.114990
v 4.428564 3.327804 -3.146933
v 4.445591 3.290840 -3.161761
v 4.546460 3.137359 -3.174322
v 4.502774 3.302191 -3.067605
v 4.471427 3.333466 -3.079608
v 4.472371 3.338839 -3.072409
v 4.435615 3.382990 -3.077392
v 4.387801 3.453781 -3.067286
v 4.367601 3.477403 -3.069426
v 4.365608 3.478368 -3.071167
v 4.347687 3.478195 -3.096679
v 4.334029 3.494504 -3.097463
v 4.318827 3.495726 -3.117255
v 4.338129 3.457588 -3.132948
v 4.352970 3.443369 -3.128018
v 4.352259 3.442731 -3.129710
v 4.822062 3.942602 -1.339123
v 4.882203 3.873481 -1.322828
v 4.898863 3.846072 -1.341087
v 4.936872 3.800333 -1.332069
v 4.929900 3.833864 -1.259844
v 4.933868 3.843440 -1.214315
v 4.928481 3.888376 -1.086393
v 4.891607 3.933444 -1.090799
v 4.874400 3.925442 -1.191961
v 4.845183 3.934974 -1.276647
v 4.822062 3.942602 -1.339123
v 4.731115 4.197346 -0.767122
v 4.773710 4.137634 -0.825419
v 4.868596 4.024709 -0.829539
v 4.870648 4.030145 -0.790166
v 4.899273 4.001325 -0.759055
v 4.885807 4.024232 -0.723939
v 4.801404 4.127335 -0.708004
v 4.763182 4.175555 -0.682991
v 4.760008 4.171352 -0.729233
v 4.731115 4.197346 -0.767122
v 4.262463 4.641789 -0.935330
v 4.258069 4.622072 -1.046392
v 4.298485 4.584210 -1.047707
v 4.327011 4.551206 -1.073843
v 4.330229 4.562527 -1.010991
v 4.371666 4.534895 -0.955462
v 4.408953 4.495956 -0.968070
v 4.432802 4.473455 -0.963383
v 4.465837 4.432971 -0.997352
v 4.486631 4.392578 -1.079373
v 4.538005 4.325538 -1.133961
v 4.573406 4.259323 -1.237646
v 4.555610 4.259833 -1.299951
v 4.565788 4.241527 -1.323883
v 4.586372 4.224973 -1.305541
v 4.590833 4.194804 -1.384743
v 4.593766 4.169432 -1.450099
v 4.607375 4.125413 -1.530588
v 4.617331 4.109566 -1.543167
v 4.646635 4.079059 -1.536132
v 4.629483 4.118804 -1.480874
v 4.640064 4.132747 -1.407070
v 4.694724 4.077746 -1.386073
v 4.701975 4.045990 -1.452941
v 4.740007 4.001001 -1.453947
v 4.754447 3.995868 -1.420533
v 4.824415 3.921144 -1.392584
v 4.839492 3.914387 -1.358870
v 4.819222 3.941155 -1.353530
v 4.778678 3.987840 -1.360519
v 4.759166 4.006336 -1.374502
v 4.729173 4.056235 -1.330986
v 4.701596 4.099317 -1.296237
v 4.702243 4.109913 -1.259830
v 4.678593 4.146467 -1.227691
v 4.679281 4.161793 -1.171940
v 4.659509 4.195530 -1.129663
v 4.669080 4.200951 -1.068340
v 4.650706 4.238559 -0.997592
v 4.618505 4.292319 -0.913811
v 4.586361 4.339435 -0.851021
v 4.516560 4.419266 -0.812660
v 4.514597 4.428569 -0.771896
v 4.499822 4.454880 -0.703764
v 4.515711 4.444128 -0.669122
v 4.557739 4.407007 -0.628447
v 4.567765 4.401117 -0.596102
v 4.533382 4.435888 -0.600824
v 4.529103 4.446003 -0.556711
v 4.471524 4.507219 -0.529236
v 4.444400 4.531091 -0.553316
v 4.417603 4.560345 -0.526951
v 4.394839 4.582230 -0.527444
v 4.407717 4.565650 -0.562597
v 4.399071 4.569336 -0.599156
v 4.366158 4.595535 -0.638248
v 4.376763 4.583312 -0.653327
v 4.368669 4.585766 -0.689296
v 4.334060 4.616782 -0.700636
v 4.334587 4.607168 -0.758287
v 4.315268 4.620102 -0.789149
v 4.281550 4.651373 -0.789110
v 4.284283 4.640555 -0.836549
v 4.267438 4.655022 -0.842253
v 4.238451 4.668196 -0.912754
v 4.262463 4.641789 -0.935330
v 1.300584 2.020549 5.900466
v 1.370513 2.011091 5.887856
v 1.427022 1.985734 5.883036
v 1.446277 1.956779 5.888034
v 1.374080 1.954808 5.905952
v 1.344004 1.937113 5.918690
v 1.284971 1.954105 5.926210
v 1.223240 1.992629 5.926446
v 1.234015 2.016753 5.916042
v 1.276867 2.024102 5.904428
v 1.300584 2.020549 5.900466
v 4.377101 3.413188 -3.127422
v 4.352259 3.442731 -3.129710
v 4.309535 3.405575 -3.227942
v 4.146617 3.505134 -3.333053
v 4.179860 3.391285 -3.408460
v 4.198095 3.377079 -3.400143
v 4.337810 3.329636 -3.269032
v 4.325427 3.234341 -3.379254
v 4.352431 3.218057 -3.360074
v 4.376909 3.185864 -3.358955
v 4.427412 3.172518 -3.304965
v 4.457114 3.137739 -3.298237
v 4.495430 3.107911 -3.274392
v 4.551090 3.123338 -3.181506
v 4.546460 3.137359 -3.174322
v 4.445591 3.290840 -3.161761
v 4.428564 3.327804 -3.146933
v 4.406513 3.355582 -3.148389
v 4.377101 3.413188 -3.127422
v -3.704620 3.576363 -3.751674
v -3.727995 3.544745 -3.758521
v -3.716783 3.488635 -3.821596
v -3.675734 3.518429 -3.833964
v -3.651035 3.496855 -3.877059
v -3.657204 3.442298 -3.919832
v -3.600805 3.468905 -3.948486
v -3.581886 3.513019 -3.926631
v -3.594521 3.568175 -3.864866
v -3.637648 3.557511 -3.834224
v -3.646872 3.596187 -3.789117
v -3.704620 3.576363 -3.751674
v -3.945483 3.846768 -3.197683
v -3.965402 3.775656 -3.257245
v -4.000721 3.730631 -3.265924
v -4.005852 3.666825 -3.331244
v -3.953157 3.623917 -3.439392
v -3.848630 3.618308 -3.561676
v -3.809815 3.513126 -3.705791
v -3.749310 3.548692 -3.733510
v -3.713503 3.617416 -3.703220
v -3.608937 3.597197 -3.824316
v -3.548902 3.553849 -3.919833
v -3.468859 3.552080 -3.992416
v -3.569191 3.483871 -3.963983
v -3.589480 3.324130 -4.081107
v -3.559024 3.284126 -4.139747
v -3.509474 3.321083 -4.152546
v -3.492892 3.406189 -4.097222
v -3.436300 3.433474 -4.122225
v -3.380655 3.497458 -4.114438
v -3.435859 3.526042 -4.043704
v -3.447208 3.584044 -3.982591
v -3.494851 3.631423 -3.897233
v -3.514860 3.693626 -3.820016
v -3.631881 3.720596 -3.681882
v -3.709431 3.702114 -3.622722
v -3.689525 3.861193 -3.473936
v -3.753260 3.818818 -3.452435
v -3.789636 3.907245 -3.310851
v -3.802107 3.941275 -3.255761
v -3.772226 4.047202 -3.159131
v -3.701293 4.142984 -3.118614
v -3.688811 4.196093 -3.061881
v -3.734469 4.211429 -2.984500
v -3.841833 4.094486 -3.010838
v -3.885472 4.025010 -3.048286
v -3.890092 3.937608 -3.154691
v -3.945483 3.846768 -3.197683
v -3.692543 4.439574 -2.691645
v -3.738745 4.422539 -2.655669
v -3.744240 4.456342 -2.590622
v -3.825536 4.366280 -2.624980
v -3.773142 4.344065 -2.735350
v -3.790609 4.262636 -2.837404
v -3.671200 4.318822 -2.908558
v -3.706899 4.228593 -2.994586
v -3.648925 4.227342 -3.066687
v -3.584965 4.309410 -3.027649
v -3.566100 4.372041 -2.959363
v -3.617350 4.376532 -2.889704
v -3.548060 4.487025 -2.804910
v -3.514086 4.548129 -2.748702
v -3.635256 4.466314 -2.725177
v -3.692543 4.439574 -2.691645
v 1.537895 4.284978 -4.456846
v 1.587048 4.269746 -4.454233
v 1.707585 4.211904 -4.464713
v 1.760659 4.151878 -4.500181
v 1.790056 4.151342 -4.489064
v 1.798581 4.191153 -4.448482
v 1.895935 4.193870 -4.405284
v 1.887467 4.262010 -4.343084
v 1.924121 4.262589 -4.326400
v 1.887958 4.344821 -4.260021
v 1.952897 4.403869 -4.169145
v 2.079502 4.397597 -4.114178
v 2.168489 4.385868 -4.080620
v 2.202535 4.458017 -3.983034
v 2.244541 4.487965 -3.925538
v 2.320575 4.544120 -3.815174
v 2.329406 4.550879 -3.801711
v 2.523965 4.504652 -3.731937
v 2.678315 4.205593 -3.966014
v 2.715742 4.201516 -3.944825
v 2.730288 4.266663 -3.864033
v 2.763410 4.289745 -3.814616
v 2.847806 4.272611 -3.771531
v 2.891859 4.245095 -3.769079
v 2.884512 4.265274 -3.751888
v 2.849513 4.299584 -3.739452
v 2.845974 4.328092 -3.709136
v 2.904289 4.355814 -3.630652
v 2.889361 4.428150 -3.554254
v 2.910971 4.448332 -3.511158
v 2.896820 4.474196 -3.489935
v 2.841783 4.466671 -3.544399
v 2.803552 4.524278 -3.501521
v 2.743393 4.536973 -3.532607
v 2.696322 4.525299 -3.583456
v 2.638530 4.601000 -3.529674
v 2.619483 4.648292 -3.481571
v 2.682301 4.644612 -3.438384
v 2.720594 4.663146 -3.382762
v 2.811299 4.629694 -3.354426
v 2.876615 4.613648 -3.320991
v 2.897318 4.626029 -3.285581
v 2.863953 4.665186 -3.259365
v 2.863482 4.715463 -3.186617
v 2.906066 4.713375 -3.150954
v 2.913784 4.763790 -3.066889
v 2.839549 4.819329 -3.049700
v 2.843285 4.834133 -3.022670
v 2.737840 4.912815 -2.993013
v 2.716444 4.871506 -3.078799
v 2.668543 4.923448 -3.037793
v 2.497819 4.999311 -3.058991
v 2.412122 5.001095 -3.124157
v 2.325081 4.953033 -3.263603
v 2.276786 4.924618 -3.339764
v 2.194628 4.954243 -3.350929
v 2.100170 4.955648 -3.408882
v 2.046128 4.919233 -3.493444
v 2.015595 4.940135 -3.481678
v 1.931427 4.937106 -3.533301
v 1.896474 4.970221 -3.505700
v 1.964849 5.017706 -3.398770
v 1.886847 5.050901 -3.393795
v 1.886170 5.069308 -3.366619
v 1.818575 5.086768 -3.377458
v 1.831349 5.132264 -3.300859
v 1.790226 5.154657 -3.288502
v 1.558622 5.177301 -3.369851
v 1.520632 5.193261 -3.362642
v 1.359905 5.216929 -3.394695
v 1.292942 5.243270 -3.380245
v 1.192758 5.229620 -3.437738
v 1.204172 5.162945 -3.533216
v 1.132890 5.178753 -3.533655
v 1.062132 5.156574 -3.587654
v 1.081281 5.120698 -3.633032
v 1.018940 5.124470 -3.645711
v 0.839287 5.186118 -3.604084
v 0.868887 5.165791 -3.626193
v 0.802585 5.115043 -3.712389
v 0.695795 4.941719 -3.960420
v 0.651503 4.978258 -3.922007
v 0.564014 4.938028 -3.985901
v 0.461321 4.956035 -3.976751
v 0.424622 4.943437 -3.996469
v 0.395870 4.902654 -4.049310
v 0.347840 4.888843 -4.070364
v 0.320394 4.858446 -4.108830
v 0.227321 4.868058 -4.103654
v 0.191691 4.823904 -4.157264
v 0.250212 4.775219 -4.210026
v 0.311785 4.768335 -4.213717
v 0.321475 4.693659 -4.296028
v 0.366273 4.659527 -4.329468
v 0.512741 4.684405 -4.287551
v 0.585625 4.547208 -4.423753
v 0.627591 4.529835 -4.435805
v 0.786035 4.498487 -4.442455
v 0.737469 4.359658 -4.586847
v 0.795707 4.338507 -4.597157
v 0.796564 4.291873 -4.640577
v 0.844459 4.303913 -4.620916
v 0.879766 4.333295 -4.586743
v 0.996548 4.341813 -4.554689
v 1.127416 4.344037 -4.521937
v 1.158142 4.335072 -4.522776
v 1.261498 4.369214 -4.461864
v 1.310072 4.352429 -4.464271
v 1.334861 4.304259 -4.503459
v 1.455509 4.332423 -4.438609
v 1.509850 4.320906 -4.431677
v 1.537895 4.284978 -4.456846
v 4.808226 -0.095434 -4.178696
v 4.763263 -0.187142 -4.226813
v 4.813470 -0.231518 -4.167319
v 4.829977 -0.277876 -4.145329
v 4.856715 -0.286018 -4.113411
v 4.863827 -0.364263 -4.098798
v 4.884631 -0.409045 -4.069730
v 4.894476 -0.482849 -4.049766
v 4.920578 -0.519456 -4.013443
v 5.025964 -0.408596 -3.893889
v 5.033612 -0.344202 -3.890234
v 5.276376 -0.117840 -3.568699
v 5.287051 -0.105630 -3.553248
v 5.288397 0.012211 -3.552794
v 5.270367 0.057265 -3.579049
v 5.238540 0.130861 -3.623564
v 5.213636 0.211881 -3.655510
v 5.237003 0.339400 -3.612236
v 5.241713 0.395111 -3.599719
v 5.266965 0.472132 -3.553282
v 5.224176 0.538333 -3.606636
v 5.175750 0.611297 -3.664365
v 5.143746 0.592726 -3.712168
v 5.148207 0.530559 -3.715388
v 5.128339 0.494083 -3.747755
v 5.082435 0.494083 -3.809774
v 5.002245 0.399884 -3.925211
v 4.980572 0.398763 -3.952788
v 4.964225 0.401822 -3.972990
v 4.949457 0.389022 -3.992640
v 4.903059 0.380290 -4.050312
v 4.879848 0.426535 -4.073670
v 4.811793 0.472924 -4.148811
v 4.784486 0.435443 -4.184343
v 4.734247 0.435423 -4.241103
v 4.803958 0.309503 -4.173228
v 4.808226 -0.095434 -4.178696
v 1.537895 4.284978 -4.456846
v 1.509850 4.320906 -4.431677
v 1.455509 4.332423 -4.438609
v 1.334861 4.304259 -4.503459
v 1.310072 4.352429 -4.464271
v 1.261498 4.369214 -4.461864
v 1.158142 4.335072 -4.522776
v 1.127416 4.344037 -4.521937
v 0.996548 4.341813 -4.554689
v 0.879766 4.333295 -4.586743
v 0.844459 4.303913 -4.620916
v 0.796564 4.291873 -4.640577
v 0.810845 4.273263 -4.655255
v 0.946535 4.228397 -4.670585
v 0.981548 4.195282 -4.693167
v 1.088331 4.185329 -4.678483
v 1.129980 4.131538 -4.716268
v 1.214485 4.142879 -4.685212
v 1.274605 4.126328 -4.683849
v 1.361897 4.086161 -4.694482
v 1.355204 4.066167 -4.713740
v 1.383157 4.046552 -4.722493
v 1.541557 4.033502 -4.684453
v 1.634568 4.061388 -4.628494
v 1.723786 4.054743 -4.601876
v 1.701840 4.103985 -4.566256
v 1.618764 4.089725 -4.609056
v 1.582085 4.115978 -4.598410
v 1.523109 4.107610 -4.625724
v 1.404194 4.168498 -4.608851
v 1.487241 4.212626 -4.542196
v 1.549495 4.191789 -4.540662
v 1.598575 4.223218 -4.494289
v 1.517140 4.276871 -4.471722
v 1.537895 4.284978 -4.456846
v -1.461456 1.175512 -6.088675
v -1.415732 1.232412 -6.088227
v -1.356874 1.344893 -6.077812
v -1.325382 1.475844 -6.054328
v -1.387999 1.565626 -6.017634
v -1.522139 1.586206 -5.979689
v -1.620796 1.570744 -5.957804
v -1.709360 1.528452 -5.944036
v -1.750892 1.602768 -5.912288
v -1.845180 1.563116 -5.894202
v -1.874392 1.491122 -5.903630
v -1.870665 1.361258 -5.936096
v -1.700567 1.277540 -6.005465
v -1.750228 1.211476 -6.004887
v -1.640321 1.203560 -6.037419
v -1.550985 1.159551 -6.069557
v -1.461456 1.175512 -6.088675
v -3.088784 3.975801 -3.904109
v -3.198337 3.872452 -3.919744
v -3.242879 3.814971 -3.939464
v -3.291519 3.711611 -3.997435
v -3.287452 3.661765 -4.046453
v -3.230664 3.644264 -4.107529
v -3.188980 3.606345 -4.173047
v -3.126184 3.598491 -4.226994
v -3.097506 3.648292 -4.205361
v -3.082380 3.716345 -4.156604
v -3.009936 3.809742 -4.125021
v -3.056424 3.824737 -4.076678
v -2.973388 3.900409 -4.066377
v -2.974174 3.908378 -4.058142
v -3.007150 3.905250 -4.036795
v -3.015890 3.944782 -3.991585
v -3.062851 3.949008 -3.951446
v -3.089316 3.954752 -3.925010
v -3.088784 3.975801 -3.904109
v 4.423502 4.267315 -1.676989
v 4.439049 4.250382 -1.678910
v 4.442185 4.251069 -1.668843
v 4.418867 4.281004 -1.654165
v 4.418553 4.289428 -1.633047
v 4.405674 4.311446 -1.609693
v 4.384545 4.329761 -1.618203
v 4.372655 4.335625 -1.634589
v 4.345111 4.362604 -1.636257
v 4.336026 4.367086 -1.648356
v 4.341957 4.355649 -1.662941
v 4.340922 4.350594 -1.678801
v 4.348318 4.337654 -1.693084
v 4.346754 4.333821 -1.706858
v 4.353950 4.318689 -1.726754
v 4.349269 4.319141 -1.737387
v 4.369680 4.299200 -1.735632
v 4.381587 4.289428 -1.729781
v 4.385800 4.283256 -1.734393
v 4.395220 4.280092 -1.718283
v 4.423502 4.267315 -1.676989
v 3.694616 3.183171 -4.099619
v 3.695900 3.140567 -4.131199
v 3.710655 3.118466 -4.134713
v 3.714276 3.045059 -4.185858
v 3.766589 3.042525 -4.140712
v 3.767313 3.088967 -4.105517
v 3.827125 3.098348 -4.042647
v 3.739296 3.191187 -4.052608
v 3.694616 3.183171 -4.099619
v -1.620796 1.570744 -5.957804
v -1.651260 1.619266 -5.936410
v -1.649283 1.710109 -5.911433
v -1.558762 1.803263 -5.908312
v -1.544208 1.908251 -5.879085
v -1.459372 1.994211 -5.872222
v -1.381189 2.001463 -5.888642
v -1.363182 1.964696 -5.905197
v -1.302959 1.961637 -5.919790
v -1.270733 1.980282 -5.920588
v -1.165499 1.917122 -5.962877
v -1.157157 2.011942 -5.933188
v -1.175191 2.122761 -5.890879
v -1.105324 2.127558 -5.902660
v -1.095263 2.190421 -5.881505
v -1.048708 2.222613 -5.877912
v -1.067980 2.260944 -5.859795
v -1.149832 2.328416 -5.817732
v -1.160827 2.304081 -5.825232
v -1.215200 2.301253 -5.815253
v -1.190343 2.419387 -5.772286
v -1.241213 2.434455 -5.755212
v -1.307138 2.353088 -5.774427
v -1.360698 2.258910 -5.799609
v -1.485070 2.258096 -5.769333
v -1.532678 2.167161 -5.791714
v -1.470385 2.139746 -5.817998
v -1.444434 2.102053 -5.838204
v -1.571817 2.039147 -5.827599
v -1.667374 1.914239 -5.843389
v -1.739731 1.820577 -5.852220
v -1.823311 1.746307 -5.849409
v -1.855358 1.670640 -5.861420
v -1.845180 1.563116 -5.894202
v -1.750892 1.602768 -5.912288
v -1.709360 1.528452 -5.944036
v -1.620796 1.570744 -5.957804
v 4.318827 3.495726 -3.117255
v 4.334029 3.494504 -3.097463
v 4.347687 3.478195 -3.096679
v 4.365608 3.478368 -3.071167
v 4.305728 3.553897 -3.069229
v 4.243232 3.618653 -3.080580
v 4.240439 3.621842 -3.080678
v 4.218714 3.617177 -3.115785
v 4.229576 3.581198 -3.142507
v 4.278241 3.546461 -3.115912
v 4.318827 3.495726 -3.117255
v 6.295064 0.484848 0.852486
v 6.291174 0.483871 0.881268
v 6.270111 0.536704 0.993626
v 6.245991 0.620988 1.091608
v 6.222960 0.681509 1.183197
v 6.200709 0.752797 1.254650
v 6.201668 0.788110 1.227941
v 6.198798 0.820194 1.221404
v 6.200309 0.880006 1.171067
v 6.202358 0.931378 1.119344
v 6.206129 0.933830 1.096158
v 6.209242 0.946208 1.067539
v 6.226492 0.878802 1.023788
v 6.231232 0.834548 1.031948
v 6.237720 0.811064 1.011272
v 6.242702 0.810525 0.980491
v 6.240368 0.854912 0.957377
v 6.245396 0.852088 0.926617
v 6.248845 0.820028 0.932273
v 6.257084 0.766694 0.922343
v 6.259229 0.717634 0.946941
v 6.267296 0.687294 0.915567
v 6.273066 0.679904 0.880918
v 6.284165 0.633580 0.835155
v 6.288779 0.589971 0.832369
v 6.288643 0.576109 0.843035
v 6.295064 0.484848 0.852486
v 5.674367 2.475313 -1.504669
v 5.707962 2.437181 -1.438388
v 5.698835 2.493493 -1.376738
v 5.716154 2.537541 -1.214954
v 5.697777 2.601261 -1.165510
v 5.692382 2.648336 -1.082932
v 5.709332 2.629793 -1.037957
v 5.690183 2.686146 -0.998036
v 5.670888 2.729275 -0.990819
v 5.646091 2.802286 -0.926547
v 5.619243 2.843941 -0.962159
v 5.589595 2.906330 -0.948325
v 5.559863 2.960353 -0.955971
v 5.537667 3.005149 -0.944968
v 5.492020 3.084830 -0.954560
v 5.468091 3.129934 -0.945057
v 5.425119 3.215071 -0.906115
v 5.404353 3.237294 -0.950018
v 5.379260 3.277669 -0.953986
v 5.357540 3.317081 -0.939881
v 5.323845 3.353589 -0.999880
v 5.299900 3.383827 -1.024897
v 5.274304 3.410832 -1.066576
v 5.227967 3.482661 -1.062577
v 5.225408 3.450548 -1.174081
v 5.211610 3.458587 -1.211175
v 5.203151 3.442990 -1.289450
v 5.197646 3.401076 -1.416615
v 5.236056 3.317099 -1.473164
v 5.223071 3.298655 -1.558219
v 5.205942 3.258745 -1.693632
v 5.200082 3.211118 -1.799309
v 5.170828 3.236000 -1.838609
v 5.130698 3.279950 -1.872833
v 5.096560 3.352678 -1.836918
v 5.059522 3.398548 -1.854924
v 5.009653 3.442507 -1.908445
v 4.978723 3.455260 -1.965487
v 4.942270 3.436122 -2.087265
v 4.954246 3.394154 -2.127160
v 4.940548 3.393756 -2.159410
v 4.937687 3.377687 -2.190917
v 4.905212 3.366620 -2.279124
v 4.912954 3.335392 -2.308177
v 4.952622 3.289814 -2.288734
v 4.968548 3.248997 -2.312399
v 5.010410 3.189754 -2.304539
v 5.038426 3.111905 -2.349457
v 5.203662 2.761088 -2.426507
v 5.353640 2.386619 -2.496443
v 5.425762 2.179328 -2.530074
v 5.475553 2.179010 -2.420717
v 5.490522 2.135116 -2.425921
v 5.575710 2.334471 -2.012796
v 5.623996 2.531221 -1.597883
v 5.674367 2.475313 -1.504669
v 0.902181 0.834124 -6.251396
v 0.920666 0.719204 -6.262967
v 0.967008 0.687748 -6.259516
v 1.062355 0.662453 -6.246775
v 1.112479 0.750317 -6.228086
v 1.128023 0.908782 -6.204137
v 1.074139 1.087043 -6.184998
v 1.001099 1.026113 -6.207619
v 0.952468 0.948754 -6.227545
v 0.902181 0.834124 -6.251396
v 4.876675 -3.084403 -2.700767
v 4.846002 -3.113723 -2.722249
v 4.837218 -3.160794 -2.683346
v 4.829314 -3.192243 -2.660253
v 4.847283 -3.207259 -2.609018
v 4.839779 -3.237907 -2.584983
v 4.850850 -3.247419 -2.552090
v 4.922248 -3.173547 -2.507931
v 4.929496 -3.112299 -2.569689
v 4.923613 -3.074267 -2.626131
v 4.911611 -3.054382 -2.671417
v 4.876675 -3.084403 -2.700767
v 3.426685 5.175570 -1.435599
v 3.407378 5.192067 -1.421918
v 3.381803 5.209654 -1.418646
v 3.379283 5.219793 -1.387028
v 3.389181 5.230938 -1.319237
v 3.322071 5.283730 -1.278937
v 3.269607 5.302711 -1.334379
v 3.234579 5.298755 -1.431900
v 3.201253 5.304850 -1.483303
v 3.215044 5.292007 -1.499264
v 3.206334 5.288027 -1.531613
v 3.220149 5.257747 -1.605109
v 3.254172 5.229458 -1.628735
v 3.303412 5.209039 -1.594687
v 3.355994 5.172643 -1.603342
v 3.416658 5.148077 -1.553510
v 3.441817 5.148522 -1.495411
v 3.422569 5.168625 -1.470026
v 3.426685 5.175570 -1.435599
v 4.061586 4.889609 -0.429977
v 4.079189 4.873474 -0.446222
v 4.116581 4.841931 -0.446209
v 4.120552 4.840404 -0.425655
v 4.114880 4.846675 -0.408838
v 4.066702 4.886919 -0.411820
v 4.061586 4.889609 -0.429977
v 3.322071 5.283730 -1.278937
v 3.256242 5.330043 -1.255854
v 3.190831 5.367975 -1.262171
v 3.140028 5.388332 -1.302205
v 3.185937 5.343548 -1.373298
v 3.164739 5.344726 -1.417031
v 3.094423 5.390707 -1.398022
v 3.058235 5.401155 -1.436789
v 3.057575 5.393911 -1.465129
v 3.066435 5.371836 -1.526432
v 3.044304 5.371725 -1.570487
v 3.050067 5.357914 -1.606079
v 3.087657 5.328548 -1.631746
v 3.126674 5.292292 -1.674872
v 3.189177 5.268287 -1.632157
v 3.220149 5.257747 -1.605109
v 3.206334 5.288027 -1.531613
v 3.215044 5.292007 -1.499264
v 3.201253 5.304850 -1.483303
v 3.234579 5.298755 -1.431900
v 3.269607 5.302711 -1.334379
v 3.322071 5.283730 -1.278937
v 5.148973 3.722722 0.468037
v 5.180962 3.684318 0.416032
v 5.182712 3.690587 0.329706
v 5.201991 3.670550 0.236613
v 5.204321 3.669578 0.197193
v 5.246179 3.611132 0.164225
v 5.284366 3.555213 0.159925
v 5.349820 3.457204 0.129630
v 5.363142 3.437334 0.105277
v 5.385963 3.400870 0.122968
v 5.391720 3.385008 0.246402
v 5.411314 3.350097 0.290128
v 5.413191 3.341846 0.345075
v 5.455569 3.271480 0.351882
v 5.469639 3.233641 0.465033
v 5.494347 3.185543 0.504098
v 5.501383 3.159629 0.584105
v 5.498692 3.144895 0.680925
v 5.516905 3.073275 0.841655
v 5.578675 2.957218 0.850229
v 5.576396 2.957218 0.865047
v 5.576396 2.957218 0.865049
v 5.603824 2.904325 0.867005
v 5.595754 2.901136 0.927679
v 5.601758 2.878588 0.961083
v 5.593965 2.878588 1.005447
v 5.581076 2.891463 1.039557
v 5.570513 2.880818 1.122459
v 5.601895 2.803261 1.161955
v 5.598973 2.795947 1.193240
v 5.647698 2.669312 1.252164
v 5.663463 2.559894 1.400633
v 5.713456 2.418561 1.447973
v 5.721129 2.372275 1.493531
v 5.732300 2.335041 1.509291
v 5.671673 2.326776 1.734325
v 5.671082 2.326940 1.736035
v 5.654323 2.374834 1.725814
v 5.654878 2.402923 1.684625
v 5.643192 2.456488 1.646115
v 5.627313 2.491167 1.648358
v 5.607183 2.563187 1.605992
v 5.594757 2.627749 1.543785
v 5.596574 2.644061 1.508954
v 5.577175 2.702930 1.476120
v 5.553247 2.756454 1.467327
v 5.533259 2.818262 1.424812
v 5.531925 2.854551 1.356090
v 5.496162 2.955615 1.283037
v 5.495869 2.956994 1.281114
v 5.487434 2.994752 1.228481
v 5.500985 3.005587 1.138090
v 5.480517 3.072384 1.055476
v 5.475431 3.098305 1.004889
v 5.444384 3.179101 0.917410
v 5.371030 3.298232 0.929159
v 5.327613 3.379707 0.885305
v 5.298792 3.429199 0.867776
v 5.267859 3.492269 0.802095
v 5.253333 3.534642 0.706001
v 5.236576 3.572796 0.634859
v 5.178590 3.667530 0.566630
v 5.142224 3.723156 0.534118
v 5.148973 3.722722 0.468037
v 3.794829 4.750963 -1.901911
v 3.775956 4.761874 -1.912158
v 3.746223 4.769173 -1.952034
v 3.743592 4.746133 -2.012308
v 3.731767 4.743356 -2.040619
v 3.734977 4.723331 -2.080800
v 3.761938 4.697962 -2.089645
v 3.760245 4.685657 -2.120098
v 3.784524 4.654035 -2.146387
v 3.789236 4.634685 -2.179686
v 3.802365 4.623298 -2.181004
v 3.802325 4.615534 -2.197456
v 3.817604 4.609862 -2.182822
v 3.837796 4.612108 -2.142293
v 3.831726 4.622713 -2.130269
v 3.845110 4.616603 -2.119374
v 3.855098 4.602860 -2.131089
v 3.887651 4.578276 -2.124900
v 3.918138 4.551665 -2.126071
v 3.935037 4.543205 -2.112916
v 3.909567 4.578631 -2.083521
v 3.875531 4.611518 -2.074561
v 3.845421 4.645056 -2.055682
v 3.822974 4.690060 -1.994455
v 3.803167 4.721665 -1.957406
v 3.791856 4.743736 -1.925731
v 3.794829 4.750963 -1.901911
v 4.036432 -1.375662 -4.733330
v 4.007756 -1.421815 -4.744046
v 3.976435 -1.493309 -4.748435
v 3.942148 -1.623014 -4.734441
v 3.912135 -1.673252 -4.741842
v 3.911289 -1.724645 -4.724093
v 3.920131 -1.756114 -4.705133
v 3.959328 -1.693386 -4.695297
v 3.968999 -1.725088 -4.675549
v 3.938704 -1.804241 -4.671292
v 3.937207 -1.849408 -4.654861
v 3.954705 -1.873972 -4.630138
v 3.941345 -1.963783 -4.604236
v 3.945889 -2.086679 -4.545918
v 3.950503 -2.230847 -4.472861
v 3.946898 -2.426926 -4.372833
v 3.935121 -2.569151 -4.301619
v 3.932720 -2.686617 -4.231483
v 3.984676 -2.710473 -4.167173
v 4.033546 -2.752962 -4.091619
v 4.083130 -2.727331 -4.059478
v 4.151143 -2.691326 -4.014277
v 4.188151 -2.638031 -4.011212
v 4.221778 -2.547986 -4.034105
v 4.271860 -2.466494 -4.032029
v 4.300512 -2.392537 -4.046110
v 4.309364 -2.318052 -4.079909
v 4.281471 -2.300106 -4.119243
v 4.290834 -2.265552 -4.128638
v 4.277298 -2.186570 -4.184886
v 4.287797 -2.119917 -4.208372
v 4.317205 -2.070199 -4.203054
v 4.347194 -2.003759 -4.204342
v 4.375683 -1.906244 -4.220103
v 4.362979 -1.846796 -4.259507
v 4.367330 -1.779184 -4.283757
v 4.330709 -1.775250 -4.322393
v 4.292849 -1.753346 -4.368852
v 4.268360 -1.733997 -4.400454
v 4.234781 -1.732559 -4.433341
v 4.202042 -1.671500 -4.487602
v 4.149006 -1.605321 -4.560519
v 4.134335 -1.551126 -4.592485
v 4.152884 -1.504992 -4.591099
v 4.116623 -1.517976 -4.619394
v 4.083807 -1.442823 -4.672304
v 4.092038 -1.377620 -4.684765
v 4.071799 -1.329016 -4.716334
v 4.036432 -1.375662 -4.733330
v -0.712522 2.779863 5.688085
v -0.756523 2.691709 5.724685
v -0.778463 2.618955 5.755407
v -0.793875 2.482445 5.813507
v -0.806516 2.432344 5.832913
v -0.791935 2.376170 5.858011
v -0.762793 2.325771 5.882056
v -0.746167 2.245271 5.915373
v -0.680848 2.167610 5.952105
v -0.658924 2.107845 5.975989
v -0.619942 2.056104 5.998145
v -0.509480 2.028160 6.018026
v -0.467183 1.984009 6.036149
v -0.374128 2.013515 6.032862
v -0.293634 2.024167 6.033752
v -0.214533 2.043107 6.030699
v -0.148117 2.061162 6.026551
v -0.081010 2.104041 6.012994
v -0.055800 2.165151 5.991548
v -0.046958 2.252771 5.959233
v -0.028923 2.283147 5.947776
v 0.041313 2.310308 5.937206
v 0.150639 2.334325 5.926034
v 0.242256 2.330721 5.924415
v 0.304779 2.339483 5.918071
v 0.330035 2.317538 5.925347
v 0.327587 2.267569 5.944784
v 0.272876 2.205676 5.970777
v 0.249056 2.142038 5.994938
v 0.268628 2.123791 6.000583
v 0.253605 2.078413 6.017103
v 0.228329 1.996203 6.045881
v 0.201280 2.023303 6.037828
v 0.179233 2.021546 6.039112
v 0.159208 2.020159 6.040137
v 0.121863 1.956391 6.061957
v 0.102589 1.968907 6.058261
v 0.089813 1.964037 6.060044
v 0.090716 1.948466 6.065055
v -0.007192 1.949631 6.065355
v -0.106017 1.949448 6.064491
v -0.106426 1.889761 6.083348
v -0.154378 1.889498 6.082401
v -0.115064 1.854029 6.094176
v -0.075816 1.829441 6.102216
v -0.064068 1.806346 6.109227
v -0.046811 1.799876 6.111293
v -0.049628 1.763520 6.121861
v -0.186744 1.763199 6.119305
v -0.239091 1.675927 6.141966
v -0.224062 1.655872 6.147969
v -0.236769 1.630681 6.154223
v -0.239722 1.599351 6.162325
v -0.359561 1.714941 6.125303
v -0.414015 1.749689 6.112023
v -0.500412 1.777556 6.097501
v -0.560037 1.769797 6.094573
v -0.646623 1.729571 6.097549
v -0.700578 1.719019 6.094572
v -0.774629 1.747219 6.077567
v -0.853243 1.767553 6.061136
v -0.949767 1.816502 6.032239
v -1.027864 1.831430 6.014898
v -1.143674 1.880883 5.978623
v -1.227629 1.931594 5.945714
v -1.251940 1.959871 5.931373
v -1.309369 1.966183 5.916867
v -1.412226 1.999632 5.881898
v -1.451073 2.047740 5.855833
v -1.555304 2.107400 5.807713
v -1.599737 2.173447 5.771188
v -1.618661 2.224306 5.746481
v -1.584165 2.234475 5.752146
v -1.591499 2.264143 5.738504
v -1.565744 2.291079 5.734897
v -1.561581 2.326918 5.721587
v -1.590287 2.373328 5.694554
v -1.594758 2.414334 5.676036
v -1.622012 2.466171 5.645947
v -1.695955 2.567708 5.578553
v -1.782651 2.646959 5.514110
v -1.820203 2.709854 5.471124
v -1.895535 2.750874 5.424876
v -1.909015 2.775348 5.407656
v -1.884619 2.837046 5.384145
v -1.928523 2.860244 5.356252
v -1.975078 2.908423 5.313171
v -1.985542 2.977237 5.270989
v -2.033409 2.985233 5.248169
v -2.076232 3.036846 5.201583
v -2.108876 3.084287 5.160373
v -2.106396 3.114640 5.143127
v -2.138493 3.187533 5.084891
v -2.152937 3.260972 5.031954
v -2.142965 3.297588 5.012310
v -2.196769 3.335246 4.963867
v -2.226695 3.331118 4.953294
v -2.269184 3.357191 4.916270
v -2.292899 3.318734 4.931355
v -2.290214 3.273070 4.963020
v -2.299491 3.201153 5.005457
v -2.278922 3.161437 5.039987
v -2.228504 3.094712 5.103545
v -2.218850 3.071803 5.121560
v -2.206758 3.064846 5.130943
v -2.202119 3.031306 5.152815
v -2.185836 3.032665 5.158944
v -2.180821 2.969403 5.197721
v -2.158258 2.944346 5.221340
v -2.145683 2.909374 5.246068
v -2.097450 2.858917 5.293103
v -2.083337 2.766107 5.347710
v -2.063116 2.722155 5.378017
v -2.044820 2.674954 5.408602
v -2.048230 2.621616 5.433372
v -2.002953 2.618266 5.451835
v -1.971709 2.572125 5.485087
v -1.943545 2.526624 5.516199
v -1.948502 2.508331 5.522794
v -1.994433 2.470735 5.523346
v -2.011432 2.471227 5.516957
v -2.027591 2.533390 5.482741
v -2.080967 2.591417 5.435419
v -2.141054 2.640434 5.388287
v -2.184628 2.666111 5.358068
v -2.168523 2.739787 5.327355
v -2.172692 2.794062 5.297383
v -2.210796 2.824995 5.265114
v -2.264971 2.869383 5.217872
v -2.279566 2.856596 5.218532
v -2.297238 2.882468 5.196510
v -2.347982 2.906442 5.160350
v -2.388345 2.963746 5.108978
v -2.380192 2.971172 5.108470
v -2.344629 2.965592 5.128120
v -2.303398 3.002288 5.125453
v -2.290313 3.046437 5.105226
v -2.342526 3.115865 5.039206
v -2.387498 3.142684 5.001303
v -2.404536 3.202894 4.954727
v -2.420192 3.265707 4.905861
v -2.439047 3.341699 4.844970
v -2.449109 3.426449 4.780267
v -2.351800 3.433669 4.823753
v -2.241591 3.443820 4.868780
v -2.254462 3.425506 4.875751
v -2.136617 3.379806 4.959982
v -1.952242 3.313154 5.079508
v -1.774667 3.313840 5.143798
v -1.703297 3.313867 5.167853
v -1.695607 3.352968 5.145111
v -1.539293 3.352936 5.194039
v -1.511942 3.319348 5.223562
v -1.470179 3.289294 5.254404
v -1.422116 3.247315 5.293597
v -1.398911 3.197215 5.330151
v -1.383349 3.144192 5.365635
v -1.338854 3.114946 5.393906
v -1.264261 3.085804 5.428545
v -1.195187 3.162361 5.400060
v -1.117795 3.164224 5.415521
v -1.055254 3.125679 5.450341
v -1.014189 3.059125 5.495709
v -0.986440 3.001798 5.532250
v -0.934314 2.945745 5.571291
v -0.918662 2.876510 5.609937
v -0.894906 2.829782 5.637474
v -0.820261 2.798858 5.664204
v -0.751413 2.776861 5.684546
v -0.712522 2.779863 5.688085
v 4.442185 4.251069 -1.668843
v 4.439049 4.250382 -1.678910
v 4.423502 4.267315 -1.676989
v 4.395220 4.280092 -1.718283
v 4.385800 4.283256 -1.734393
v 4.371364 4.288062 -1.758791
v 4.355844 4.289429 -1.793618
v 4.362069 4.262973 -1.840939
v 4.404800 4.208044 -1.865407
v 4.413229 4.205272 -1.851687
v 4.430317 4.190692 -1.843919
v 4.446245 4.192314 -1.801401
v 4.472963 4.173982 -1.777672
v 4.498982 4.166538 -1.728803
v 4.494767 4.186983 -1.689936
v 4.469454 4.222809 -1.667785
v 4.442185 4.251069 -1.668843
v 6.026241 1.607745 1.299699
v 6.028735 1.627348 1.263225
v 6.015710 1.690594 1.242080
v 6.021823 1.693065 1.208646
v 6.044122 1.663189 1.136673
v 6.049330 1.684405 1.076117
v 6.058373 1.677285 1.035604
v 6.054598 1.701129 1.018650
v 6.110587 1.702757 0.592446
v 6.091666 1.777650 0.566745
v 6.086105 1.790806 0.584795
v 5.929689 2.245833 0.620215
v 5.739521 2.688126 0.649247
v 5.753973 2.689938 0.495650
v 5.871357 2.468110 0.158880
v 5.960193 2.242708 -0.189725
v 5.977485 2.193865 -0.215109
v 5.985659 2.163981 -0.280558
v 5.989306 2.146962 -0.329261
v 6.012674 2.080225 -0.331754
v 6.001571 2.090511 -0.447828
v 6.080475 1.846980 -0.454014
v 6.105603 1.775774 -0.397338
v 6.124892 1.709874 -0.389452
v 6.134897 1.692879 -0.294679
v 6.142707 1.683662 -0.148572
v 6.153861 1.645518 -0.109112
v 6.155823 1.641299 -0.040279
v 6.156020 1.640805 0.028608
v 6.150309 1.661409 0.055375
v 6.153600 1.646124 0.114541
v 6.162662 1.601523 0.215316
v 6.170550 1.567857 0.236167
v 6.178848 1.519497 0.320326
v 6.184811 1.491742 0.335359
v 6.187444 1.469722 0.380912
v 6.180542 1.484305 0.432878
v 6.184649 1.457902 0.462899
v 6.200398 1.383566 0.480052
v 6.212434 1.293467 0.567665
v 6.220169 1.256566 0.565844
v 6.226489 1.210325 0.596314
v 6.239063 1.146887 0.590242
v 6.237581 1.130675 0.635452
v 6.237400 1.116863 0.661131
v 6.227130 1.163653 0.677057
v 6.225902 1.151324 0.708688
v 6.223351 1.153457 0.727383
v 6.226734 1.121530 0.748061
v 6.215926 1.122432 0.831895
v 6.208899 1.138862 0.861511
v 6.208704 1.128922 0.875886
v 6.198248 1.160455 0.908135
v 6.193033 1.192998 0.901518
v 6.188637 1.205738 0.914665
v 6.187231 1.194996 0.937975
v 6.181059 1.230512 0.932734
v 6.178825 1.258582 0.909799
v 6.162901 1.304212 0.952536
v 6.154633 1.334214 0.964369
v 6.145750 1.358092 0.987412
v 6.141649 1.360941 1.008773
v 6.140626 1.345725 1.035072
v 6.137771 1.331183 1.070218
v 6.137483 1.307642 1.100461
v 6.127293 1.316335 1.145942
v 6.115880 1.343947 1.174504
v 6.111688 1.347572 1.192039
v 6.109252 1.333085 1.220480
v 6.105876 1.332961 1.237391
v 6.096153 1.372747 1.241821
v 6.089744 1.406553 1.235420
v 6.078455 1.448459 1.242576
v 6.063187 1.478854 1.280778
v 6.043991 1.540715 1.298466
v 6.026241 1.607745 1.299699
v -0.991385 2.198496 -5.896898
v -0.933832 2.153179 -5.922957
v -0.861026 2.148493 -5.935676
v -0.819120 2.034943 -5.981445
v -0.775880 2.015794 -5.993682
v -0.830526 1.923001 -6.016804
v -0.900665 1.845449 -6.030984
v -0.946983 1.775084 -6.044993
v -0.912245 1.682047 -6.076855
v -0.876374 1.662219 -6.087581
v -0.903832 1.608304 -6.098040
v -0.978184 1.522666 -6.108542
v -0.992692 1.462324 -6.120932
v -0.992881 1.412000 -6.132706
v -1.038313 1.312939 -6.147173
v -0.982574 1.211337 -6.177123
v -0.933379 1.098971 -6.205700
v -0.920767 1.180179 -6.192657
v -0.951486 1.263775 -6.171482
v -0.913294 1.328193 -6.163719
v -0.918129 1.446419 -6.136331
v -0.872748 1.502463 -6.129483
v -0.833443 1.631453 -6.101916
v -0.809245 1.766832 -6.067377
v -0.760155 1.855121 -6.047341
v -0.692389 1.801703 -6.071582
v -0.573889 1.725536 -6.105966
v -0.513857 1.735067 -6.108612
v -0.447247 1.760140 -6.106678
v -0.480853 1.892159 -6.064500
v -0.456370 1.991313 -6.034570
v -0.371224 2.112684 -5.999033
v -0.383168 2.150456 -5.984844
v -0.321786 2.163868 -5.983625
v -0.246346 2.248959 -5.955765
v -0.238263 2.332443 -5.923899
v -0.274629 2.316765 -5.928475
v -0.275372 2.390870 -5.898945
v -0.325611 2.415299 -5.886421
v -0.313773 2.458927 -5.868975
v -0.336080 2.493816 -5.852997
v -0.337382 2.599297 -5.806847
v -0.417294 2.576148 -5.811967
v -0.459524 2.659729 -5.770989
v -0.462787 2.708866 -5.747827
v -0.514512 2.792993 -5.702991
v -0.508971 2.850045 -5.675194
v -0.633171 2.918557 -5.627678
v -0.704453 2.900670 -5.628454
v -0.692532 2.961416 -5.598219
v -0.725546 2.979465 -5.584444
v -0.715663 3.016654 -5.565722
v -0.771900 3.023935 -5.554244
v -0.808702 2.966157 -5.580104
v -0.853041 2.942670 -5.585934
v -0.861784 2.866935 -5.623847
v -0.863967 2.784735 -5.664667
v -0.775576 2.700927 -5.717790
v -0.770846 2.580893 -5.773597
v -0.875946 2.597746 -5.751006
v -0.906216 2.503949 -5.787802
v -0.971523 2.484131 -5.785748
v -0.947801 2.398811 -5.825549
v -1.025925 2.360092 -5.828129
v -1.071310 2.341065 -5.827637
v -1.143510 2.371144 -5.801698
v -1.149832 2.328416 -5.817732
v -1.067980 2.260944 -5.859795
v -1.048708 2.222613 -5.877912
v -0.991385 2.198496 -5.896898
v 4.419448 4.304193 -1.591240
v 4.407883 4.319595 -1.581554
v 4.454603 4.279181 -1.560372
v 4.475118 4.252903 -1.573460
v 4.475400 4.259313 -1.555212
v 4.459918 4.286242 -1.525418
v 4.457184 4.302545 -1.487029
v 4.442199 4.316468 -1.491514
v 4.398914 4.361259 -1.489505
v 4.373629 4.380062 -1.508664
v 4.362088 4.387430 -1.520621
v 4.367363 4.373578 -1.545183
v 4.373355 4.362366 -1.559862
v 4.372040 4.353628 -1.587713
v 4.376136 4.336752 -1.622238
v 4.384545 4.329761 -1.618203
v 4.405674 4.311446 -1.609693
v 4.419448 4.304193 -1.591240
v 0.163023 4.829871 -4.151556
v 0.086302 4.842417 -4.139226
v -0.050655 4.904103 -4.066552
v -0.157005 4.937324 -4.023409
v -0.219472 4.915687 -4.046912
v -0.293216 4.914643 -4.043507
v -0.343717 4.881429 -4.079602
v -0.415038 4.878858 -4.076043
v -0.520442 4.860834 -4.085471
v -0.581173 4.910527 -4.017288
v -0.545793 4.951966 -3.971118
v -0.603589 5.023657 -3.871458
v -0.685427 4.995259 -3.894511
v -0.748968 4.987163 -3.893185
v -0.833362 4.969334 -3.898829
v -0.860056 4.916767 -3.959210
v -0.966458 4.886893 -3.971634
v -1.027833 4.900092 -3.939835
v -1.111501 4.909366 -3.905423
v -1.182917 4.900018 -3.896174
v -1.261906 4.865693 -3.914367
v -1.317007 4.828808 -3.941795
v -1.380334 4.829563 -3.919137
v -1.470987 4.817735 -3.900675
v -1.525696 4.835723 -3.857159
v -1.608468 4.847691 -3.808197
v -1.680560 4.898171 -3.711237
v -1.723205 4.890479 -3.701814
v -1.769237 4.866516 -3.711666
v -1.842957 4.872493 -3.667692
v -1.839858 4.818060 -3.740436
v -1.829475 4.744635 -3.838111
v -1.861367 4.714176 -3.860246
v -1.894786 4.723653 -3.832300
v -1.966368 4.712018 -3.810501
v -2.002989 4.739537 -3.756922
v -2.068141 4.715710 -3.751602
v -2.155628 4.663097 -3.768081
v -2.162691 4.636082 -3.797256
v -2.105792 4.644671 -3.818679
v -2.013258 4.634560 -3.880371
v -1.975764 4.612794 -3.925319
v -1.948588 4.561793 -3.997836
v -1.854249 4.531617 -4.076255
v -1.799726 4.489926 -4.146226
v -1.718985 4.505893 -4.163131
v -1.675361 4.512996 -4.173209
v -1.655438 4.462116 -4.235408
v -1.690031 4.431518 -4.253832
v -1.711505 4.405077 -4.272668
v -1.668477 4.377987 -4.317298
v -1.628480 4.334529 -4.376020
v -1.547644 4.305779 -4.433363
v -1.432022 4.302670 -4.475041
v -1.312514 4.274119 -4.538596
v -1.230309 4.229659 -4.602822
v -1.188934 4.255452 -4.589903
v -1.091759 4.255379 -4.614049
v -0.962980 4.305404 -4.596282
v -0.881541 4.317597 -4.601183
v -0.776233 4.306209 -4.630731
v -0.606755 4.324549 -4.638940
v -0.517590 4.322650 -4.651499
v -0.465390 4.370922 -4.611734
v -0.422146 4.444932 -4.544668
v -0.372403 4.453767 -4.540366
v -0.273627 4.503048 -4.498591
v -0.167405 4.514016 -4.492802
v -0.073969 4.527414 -4.481818
v -0.045474 4.561209 -4.447802
v -0.073772 4.650963 -4.353475
v -0.021018 4.711707 -4.288242
v 0.085125 4.739712 -4.256468
v 0.146024 4.778918 -4.210731
v 0.163023 4.829871 -4.151556
v 5.141031 -1.272354 -3.541264
v 5.095546 -1.263542 -3.609503
v 5.013672 -1.294238 -3.711830
v 4.998982 -1.280472 -3.736336
v 4.953675 -1.277663 -3.797146
v 4.935179 -1.244967 -3.831933
v 4.894507 -1.246759 -3.883173
v 4.825919 -1.204384 -3.981157
v 4.779225 -1.141019 -4.055457
v 4.760816 -1.190031 -4.063016
v 4.747263 -1.298676 -4.045563
v 4.722863 -1.394042 -4.042383
v 4.689501 -1.563066 -4.019334
v 4.666853 -1.615806 -4.024835
v 4.672047 -1.692533 -3.987098
v 4.682899 -1.766854 -3.941868
v 4.711371 -1.832999 -3.877207
v 4.763016 -1.873440 -3.793882
v 4.823951 -1.924954 -3.689674
v 4.865841 -2.038379 -3.571868
v 4.884432 -2.057603 -3.535284
v 4.905913 -2.132218 -3.460536
v 4.923564 -2.156427 -3.420231
v 4.906159 -2.230863 -3.397425
v 4.853343 -2.309545 -3.420629
v 4.822006 -2.370200 -3.423456
v 4.811108 -2.401045 -3.417288
v 4.802249 -2.395894 -3.433327
v 4.769886 -2.496592 -3.406591
v 4.762845 -2.544035 -3.381247
v 4.742694 -2.561477 -3.396370
v 4.736218 -2.603768 -3.373169
v 4.747374 -2.639820 -3.329179
v 4.781852 -2.673976 -3.251674
v 4.827647 -2.728483 -3.136693
v 4.836577 -2.765579 -3.090104
v 4.814698 -2.807703 -3.086280
v 4.798112 -2.814417 -3.105933
v 4.780833 -2.866802 -3.084595
v 4.821600 -2.865970 -3.021262
v 4.844734 -2.821987 -3.025654
v 4.871149 -2.777195 -3.024689
v 4.890353 -2.741209 -3.026527
v 4.925259 -2.628791 -3.069353
v 4.966508 -2.556631 -3.063834
v 5.044160 -2.412526 -3.053818
v 5.026596 -2.295250 -3.170931
v 5.035915 -2.220262 -3.209306
v 5.030399 -2.210774 -3.224470
v 5.042866 -2.149266 -3.246506
v 5.061244 -2.118231 -3.238294
v 5.081648 -2.039686 -3.256713
v 5.090891 -1.966532 -3.287129
v 5.126269 -1.832201 -3.309690
v 5.164662 -1.797952 -3.268528
v 5.193581 -1.790200 -3.226691
v 5.212217 -1.763779 -3.211156
v 5.243542 -1.741217 -3.172234
v 5.288644 -1.743345 -3.095260
v 5.301827 -1.703410 -3.094943
v 5.324820 -1.627026 -3.096567
v 5.172475 -1.538248 -3.386582
v 5.127299 -1.589985 -3.431093
v 5.112870 -1.580089 -3.457097
v 5.083123 -1.607334 -3.488263
v 5.070201 -1.650409 -3.486955
v 5.071740 -1.700287 -3.460652
v 5.049619 -1.775697 -3.455125
v 4.993977 -1.841560 -3.501214
v 4.993079 -1.767566 -3.540411
v 4.971428 -1.745058 -3.581803
v 5.007293 -1.607122 -3.596362
v 5.049613 -1.529180 -3.571087
v 5.078977 -1.494353 -3.544086
v 5.100044 -1.495929 -3.513031
v 5.143876 -1.355046 -3.506285
v 5.141031 -1.272354 -3.541264
v 6.026241 1.607745 1.299699
v 5.991648 1.681531 1.364641
v 5.955410 1.760295 1.422705
v 5.930572 1.788587 1.489604
v 5.908984 1.819936 1.536681
v 5.894064 1.818765 1.594285
v 5.886894 1.795526 1.646272
v 5.869786 1.804734 1.696523
v 5.869136 1.770514 1.734406
v 5.850287 1.827993 1.738456
v 5.843369 1.880446 1.705461
v 5.816583 1.980216 1.683969
v 5.779671 2.084360 1.685374
v 5.758538 2.136514 1.692390
v 5.743409 2.188675 1.677079
v 5.718181 2.238238 1.697746
v 5.686030 2.283136 1.745278
v 5.679817 2.317725 1.719728
v 5.784252 2.317078 1.327863
v 5.721117 2.465911 1.333320
v 5.704976 2.518471 1.303913
v 5.721669 2.527636 1.209628
v 5.604894 2.786200 1.188231
v 5.666241 2.780969 0.865771
v 5.591638 2.931513 0.854083
v 5.753973 2.689938 0.495650
v 5.739521 2.688126 0.649247
v 5.929689 2.245833 0.620215
v 6.086105 1.790806 0.584795
v 6.091666 1.777650 0.566745
v 6.110587 1.702757 0.592446
v 6.054598 1.701129 1.018650
v 6.058373 1.677285 1.035604
v 6.049330 1.684405 1.076117
v 6.044122 1.663189 1.136673
v 6.021823 1.693065 1.208646
v 6.015710 1.690594 1.242080
v 6.028735 1.627348 1.263225
v 6.026241 1.607745 1.299699
v 5.141031 -1.272354 -3.541264
v 5.143876 -1.355046 -3.506285
v 5.100044 -1.495929 -3.513031
v 5.078977 -1.494353 -3.544086
v 5.049613 -1.529180 -3.571087
v 5.007293 -1.607122 -3.596362
v 4.971428 -1.745058 -3.581803
v 4.993079 -1.767566 -3.540411
v 4.993977 -1.841560 -3.501214
v 5.049619 -1.775697 -3.455125
v 5.071740 -1.700287 -3.460652
v 5.070201 -1.650409 -3.486955
v 5.083123 -1.607334 -3.488263
v 5.112870 -1.580089 -3.457097
v 5.127299 -1.589985 -3.431093
v 5.172475 -1.538248 -3.386582
v 5.209138 -1.510285 -3.342688
v 5.211208 -1.409737 -3.383133
v 5.199612 -1.371964 -3.416341
v 5.227112 -1.281851 -3.409369
v 5.229751 -1.193430 -3.437305
v 5.224156 -1.163817 -3.455917
v 5.253290 -1.070894 -3.441768
v 5.288317 -1.021962 -3.402783
v 5.226528 -1.042431 -3.490900
v 5.210009 -1.072752 -3.506373
v 5.181775 -1.123829 -3.532118
v 5.141031 -1.272354 -3.541264
v -1.216716 0.688602 -6.215712
v -1.226398 0.631813 -6.219839
v -1.297696 0.645025 -6.203996
v -1.332065 0.690456 -6.191810
v -1.357145 0.680127 -6.187506
v -1.422376 0.613344 -6.179830
v -1.469144 0.539206 -6.175801
v -1.476697 0.464561 -6.180064
v -1.466016 0.414098 -6.186191
v -1.477071 0.375939 -6.185998
v -1.485781 0.310224 -6.187557
v -1.524130 0.279616 -6.179683
v -1.567384 0.181350 -6.172525
v -1.565560 0.143768 -6.173977
v -1.489070 0.136352 -6.193038
v -1.386110 0.218690 -6.214541
v -1.256794 0.306870 -6.238264
v -1.243459 0.363442 -6.237897
v -1.179590 0.437667 -6.245531
v -1.163260 0.529486 -6.241483
v -1.123002 0.589876 -6.243441
v -1.133505 0.670436 -6.233404
v -1.108608 0.717294 -6.232665
v -1.127110 0.736995 -6.227046
v -1.216716 0.688602 -6.215712
v -3.042218 0.497447 -5.575580
v -2.971650 0.459675 -5.616728
v -2.885712 0.478365 -5.659812
v -2.771567 0.478417 -5.716570
v -2.740503 0.352224 -5.740664
v -2.702721 0.313608 -5.760780
v -2.653456 0.159069 -5.789949
v -2.571002 0.135375 -5.827629
v -2.474146 0.166528 -5.868604
v -2.425034 0.156782 -5.889335
v -2.365437 0.100565 -5.914747
v -2.299339 0.108574 -5.940614
v -2.232432 0.085966 -5.966448
v -2.160672 0.148780 -5.991578
v -2.142473 0.223063 -5.995806
v -2.219414 0.184977 -5.969056
v -2.299481 0.205746 -5.937988
v -2.318960 0.299816 -5.926396
v -2.362667 0.320761 -5.908008
v -2.485251 0.344802 -5.856132
v -2.556213 0.432605 -5.819645
v -2.603882 0.502731 -5.792814
v -2.651649 0.445266 -5.775824
v -2.671636 0.483046 -5.763564
v -2.719730 0.479534 -5.741320
v -2.723102 0.550310 -5.733368
v -2.725472 0.604848 -5.726744
v -2.798739 0.681784 -5.682594
v -2.844205 0.768126 -5.648905
v -2.883996 0.768488 -5.628644
v -2.937385 0.712618 -5.608350
v -2.944283 0.664567 -5.610632
v -3.010081 0.633728 -5.579197
v -3.092571 0.600432 -5.537610
v -3.087611 0.557056 -5.544906
v -3.022695 0.551560 -5.581105
v -3.042218 0.497447 -5.575580
v 5.368751 -3.047471 -1.574508
v 5.426952 -2.973439 -1.515418
v 5.473305 -2.901381 -1.488138
v 5.525829 -2.804587 -1.479578
v 5.565994 -2.732035 -1.464699
v 5.643560 -2.576380 -1.449875
v 5.695002 -2.454160 -1.460715
v 5.720636 -2.398079 -1.453676
v 5.746976 -2.355557 -1.418895
v 5.791973 -2.269956 -1.374769
v 5.849409 -2.144824 -1.331835
v 5.877023 -2.078962 -1.314593
v 5.928915 -1.976056 -1.238066
v 5.955599 -1.894776 -1.237053
v 5.951114 -1.874571 -1.288357
v 5.942737 -1.856462 -1.351693
v 5.926121 -1.859639 -1.418619
v 5.896620 -1.907670 -1.476589
v 5.894966 -1.900212 -1.492718
v 5.776057 -1.895632 -1.906146
v 5.737390 -1.946430 -1.970636
v 5.644531 -1.961410 -2.209474
v 5.583447 -1.918248 -2.394804
v 5.555559 -1.894134 -2.477430
v 5.525432 -1.900245 -2.539353
v 5.500998 -1.924154 -2.574158
v 5.498132 -1.932949 -2.573693
v 5.516230 -1.956807 -2.516299
v 5.529405 -1.957042 -2.487028
v 5.544372 -1.998468 -2.419858
v 5.573460 -1.954893 -2.388426
v 5.624499 -1.991908 -2.233149
v 5.651962 -1.995401 -2.159477
v 5.526319 -2.367464 -2.108211
v 5.560413 -2.371059 -2.012343
v 5.439667 -2.669078 -1.968677
v 5.266735 -3.036177 -1.905984
v 5.269957 -3.086042 -1.814811
v 5.283007 -3.093142 -1.764071
v 5.311735 -3.074745 -1.709109
v 5.328683 -3.067646 -1.668631
v 5.355286 -3.025892 -1.659677
v 5.380377 -2.999067 -1.626893
v 5.368751 -3.047471 -1.574508
v -5.762501 -2.291465 -1.460278
v -5.758349 -2.355659 -1.371833
v -5.751942 -2.403104 -1.315256
v -5.733245 -2.427797 -1.351053
v -5.731062 -2.399985 -1.408773
v -5.731101 -2.353550 -1.484899
v -5.734794 -2.298707 -1.554905
v -5.743232 -2.225415 -1.628636
v -5.751843 -2.190045 -1.646099
v -5.763516 -2.191545 -1.602702
v -5.766243 -2.227004 -1.542899
v -5.765026 -2.262389 -1.495231
v -5.762501 -2.291465 -1.460278
v 6.228752 1.318095 -0.234328
v 6.212471 1.392505 -0.236173
v 6.210405 1.417104 -0.111016
v 6.198276 1.469515 -0.107439
v 6.181883 1.540069 -0.046388
v 6.169536 1.589167 -0.031835
v 6.155823 1.641299 -0.040279
v 6.153861 1.645518 -0.109112
v 6.142707 1.683662 -0.148572
v 6.134897 1.692879 -0.294679
v 6.124892 1.709874 -0.389452
v 6.105603 1.775774 -0.397338
v 6.080475 1.846980 -0.454014
v 6.001571 2.090511 -0.447828
v 5.972360 2.137288 -0.593759
v 5.858811 2.341771 -0.883227
v 5.716154 2.537541 -1.214954
v 5.698835 2.493493 -1.376738
v 5.707962 2.437181 -1.438388
v 5.674367 2.475313 -1.504669
v 5.730609 2.315156 -1.545903
v 5.730459 2.288192 -1.586082
v 5.742166 2.255152 -1.591057
v 5.743333 2.219462 -1.636383
v 5.765395 2.174536 -1.619031
v 5.846799 1.961126 -1.599552
v 5.889709 1.823030 -1.605468
v 5.952299 1.722322 -1.481008
v 6.000208 1.580863 -1.444997
v 5.999344 1.540927 -1.490990
v 6.015813 1.471430 -1.494835
v 5.999277 1.468939 -1.562223
v 6.013483 1.417925 -1.554721
v 6.022442 1.411706 -1.525425
v 6.030810 1.377163 -1.523939
v 6.036240 1.374764 -1.504484
v 6.026921 1.493373 -1.426781
v 6.031703 1.497674 -1.401844
v 6.064259 1.437192 -1.322452
v 6.074326 1.468783 -1.238905
v 6.084224 1.475095 -1.181506
v 6.093631 1.459902 -1.151517
v 6.104331 1.463185 -1.088975
v 6.125783 1.417026 -1.027844
v 6.135285 1.414376 -0.973373
v 6.141585 1.470357 -0.841803
v 6.154529 1.443783 -0.791771
v 6.160910 1.445630 -0.736873
v 6.155998 1.486498 -0.695448
v 6.157454 1.526814 -0.586720
v 6.170509 1.514025 -0.471366
v 6.178244 1.490655 -0.443723
v 6.193930 1.428407 -0.429568
v 6.205879 1.384679 -0.399210
v 6.227136 1.287620 -0.392998
v 6.218584 1.350223 -0.309432
v 6.220459 1.349942 -0.270521
v 6.228752 1.318095 -0.234328
v 6.279174 0.530007 -0.938461
v 6.298323 0.490119 -0.824953
v 6.303200 0.495949 -0.783161
v 6.310193 0.471102 -0.741062
v 6.319744 0.473526 -0.652878
v 6.320045 0.542859 -0.593281
v 6.316013 0.623007 -0.556309
v 6.314843 0.695873 -0.477654
v 6.320714 0.694508 -0.394806
v 6.326039 0.694565 -0.297410
v 6.303719 0.872436 -0.302686
v 6.293789 0.942447 -0.299427
v 6.282027 1.011754 -0.319587
v 6.274723 1.045393 -0.353047
v 6.259872 1.113234 -0.405404
v 6.255322 1.142670 -0.393559
v 6.245767 1.186678 -0.414527
v 6.234749 1.251419 -0.389222
v 6.227136 1.287620 -0.392998
v 6.205879 1.384679 -0.399210
v 6.193930 1.428407 -0.429568
v 6.178244 1.490655 -0.443723
v 6.170509 1.514025 -0.471366
v 6.157454 1.526814 -0.586720
v 6.155998 1.486498 -0.695448
v 6.160910 1.445630 -0.736873
v 6.154529 1.443783 -0.791771
v 6.141585 1.470357 -0.841803
v 6.135285 1.414376 -0.973373
v 6.125783 1.417026 -1.027844
v 6.104331 1.463185 -1.088975
v 6.093631 1.459902 -1.151517
v 6.084224 1.475095 -1.181506
v 6.074326 1.468783 -1.238905
v 6.064259 1.437192 -1.322452
v 6.031703 1.497674 -1.401844
v 6.026921 1.493373 -1.426781
v 6.036240 1.374764 -1.504484
v 6.030810 1.377163 -1.523939
v 6.029258 1.333888 -1.567940
v 6.036271 1.314244 -1.557511
v 6.044986 1.278058 -1.553818
v 6.083403 1.193650 -1.468690
v 6.102673 1.123869 -1.443587
v 6.115884 1.066938 -1.430819
v 6.125138 1.042499 -1.409086
v 6.142027 0.965635 -1.390213
v 6.161362 0.920334 -1.334258
v 6.172655 0.864623 -1.319240
v 6.183576 0.820231 -1.296245
v 6.191347 0.774375 -1.287326
v 6.210699 0.737172 -1.213852
v 6.216936 0.782539 -1.151946
v 6.224645 0.780708 -1.110827
v 6.243394 0.716078 -1.047330
v 6.248718 0.715085 -1.015784
v 6.267949 0.608383 -0.965573
v 6.279174 0.530007 -0.938461
v 0.467407 1.225297 6.234567
v 0.429285 1.259650 6.230460
v 0.377903 1.303593 6.224747
v 0.353542 1.340259 6.218388
v 0.307416 1.374405 6.213385
v 0.252629 1.423401 6.204817
v 0.264487 1.440156 6.200455
v 0.282522 1.423846 6.203425
v 0.290639 1.431504 6.201287
v 0.324229 1.435958 6.198592
v 0.337460 1.460691 6.192103
v 0.353304 1.461653 6.190993
v 0.350283 1.514820 6.178371
v 0.375516 1.517373 6.176262
v 0.398008 1.516603 6.175042
v 0.420786 1.545404 6.166385
v 0.452922 1.523590 6.169536
v 0.463724 1.536977 6.165412
v 0.483298 1.549808 6.160695
v 0.520186 1.579488 6.150143
v 0.521486 1.601651 6.144299
v 0.531797 1.600719 6.143658
v 0.544956 1.626423 6.135749
v 0.556068 1.629551 6.133922
v 0.574717 1.613121 6.136545
v 0.596283 1.608260 6.135763
v 0.619584 1.621936 6.129852
v 0.646603 1.622008 6.127041
v 0.683301 1.636052 6.119320
v 0.697658 1.650683 6.113768
v 0.734291 1.648488 6.110069
v 0.725442 1.638179 6.113898
v 0.720748 1.614178 6.120833
v 0.732856 1.574784 6.129651
v 0.709266 1.538056 6.141740
v 0.698961 1.494599 6.153639
v 0.696754 1.446925 6.165272
v 0.703261 1.418998 6.171022
v 0.707220 1.370152 6.181599
v 0.690994 1.359482 6.185788
v 0.681989 1.312979 6.196823
v 0.690086 1.284230 6.201949
v 0.668541 1.256366 6.210011
v 0.674216 1.226890 6.215289
v 0.691231 1.208959 6.216933
v 0.665715 1.185814 6.224171
v 0.633507 1.193091 6.226142
v 0.615067 1.215560 6.223644
v 0.580444 1.224665 6.225184
v 0.555703 1.210437 6.230223
v 0.483588 1.239334 6.230556
v 0.467407 1.225297 6.234567
v 3.767415 5.122060 -0.400904
v 3.763711 5.120192 -0.455802
v 3.792123 5.097730 -0.471800
v 3.874534 5.036015 -0.464951
v 3.909335 5.010270 -0.451592
v 3.913891 5.010242 -0.410583
v 4.003116 4.937433 -0.431814
v 3.987009 4.953806 -0.391420
v 3.953270 4.984267 -0.344058
v 3.976321 4.969845 -0.281334
v 3.972790 4.975302 -0.230111
v 3.946706 4.994330 -0.264236
v 3.813108 5.094243 -0.313896
v 3.767415 5.122060 -0.400904
v 1.811383 6.030582 -0.969853
v 1.821429 6.003852 -1.107160
v 1.870111 5.993834 -1.079946
v 1.905276 5.969797 -1.149385
v 1.974932 5.954071 -1.112798
v 1.998826 5.950418 -1.089430
v 1.926839 5.977851 -1.068749
v 1.913517 5.993002 -1.005995
v 1.971850 5.980110 -0.969399
v 2.048872 5.951504 -0.985580
v 2.106679 5.933765 -0.970554
v 2.101550 5.943497 -0.920856
v 2.126738 5.941512 -0.874679
v 2.092112 5.962478 -0.813365
v 2.126211 5.952064 -0.801122
v 2.138771 5.950433 -0.779518
v 2.204877 5.923900 -0.797221
v 2.214142 5.930433 -0.719156
v 2.272233 5.907528 -0.726438
v 2.283755 5.907669 -0.688153
v 2.361833 5.877596 -0.682097
v 2.482722 5.828933 -0.670281
v 2.638341 5.764039 -0.636123
v 2.667554 5.747756 -0.661137
v 2.710103 5.728609 -0.654237
v 2.719354 5.729441 -0.606848
v 2.817449 5.683066 -0.595300
v 2.944884 5.614803 -0.625528
v 2.986070 5.587955 -0.669170
v 3.101272 5.523993 -0.676207
v 3.175315 5.485620 -0.644194
v 3.234169 5.452757 -0.630262
v 3.183692 5.487735 -0.581822
v 3.310776 5.421294 -0.487830
v 3.343214 5.407557 -0.413383
v 3.304255 5.437286 -0.327819
v 3.204075 5.498629 -0.297697
v 2.982494 5.623744 -0.260519
v 2.914913 5.657012 -0.301890
v 2.815633 5.699343 -0.423483
v 2.697994 5.749702 -0.501393
v 2.543202 5.814746 -0.557221
v 2.326717 5.899169 -0.613058
v 2.233291 5.930263 -0.658815
v 2.076011 5.979809 -0.722295
v 2.004232 5.996427 -0.784579
v 1.985992 5.994429 -0.843975
v 1.883821 6.025002 -0.860355
v 1.859656 6.023401 -0.921930
v 1.811383 6.030582 -0.969853
v 1.217617 6.228379 -0.560662
v 1.279584 6.218654 -0.529768
v 1.271715 6.224213 -0.481201
v 1.239722 6.230273 -0.486244
v 1.212277 6.237604 -0.460789
v 1.174724 6.242099 -0.495842
v 1.208802 6.233611 -0.520126
v 1.217617 6.228379 -0.560662
v 1.081656 6.268366 -0.356715
v 1.135171 6.253014 -0.448159
v 1.194325 6.244484 -0.411878
v 1.274235 6.227743 -0.425654
v 1.300150 6.223284 -0.412292
v 1.389400 6.202910 -0.427919
v 1.402148 6.201920 -0.399760
v 1.351961 6.217089 -0.331138
v 1.309228 6.225601 -0.342726
v 1.287123 6.232354 -0.301195
v 1.206391 6.251157 -0.239360
v 1.125396 6.267383 -0.207453
v 1.076096 6.274412 -0.251817
v 1.110861 6.267543 -0.271179
v 1.102308 6.267820 -0.298309
v 1.064263 6.274520 -0.295597
v 1.052697 6.275190 -0.321658
v 1.081656 6.268366 -0.356715
v 0.958673 6.281917 -0.456188
v 0.976651 6.275296 -0.506410
v 1.042435 6.264678 -0.506734
v 1.078593 6.262281 -0.458379
v 1.083619 6.265667 -0.396016
v 1.056498 6.271143 -0.382390
v 1.063924 6.271486 -0.355205
v 1.022528 6.280270 -0.319814
v 0.975123 6.285418 -0.363730
v 0.990061 6.280994 -0.398161
v 0.952629 6.286486 -0.402783
v 0.958673 6.281917 -0.456188
v 0.184712 2.978875 -5.628661
v 0.193065 2.936455 -5.650628
v 0.181105 2.873573 -5.683258
v 0.193136 2.834226 -5.702587
v 0.276037 2.832561 -5.700004
v 0.394852 2.855753 -5.681409
v 0.471032 2.865214 -5.670831
v 0.525711 2.915622 -5.640250
v 0.659716 2.928428 -5.619495
v 0.783427 2.983684 -5.574362
v 0.871037 3.031776 -5.535275
v 0.961034 3.068714 -5.499914
v 0.915327 3.159451 -5.456160
v 0.850955 3.203152 -5.441078
v 0.809588 3.226120 -5.433816
v 0.735779 3.196594 -5.461690
v 0.643606 3.133720 -5.509556
v 0.590378 3.119817 -5.523390
v 0.560625 3.073139 -5.552581
v 0.486187 3.053921 -5.570173
v 0.408924 3.010971 -5.599685
v 0.298934 2.988476 -5.618656
v 0.184712 2.978875 -5.628661
v -4.778479 -4.172955 -0.584999
v -4.750767 -4.207543 -0.562523
v -4.786862 -4.173597 -0.506633
v -4.758610 -4.208975 -0.479369
v -4.727730 -4.243992 -0.476181
v -4.690271 -4.282265 -0.503196
v -4.629152 -4.342574 -0.550130
v -4.593701 -4.375195 -0.587550
v -4.560761 -4.413923 -0.553519
v -4.551951 -4.414914 -0.614753
v -4.513451 -4.445027 -0.678331
v -4.459755 -4.496880 -0.691591
v -4.373633 -4.575874 -0.722741
v -4.328058 -4.610306 -0.776290
v -4.298506 -4.632156 -0.809699
v -4.286622 -4.630531 -0.879032
v -4.302386 -4.605271 -0.933059
v -4.289407 -4.599867 -1.015800
v -4.314994 -4.571521 -1.035210
v -4.381826 -4.513692 -1.007885
v -4.478367 -4.435574 -0.927119
v -4.502802 -4.420532 -0.879383
v -4.542254 -4.389967 -0.828104
v -4.593516 -4.347588 -0.766637
v -4.640010 -4.305231 -0.724525
v -4.700497 -4.243777 -0.696648
v -4.723512 -4.222753 -0.668159
v -4.765760 -4.176067 -0.661539
v -4.806763 -4.137123 -0.607356
v -4.778479 -4.172955 -0.584999
v -5.121278 -3.758835 -0.483020
v -5.057283 -3.852707 -0.412531
v -5.102843 -3.791957 -0.414366
v -5.087888 -3.816285 -0.372838
v -5.038143 -3.883303 -0.355969
v -5.020513 -3.911966 -0.283925
v -5.018051 -3.918983 -0.224462
v -5.046002 -3.885457 -0.175297
v -5.039511 -3.895632 -0.130460
v -4.978001 -3.973243 -0.149941
v -4.936437 -4.023758 -0.174932
v -4.935110 -4.021984 -0.240763
v -4.912559 -4.048140 -0.262617
v -4.882486 -4.084964 -0.253065
v -4.868550 -4.100817 -0.264879
v -4.827989 -4.146488 -0.294614
v -4.775477 -4.204004 -0.332892
v -4.741285 -4.237212 -0.394840
v -4.759365 -4.215377 -0.410708
v -4.766789 -4.203352 -0.446316
v -4.830683 -4.134186 -0.403298
v -4.867626 -4.087438 -0.434411
v -4.886866 -4.053214 -0.528808
v -4.912507 -4.022056 -0.529136
v -4.943081 -3.991892 -0.469452
v -4.997407 -3.924815 -0.459771
v -5.040822 -3.867924 -0.467888
v -5.082052 -3.808459 -0.507970
v -5.093925 -3.792728 -0.506735
v -5.116559 -3.755745 -0.552132
v -5.165460 -3.675823 -0.629282
v -5.205382 -3.611241 -0.672735
v -5.214532 -3.604052 -0.639614
v -5.185405 -3.654819 -0.586100
v -5.176373 -3.678399 -0.513989
v -5.121278 -3.758835 -0.483020
v 3.073356 2.294996 -5.086956
v 3.120540 2.223773 -5.089863
v 3.159664 2.229238 -5.063266
v 3.182932 2.204382 -5.059574
v 3.207410 2.151403 -5.066915
v 3.209692 2.081297 -5.094676
v 3.220451 2.068381 -5.093146
v 3.261184 2.068726 -5.067020
v 3.323583 2.029378 -5.042327
v 3.341556 1.977957 -5.050874
v 3.365708 1.955636 -5.043524
v 3.420109 1.956489 -5.006461
v 3.459108 1.929823 -4.989990
v 3.466340 1.886968 -5.001348
v 3.513686 1.857457 -4.979308
v 3.559682 1.867483 -4.942754
v 3.623595 1.831590 -4.909631
v 3.664144 1.825560 -4.881703
v 3.678154 1.899855 -4.842662
v 3.708682 2.074195 -4.746898
v 3.433879 2.179010 -4.904084
v 3.331637 2.386619 -4.877898
v 3.353457 2.459462 -4.826491
v 3.341315 2.500704 -4.813703
v 3.306483 2.542966 -4.815614
v 3.295897 2.584573 -4.800697
v 3.252884 2.604573 -4.819189
v 3.264201 2.618677 -4.803869
v 3.240410 2.684520 -4.783590
v 3.197550 2.684913 -4.812126
v 3.177083 2.615846 -4.863449
v 3.138408 2.578981 -4.908044
v 3.078417 2.565689 -4.952800
v 3.031278 2.547125 -4.991307
v 3.004777 2.488570 -5.036663
v 2.988327 2.454531 -5.063084
v 2.959358 2.441529 -5.086332
v 2.964287 2.418598 -5.094412
v 3.009216 2.357159 -5.096868
v 3.029279 2.328138 -5.098321
v 3.073356 2.294996 -5.086956
v 3.172355 2.782463 -4.773228
v 3.188085 2.764305 -4.773298
v 3.194679 2.798404 -4.748958
v 3.161235 2.832366 -4.751204
v 3.153339 2.823715 -4.761589
v 3.172355 2.782463 -4.773228
v 1.301055 3.845967 -4.909729
v 1.245219 3.804510 -4.956287
v 1.231668 3.735634 -5.011753
v 1.092852 3.699116 -5.070686
v 1.190358 3.622632 -5.103845
v 1.291726 3.609025 -5.088813
v 1.421793 3.631348 -5.038001
v 1.472454 3.591850 -5.051745
v 1.456060 3.510962 -5.112991
v 1.436057 3.447942 -5.161306
v 1.370724 3.401643 -5.209567
v 1.457260 3.347083 -5.221405
v 1.466922 3.279383 -5.261504
v 1.571970 3.183228 -5.290142
v 1.646149 3.084986 -5.325664
v 1.760463 2.982476 -5.347452
v 1.867152 2.989943 -5.306942
v 1.987694 2.886523 -5.320404
v 1.934403 2.841917 -5.363882
v 1.936437 2.765069 -5.403170
v 1.891320 2.714159 -5.444804
v 1.885443 2.627485 -5.489177
v 2.094788 2.627749 -5.412618
v 2.168785 2.559991 -5.415945
v 2.233535 2.585715 -5.377271
v 2.248717 2.658555 -5.335260
v 2.306088 2.735271 -5.271612
v 2.478231 2.716366 -5.202823
v 2.625151 2.714492 -5.131253
v 2.753633 2.700383 -5.071004
v 2.693854 2.816821 -5.039674
v 2.554629 2.868226 -5.082990
v 2.551502 2.913857 -5.058549
v 2.589877 2.929852 -5.029726
v 2.571357 3.016464 -4.987856
v 2.643189 3.059439 -4.923721
v 2.662117 3.118173 -4.876451
v 2.690106 3.169042 -4.828058
v 2.560698 3.119656 -4.929524
v 2.470601 3.134165 -4.966164
v 2.421693 3.121813 -4.997932
v 2.398833 3.143039 -4.995653
v 2.339965 3.134538 -5.028805
v 2.216123 3.174703 -5.059615
v 2.193899 3.256387 -5.017209
v 2.132278 3.310323 -5.008472
v 2.067058 3.310156 -5.035850
v 2.051314 3.336697 -5.024759
v 1.981330 3.349039 -5.044592
v 1.950689 3.340226 -5.062346
v 1.910276 3.366814 -5.060143
v 1.902554 3.423318 -5.025020
v 1.852639 3.479728 -5.004884
v 1.791740 3.503262 -5.010635
v 1.812067 3.564473 -4.959898
v 1.730111 3.561591 -4.991135
v 1.698876 3.594716 -4.978100
v 1.694662 3.629908 -4.953941
v 1.643097 3.668197 -4.943097
v 1.642789 3.713276 -4.909427
v 1.654163 3.751469 -4.876461
v 1.595447 3.790505 -4.865826
v 1.499894 3.809253 -4.881552
v 1.399708 3.819600 -4.903174
v 1.352871 3.836014 -4.903507
v 1.301055 3.845967 -4.909729
v 1.326867 0.801120 6.179585
v 1.290050 0.832933 6.183173
v 1.265293 0.892402 6.179991
v 1.291063 0.921804 6.170338
v 1.263543 0.929342 6.174903
v 1.242342 0.965675 6.173629
v 1.187718 0.996215 6.179525
v 1.140690 0.989216 6.189501
v 1.119833 0.950987 6.199293
v 1.076806 0.923359 6.211082
v 1.053241 0.919518 6.215691
v 1.043150 0.896615 6.220736
v 1.096327 0.836821 6.219923
v 1.066993 0.822735 6.226899
v 1.051637 0.806393 6.231647
v 1.001116 0.800764 6.240688
v 0.980901 0.866618 6.235098
v 0.967123 0.847885 6.239824
v 0.931061 0.854354 6.244425
v 0.908176 0.898668 6.241574
v 0.863332 0.905981 6.246879
v 0.834785 0.918853 6.248879
v 0.787961 0.918688 6.254980
v 0.785017 0.894800 6.258812
v 0.772181 0.911443 6.258007
v 0.777532 0.933282 6.254124
v 0.786218 0.955581 6.249669
v 0.781598 0.975471 6.247176
v 0.797635 0.988484 6.243102
v 0.774651 1.004806 6.243390
v 0.773138 1.048975 6.236309
v 0.814996 1.058771 6.229320
v 0.854904 1.019421 6.230535
v 0.853184 0.996158 6.234532
v 0.896692 0.991220 6.229211
v 0.906752 1.000153 6.226326
v 0.937241 0.973160 6.226089
v 0.990474 0.981101 6.216594
v 1.035880 1.008841 6.204743
v 1.100958 1.030979 6.189880
v 1.136821 1.063757 6.177839
v 1.196505 1.057323 6.167664
v 1.192837 1.046535 6.170214
v 1.252948 1.042794 6.158924
v 1.301385 1.023842 6.152056
v 1.337536 0.990806 6.149711
v 1.378910 0.960441 6.145389
v 1.366417 0.944364 6.150668
v 1.393398 0.879545 6.154225
v 1.374114 0.846800 6.163147
v 1.339196 0.854710 6.169738
v 1.326867 0.801120 6.179585
v 2.117986 -1.924280 5.692181
v 2.085323 -1.978547 5.685633
v 2.031240 -2.005510 5.695756
v 1.937580 -1.944811 5.749186
v 1.933247 -1.901314 5.765171
v 1.741878 -1.794462 5.859642
v 1.566092 -1.677454 5.943328
v 1.490219 -1.611237 5.981037
v 1.452239 -1.522200 6.013614
v 1.471270 -1.491069 6.016787
v 1.389429 -1.348819 6.069581
v 1.293076 -1.147650 6.131924
v 1.198654 -0.929217 6.187845
v 1.155773 -0.879055 6.203313
v 1.123605 -0.797874 6.220173
v 1.040588 -0.725821 6.243397
v 0.963625 -0.681081 6.260767
v 0.999781 -0.631721 6.260272
v 0.948237 -0.526104 6.278033
v 0.983251 -0.448455 6.278674
v 1.071271 -0.378380 6.268879
v 1.083742 -0.424579 6.263775
v 1.052239 -0.450995 6.267299
v 1.054698 -0.491629 6.263829
v 1.099975 -0.482800 6.256724
v 1.143890 -0.494785 6.247907
v 1.188762 -0.550742 6.234835
v 1.250975 -0.505160 6.226517
v 1.272633 -0.430341 6.227749
v 1.340387 -0.333768 6.219454
v 1.471111 -0.289972 6.192042
v 1.589736 -0.173622 6.167028
v 1.623614 -0.101341 6.159809
v 1.608809 -0.016905 6.164502
v 1.637480 -0.006361 6.156968
v 1.708759 -0.059024 6.137288
v 1.742732 -0.111504 6.126997
v 1.792015 -0.140149 6.112175
v 1.853707 -0.256674 6.089953
v 1.932517 -0.270591 6.064800
v 1.991123 -0.241212 6.047056
v 2.028954 -0.260435 6.033669
v 2.092170 -0.250887 6.012447
v 2.171566 -0.302909 5.981822
v 2.101982 -0.415892 5.999862
v 2.133168 -0.418524 5.988662
v 2.183961 -0.477488 5.965900
v 2.089992 -0.472285 5.999877
v 2.075535 -0.488953 6.003559
v 1.988925 -0.510280 6.031039
v 1.866253 -0.585676 6.063310
v 1.857111 -0.637330 6.060907
v 1.828946 -0.675813 6.065301
v 1.837562 -0.735571 6.055736
v 1.772512 -0.767444 6.071151
v 1.770994 -0.814050 6.065521
v 1.742319 -0.834209 6.071084
v 1.782442 -0.933384 6.044943
v 1.837984 -1.000250 6.017554
v 1.813563 -1.047374 6.016946
v 1.882817 -1.053733 5.994521
v 1.919254 -1.112181 5.972366
v 2.010849 -1.115010 5.941622
v 2.099450 -1.050435 5.922714
v 2.082536 -1.216643 5.896818
v 2.128456 -1.229173 5.877793
v 2.187501 -1.210375 5.859989
v 2.262410 -1.385591 5.792347
v 2.237670 -1.422297 5.793060
v 2.226259 -1.498380 5.778258
v 2.216037 -1.590180 5.757617
v 2.171755 -1.643908 5.759400
v 2.185926 -1.683706 5.742517
v 2.159401 -1.719727 5.741878
v 2.193150 -1.809536 5.701343
v 2.117986 -1.924280 5.692181
v -3.737919 0.932313 -5.074288
v -3.753095 0.859174 -5.075996
v -3.763140 0.797327 -5.078650
v -3.739922 0.696276 -5.110560
v -3.699420 0.808835 -5.123448
v -3.661488 0.752859 -5.159104
v -3.695524 0.671442 -5.146057
v -3.672791 0.619598 -5.168786
v -3.562157 0.683792 -5.237663
v -3.531316 0.763751 -5.247488
v -3.555505 0.816213 -5.223200
v -3.493694 0.868337 -5.256399
v -3.468181 0.822638 -5.280590
v -3.424395 0.826883 -5.308430
v -3.359668 0.765328 -5.358782
v -3.342058 0.797629 -5.365080
v -3.372088 0.890521 -5.331570
v -3.428092 0.921480 -5.290435
v -3.474867 0.962914 -5.252403
v -3.511331 0.913127 -5.237022
v -3.577996 0.943251 -5.186315
v -3.588450 0.992296 -5.169914
v -3.651682 0.995216 -5.124881
v -3.638263 1.080058 -5.117241
v -3.715449 1.028050 -5.072297
v -3.728081 0.972748 -5.073935
v -3.737919 0.932313 -5.074288
v -3.503849 1.136827 -5.198106
v -3.474741 1.100847 -5.225318
v -3.452577 1.031583 -5.254064
v -3.426585 0.999081 -5.277309
v -3.362968 1.074910 -5.303269
v -3.379275 1.104237 -5.286852
v -3.399434 1.134899 -5.267399
v -3.402684 1.202747 -5.250217
v -3.452373 1.209162 -5.216195
v -3.445266 1.135580 -5.237389
v -3.501416 1.241037 -5.175863
v -3.503849 1.136827 -5.198106
v -3.000321 1.031376 -5.524851
v -2.878654 0.927120 -5.607445
v -2.921051 1.003989 -5.572173
v -2.985757 1.071747 -5.525057
v -3.036998 1.147494 -5.481746
v -3.076755 1.255969 -5.435601
v -3.102183 1.166958 -5.440984
v -3.044584 1.106713 -5.485922
v -3.000321 1.031376 -5.524851
v -3.292907 1.312830 -5.293664
v -3.351946 1.279127 -5.264782
v -3.410198 1.279288 -5.227200
v -3.413432 1.233751 -5.236027
v -3.375837 1.187395 -5.271002
v -3.320456 1.154573 -5.313302
v -3.312121 1.205348 -5.307225
v -3.312870 1.261002 -5.293808
v -3.292907 1.312830 -5.293664
v -3.616839 1.342296 -5.070144
v -3.656257 1.220678 -5.072610
v -3.584335 1.249622 -5.116701
v -3.590339 1.213004 -5.121301
v -3.619513 1.145573 -5.116290
v -3.579446 1.121058 -5.149799
v -3.567587 1.197956 -5.140707
v -3.539909 1.203628 -5.158485
v -3.518434 1.269669 -5.157344
v -3.572228 1.260973 -5.122380
v -3.566220 1.302212 -5.116244
v -3.501356 1.385207 -5.139197
v -3.587307 1.382814 -5.080226
v -3.616839 1.342296 -5.070144
v -3.245138 1.440702 -5.289905
v -3.231526 1.346955 -5.322837
v -3.185515 1.401128 -5.336570
v -3.128160 1.483649 -5.348181
v -3.208266 1.479678 -5.301625
v -3.245138 1.440702 -5.289905
v -3.140660 2.021977 -5.161154
v -3.201283 1.991845 -5.135560
v -3.224016 2.019328 -5.110546
v -3.236882 1.992514 -5.112937
v -3.229945 1.948673 -5.134176
v -3.273326 1.872641 -5.134997
v -3.263843 1.784119 -5.172416
v -3.215815 1.748711 -5.214421
v -3.213990 1.662338 -5.243714
v -3.246284 1.576688 -5.250270
v -3.296331 1.564815 -5.222566
v -3.334800 1.577568 -5.194230
v -3.455594 1.517767 -5.132728
v -3.454940 1.458912 -5.150205
v -3.487609 1.432895 -5.135468
v -3.484639 1.382918 -5.151162
v -3.407619 1.436145 -5.187992
v -3.366801 1.493002 -5.198580
v -3.348517 1.453290 -5.221592
v -3.282052 1.518021 -5.245320
v -3.200507 1.502055 -5.300021
v -3.151369 1.525922 -5.322601
v -3.150383 1.570507 -5.310201
v -3.175671 1.597904 -5.286914
v -3.144768 1.622786 -5.297796
v -3.137943 1.584003 -5.313557
v -3.083925 1.645807 -5.326384
v -3.063689 1.692538 -5.323417
v -3.045719 1.794925 -5.300140
v -3.088044 1.759787 -5.287417
v -3.072136 1.926301 -5.238414
v -3.085927 2.022099 -5.194017
v -3.140660 2.021977 -5.161154
v -5.773615 -0.756560 -2.585079
v -5.759700 -0.767599 -2.612717
v -5.744331 -0.725187 -2.658270
v -5.730769 -0.654983 -2.705351
v -5.727928 -0.570678 -2.730350
v -5.735368 -0.559969 -2.716915
v -5.737747 -0.592920 -2.704874
v -5.749794 -0.618026 -2.673490
v -5.765634 -0.688136 -2.621750
v -5.783220 -0.725638 -2.572441
v -5.773615 -0.756560 -2.585079
v -5.598673 -0.608205 -2.979024
v -5.570439 -0.617305 -3.029651
v -5.559361 -0.648335 -3.043486
v -5.527606 -0.675213 -3.095045
v -5.497220 -0.701079 -3.143041
v -5.467855 -0.700942 -3.193881
v -5.424566 -0.668830 -3.273590
v -5.394372 -0.637982 -3.329170
v -5.402038 -0.603744 -3.323119
v -5.452036 -0.619901 -3.237386
v -5.483429 -0.611242 -3.185597
v -5.496025 -0.558160 -3.173611
v -5.504165 -0.555419 -3.159955
v -5.504812 -0.614199 -3.147928
v -5.536595 -0.605746 -3.093352
v -5.554832 -0.567862 -3.067738
v -5.587458 -0.528355 -3.015095
v -5.586140 -0.463030 -3.028248
v -5.617625 -0.460921 -2.969762
v -5.626864 -0.479127 -2.949318
v -5.621461 -0.540608 -2.948994
v -5.598673 -0.608205 -2.979024
v -5.310305 -0.819236 -3.423324
v -5.354685 -0.891528 -3.334991
v -5.377115 -1.008137 -3.264955
v -5.409985 -1.004489 -3.211341
v -5.400893 -1.053098 -3.211071
v -5.440943 -1.071727 -3.136428
v -5.421373 -1.092396 -3.163072
v -5.471961 -1.138458 -3.057972
v -5.460947 -1.170065 -3.065722
v -5.423913 -1.177689 -3.127915
v -5.414978 -1.149351 -3.153831
v -5.368998 -1.137062 -3.235830
v -5.313631 -1.120594 -3.331552
v -5.278084 -1.050690 -3.409916
v -5.252221 -0.990335 -3.467428
v -5.232511 -0.894094 -3.522935
v -5.156386 -0.845926 -3.644960
v -5.098471 -0.877348 -3.718266
v -5.054412 -0.913695 -3.769313
v -5.052926 -0.994784 -3.750731
v -4.996200 -1.032521 -3.815957
v -4.961010 -1.014168 -3.866457
v -4.890973 -1.009590 -3.955850
v -4.926519 -0.650359 -3.986989
v -4.946114 -0.289024 -4.005254
v -5.061983 -0.365536 -3.851279
v -5.180360 -0.429045 -3.683672
v -5.220933 -0.485865 -3.618762
v -5.252111 -0.541587 -3.565341
v -5.256666 -0.606827 -3.548079
v -5.351765 -0.675202 -3.390038
v -5.360573 -0.733813 -3.363840
v -5.304693 -0.745701 -3.448739
v -5.310305 -0.819236 -3.423324
v -5.666134 -0.499861 -2.869617
v -5.648257 -0.529391 -2.899410
v -5.643226 -0.463953 -2.920340
v -5.633967 -0.421093 -2.944612
v -5.612554 -0.384730 -2.990127
v -5.584946 -0.337366 -3.047000
v -5.547531 -0.304723 -3.117962
v -5.563662 -0.277899 -3.091614
v -5.591294 -0.308999 -3.038354
v -5.608139 -0.333429 -3.004536
v -5.628726 -0.360081 -2.962672
v -5.646778 -0.406695 -2.922010
v -5.663919 -0.442202 -2.883422
v -5.666134 -0.499861 -2.869617
v 3.863565 4.958653 -1.036468
v 3.817168 5.002923 -0.994803
v 3.786622 5.026568 -0.992344
v 3.745263 5.062893 -0.964240
v 3.720677 5.086853 -0.932811
v 3.693096 5.104666 -0.945019
v 3.652808 5.138321 -0.918856
v 3.616081 5.157559 -0.955606
v 3.548656 5.187580 -1.041969
v 3.495638 5.209331 -1.110415
v 3.490307 5.198495 -1.176033
v 3.509685 5.182770 -1.187707
v 3.490274 5.181953 -1.246995
v 3.472253 5.174597 -1.325386
v 3.426685 5.175570 -1.435599
v 3.422569 5.168625 -1.470026
v 3.441817 5.148522 -1.495411
v 3.477027 5.119395 -1.513842
v 3.500677 5.094105 -1.544343
v 3.533175 5.067362 -1.558257
v 3.565861 5.053572 -1.528293
v 3.594939 5.022035 -1.563721
v 3.630087 4.991423 -1.580447
v 3.685118 4.930517 -1.643032
v 3.710208 4.910703 -1.645901
v 3.733469 4.902449 -1.617667
v 3.823979 4.842869 -1.585387
v 3.851706 4.810253 -1.617243
v 3.853313 4.814504 -1.600677
v 3.849216 4.842387 -1.524619
v 3.879215 4.832160 -1.480394
v 3.883160 4.839593 -1.445356
v 3.914860 4.824060 -1.411368
v 3.898894 4.849711 -1.366956
v 3.919460 4.839910 -1.342663
v 3.915951 4.844274 -1.337153
v 3.886916 4.879656 -1.292471
v 3.898454 4.883972 -1.240366
v 3.874998 4.906256 -1.225841
v 3.880221 4.914179 -1.176592
v 3.904446 4.895855 -1.172837
v 3.898388 4.910542 -1.130835
v 3.874471 4.929976 -1.128471
v 3.881648 4.936098 -1.075818
v 3.863565 4.958653 -1.036468
v 2.429962 2.023105 5.531001
v 2.480480 2.013815 5.511933
v 2.500683 1.992847 5.510425
v 2.479586 1.966199 5.529499
v 2.406645 1.966825 5.561412
v 2.350282 1.963094 5.586777
v 2.338863 2.008305 5.575489
v 2.350648 2.023720 5.564948
v 2.429962 2.023105 5.531001
v -3.064435 4.295571 -3.570288
v -3.081704 4.281180 -3.572708
v -3.055036 4.286118 -3.589651
v -3.043971 4.258184 -3.632045
v -3.041091 4.229966 -3.667260
v -3.077148 4.169910 -3.705759
v -3.053721 4.151298 -3.745818
v -3.050117 4.136402 -3.765183
v -3.038557 4.111349 -3.801792
v -3.001411 4.097364 -3.846138
v -2.983861 4.074451 -3.883949
v -3.000395 4.037328 -3.909891
v -2.997146 4.027819 -3.922171
v -3.031303 4.013797 -3.910279
v -3.088784 3.975801 -3.904109
v -3.089316 3.954752 -3.925010
v -3.062851 3.949008 -3.951446
v -3.015890 3.944782 -3.991585
v -3.007150 3.905250 -4.036795
v -2.974174 3.908378 -4.058142
v -2.973388 3.900409 -4.066377
v -2.931239 3.917121 -4.080888
v -2.930095 3.900620 -4.097480
v -2.912356 3.893317 -4.117026
v -2.902431 3.909857 -4.108352
v -2.880239 3.917893 -4.116307
v -2.854667 3.931866 -4.120794
v -2.856927 3.970258 -4.082238
v -2.869017 3.980457 -4.063784
v -2.855375 3.996299 -4.057840
v -2.851404 4.042833 -4.014304
v -2.840136 4.056862 -4.008135
v -2.794760 4.066196 -4.030510
v -2.750728 4.089106 -4.037617
v -2.781352 4.143534 -3.960410
v -2.833939 4.188752 -3.874634
v -2.848866 4.247852 -3.798600
v -2.894291 4.221815 -3.793283
v -2.952861 4.218784 -3.751281
v -2.918557 4.262559 -3.728573
v -2.997483 4.298031 -3.623764
v -2.995395 4.343823 -3.570498
v -3.064435 4.295571 -3.570288
v 4.684600 4.253153 0.744886
v 4.670529 4.274149 0.712351
v 4.664708 4.286156 0.677502
v 4.703723 4.245723 0.662168
v 4.710212 4.245821 0.613632
v 4.702731 4.256279 0.598372
v 4.711152 4.253386 0.550816
v 4.750605 4.211701 0.531950
v 4.765867 4.189066 0.572609
v 4.821929 4.123315 0.580445
v 4.830701 4.110896 0.595396
v 4.863771 4.070607 0.602935
v 4.864880 4.063561 0.640355
v 4.911163 4.011998 0.611547
v 4.953461 3.954984 0.641065
v 4.977530 3.929014 0.613746
v 4.994487 3.905173 0.627985
v 5.015551 3.872144 0.663615
v 5.038616 3.842842 0.659207
v 5.051059 3.819786 0.696904
v 5.035144 3.832288 0.741982
v 5.035521 3.822503 0.788439
v 4.985537 3.891757 0.767000
v 4.942717 3.945666 0.768707
v 4.930288 3.953714 0.806258
v 4.900984 3.986668 0.822480
v 4.856870 4.043186 0.808143
v 4.836980 4.074301 0.770283
v 4.809418 4.108754 0.759788
v 4.769271 4.159629 0.735653
v 4.738457 4.195200 0.732777
v 4.709806 4.225170 0.745184
v 4.684600 4.253153 0.744886
v 2.705867 -2.412270 5.239168
v 2.764659 -2.288521 5.263931
v 2.776852 -2.232602 5.281498
v 2.836845 -2.140696 5.287663
v 3.001732 -2.110193 5.208294
v 3.085471 -2.111678 5.158520
v 3.158867 -2.165254 5.091451
v 3.154194 -2.197463 5.080537
v 3.168883 -2.255388 5.045894
v 3.133775 -2.395913 5.002869
v 3.221009 -2.415679 4.937534
v 3.260645 -2.395513 4.921316
v 3.312029 -2.423371 4.873128
v 3.320758 -2.454054 4.851786
v 3.305987 -2.547770 4.813415
v 3.306006 -2.586944 4.792462
v 3.335973 -2.591449 4.769205
v 3.371339 -2.575013 4.753212
v 3.396351 -2.593454 4.725298
v 3.381628 -2.649172 4.704903
v 3.354409 -2.708835 4.690394
v 3.322353 -2.766775 4.679377
v 3.284022 -2.854839 4.653465
v 3.188146 -2.930732 4.672919
v 3.118794 -2.946583 4.709609
v 3.030081 -2.931528 4.776442
v 2.952768 -2.904624 4.840863
v 3.075689 -2.753185 4.852809
v 3.074736 -2.708850 4.878296
v 2.996057 -2.669448 4.948467
v 2.906809 -2.594650 5.040624
v 2.837932 -2.579196 5.087586
v 2.705867 -2.412270 5.239168
v 3.655852 2.667760 -4.484132
v 3.639296 2.741022 -4.453309
v 3.602373 2.793561 -4.450681
v 3.577831 2.804308 -4.463701
v 3.563684 2.772969 -4.494490
v 3.579712 2.714216 -4.517558
v 3.614004 2.654893 -4.525501
v 3.637920 2.647709 -4.510523
v 3.655852 2.667760 -4.484132
v 3.941478 4.725800 -1.649607
v 3.912668 4.741737 -1.672304
v 3.902762 4.733504 -1.718147
v 3.883573 4.733227 -1.761835
v 3.887449 4.714997 -1.801717
v 3.865199 4.726461 -1.819463
v 3.834303 4.733619 -1.865638
v 3.808718 4.750975 -1.873911
v 3.794829 4.750963 -1.901911
v 3.791856 4.743736 -1.925731
v 3.803167 4.721665 -1.957406
v 3.822974 4.690060 -1.994455
v 3.845421 4.645056 -2.055682
v 3.875531 4.611518 -2.074561
v 3.909567 4.578631 -2.083521
v 3.935037 4.543205 -2.112916
v 3.931259 4.528819 -2.150499
v 3.902366 4.541384 -2.176467
v 3.896824 4.527980 -2.214000
v 3.913604 4.507759 -2.225635
v 3.947059 4.490819 -2.200661
v 3.952234 4.498200 -2.176161
v 4.045119 4.402212 -2.201633
v 4.060366 4.410645 -2.156219
v 4.062462 4.439724 -2.091624
v 4.120727 4.421147 -2.015617
v 4.155729 4.400683 -1.988352
v 4.201634 4.404911 -1.879541
v 4.215436 4.417424 -1.818272
v 4.232831 4.411553 -1.791922
v 4.212453 4.444422 -1.758407
v 4.205539 4.458288 -1.739756
v 4.186335 4.471675 -1.751674
v 4.184848 4.481527 -1.729915
v 4.210467 4.463781 -1.713554
v 4.206582 4.486774 -1.662279
v 4.178709 4.519200 -1.644649
v 4.178590 4.537596 -1.593502
v 4.158073 4.562363 -1.576363
v 4.143342 4.592749 -1.526111
v 4.107447 4.607259 -1.578507
v 4.039585 4.659017 -1.601548
v 3.974841 4.710127 -1.613997
v 3.941478 4.725800 -1.649607
v -3.246669 4.933487 -2.389454
v -3.410935 4.806532 -2.419177
v -3.325079 4.830549 -2.489837
v -3.393818 4.724263 -2.598651
v -3.504941 4.647054 -2.590351
v -3.548968 4.593553 -2.625593
v -3.475277 4.639748 -2.642882
v -3.493944 4.580345 -2.720742
v -3.431967 4.644710 -2.690336
v -3.374455 4.718182 -2.634664
v -3.298683 4.797968 -2.586085
v -3.258834 4.852853 -2.533665
v -3.170441 4.947860 -2.461021
v -3.078122 5.015993 -2.440208
v -2.987156 5.108243 -2.360591
v -2.992157 5.138657 -2.287103
v -2.943295 5.168944 -2.282252
v -2.950854 5.178056 -2.251631
v -3.008513 5.134870 -2.274114
v -3.090990 5.070707 -2.307240
v -3.159271 5.003713 -2.360405
v -3.246669 4.933487 -2.389454
v 3.426685 5.175570 -1.435599
v 3.472253 5.174597 -1.325386
v 3.490274 5.181953 -1.246995
v 3.447757 5.210267 -1.247287
v 3.389181 5.230938 -1.319237
v 3.379283 5.219793 -1.387028
v 3.381803 5.209654 -1.418646
v 3.407378 5.192067 -1.421918
v 3.426685 5.175570 -1.435599
v -2.522247 5.846323 0.220036
v -2.544720 5.835275 0.252210
v -2.471846 5.867235 0.234885
v -2.473056 5.860753 0.353848
v -2.553435 5.819168 0.454855
v -2.604557 5.799270 0.417599
v -2.625817 5.794497 0.344285
v -2.723565 5.748492 0.355905
v -2.746688 5.738478 0.339425
v -2.748890 5.739922 0.294168
v -2.717733 5.756639 0.254321
v -2.693638 5.770458 0.189136
v -2.650687 5.790736 0.175726
v -2.636862 5.798296 0.127919
v -2.651996 5.792304 0.075933
v -2.617180 5.808399 0.050101
v -2.579248 5.825257 0.059157
v -2.604050 5.814511 0.005283
v -2.651579 5.792933 0.026256
v -2.694546 5.773133 0.000000
v -2.286937 5.946391 0.000000
v -2.363822 5.915383 0.101140
v -2.458594 5.873444 0.218202
v -2.522247 5.846323 0.220036
v -2.091828 6.017798 -0.000000
v -2.096806 6.015932 -0.040135
v -2.063293 6.027467 -0.045911
v -2.019891 6.042324 -0.000000
v -2.091828 6.017798 -0.000000
v -2.084897 6.020016 0.047539
v -2.091828 6.017798 0.000000
v -2.019891 6.042324 0.000000
v -2.015466 6.043800 0.004507
v -2.015399 6.043726 0.034323
v -2.044012 6.033588 0.086458
v -2.058517 6.028689 0.083989
v -2.084897 6.020016 0.047539
v -1.481156 6.099482 -1.091849
v -1.452335 6.099257 -1.131116
v -1.401856 6.102827 -1.174707
v -1.393952 6.104514 -1.175351
v -1.380548 6.116946 -1.125478
v -1.396986 6.119814 -1.089010
v -1.456346 6.107858 -1.078315
v -1.481156 6.099482 -1.091849
v -1.430555 6.156326 -0.801751
v -1.450669 6.144870 -0.851922
v -1.418207 6.147489 -0.886970
v -1.353515 6.158864 -0.908866
v -1.328297 6.167980 -0.883906
v -1.370153 6.163754 -0.848795
v -1.430555 6.156326 -0.801751
v -1.302535 6.169808 -0.909125
v -1.354767 6.148703 -0.973499
v -1.287081 6.149508 -1.056700
v -1.275070 6.142591 -1.110143
v -1.184894 6.161380 -1.105922
v -1.140611 6.180384 -1.044747
v -1.149125 6.185415 -1.004883
v -1.197904 6.184245 -0.953826
v -1.302535 6.169808 -0.909125
v 1.129136 6.013708 -1.774828
v 1.152395 6.010480 -1.770807
v 1.243381 6.015255 -1.691258
v 1.223378 6.031341 -1.648002
v 1.257281 6.040879 -1.586401
v 1.225783 6.059692 -1.538580
v 1.184302 6.067016 -1.542201
v 1.149972 6.085247 -1.495652
v 1.044707 6.112653 -1.460718
v 1.060249 6.116472 -1.433278
v 0.946809 6.143063 -1.398561
v 0.925899 6.156250 -1.353859
v 0.842146 6.171103 -1.340865
v 0.730114 6.188470 -1.326429
v 0.643166 6.193383 -1.348326
v 0.586405 6.202919 -1.330248
v 0.535658 6.206200 -1.336336
v 0.534825 6.196130 -1.382597
v 0.563494 6.187988 -1.407453
v 0.672317 6.174635 -1.418279
v 0.771349 6.161358 -1.425599
v 0.900866 6.133582 -1.468761
v 0.995547 6.103342 -1.532235
v 1.095086 6.071811 -1.588565
v 1.139026 6.043201 -1.664928
v 1.129136 6.013708 -1.774828
v -0.419118 6.207065 -1.373433
v -0.441433 6.194449 -1.422525
v -0.455863 6.200719 -1.390291
v -0.526696 6.200378 -1.366580
v -0.600925 6.187686 -1.393224
v -0.636911 6.177634 -1.421558
v -0.653402 6.163246 -1.475501
v -0.637111 6.154829 -1.517170
v -0.587396 6.138598 -1.600696
v -0.576910 6.129685 -1.638224
v -0.617504 6.125423 -1.639367
v -0.669765 6.117651 -1.647849
v -0.687673 6.123491 -1.618521
v -0.729396 6.103406 -1.675130
v -0.730964 6.111629 -1.644180
v -0.769284 6.116566 -1.607937
v -0.866557 6.111404 -1.577804
v -0.897431 6.096505 -1.617677
v -1.021640 6.091681 -1.561190
v -0.978571 6.116012 -1.492127
v -1.043968 6.110532 -1.470092
v -1.084167 6.110705 -1.439969
v -1.159311 6.093875 -1.452698
v -1.213754 6.072735 -1.496106
v -1.225813 6.058493 -1.543269
v -1.312398 6.030853 -1.579894
v -1.383429 6.016146 -1.575358
v -1.335445 6.053531 -1.470029
v -1.408964 6.037751 -1.466297
v -1.431706 6.047225 -1.403895
v -1.502223 6.036373 -1.376652
v -1.497743 6.046272 -1.337535
v -1.546621 6.041340 -1.303768
v -1.455831 6.073322 -1.258951
v -1.448992 6.087701 -1.195810
v -1.678096 6.066016 -0.988474
v -1.747118 6.045515 -0.994471
v -1.862379 6.018164 -0.950203
v -1.906363 6.025035 -0.808933
v -1.949475 6.019058 -0.748420
v -2.000866 6.003831 -0.734974
v -2.071007 5.976138 -0.765733
v -2.115032 5.965093 -0.730720
v -2.111204 5.973051 -0.674621
v -2.128445 5.974064 -0.608213
v -2.167163 5.966447 -0.542731
v -2.172654 5.970752 -0.468329
v -2.276722 5.935554 -0.418776
v -2.252503 5.948384 -0.364145
v -2.181653 5.973466 -0.384362
v -2.138832 5.990463 -0.359704
v -2.184564 5.979808 -0.243343
v -2.185730 5.982100 -0.163424
v -2.240914 5.963635 -0.054767
v -2.286937 5.946391 -0.000000
v -2.694546 5.773133 -0.000000
v -2.695088 5.772880 -0.000338
v -2.738583 5.752042 -0.061803
v -2.729133 5.755541 -0.123391
v -2.784064 5.729913 -0.081997
v -2.866861 5.689267 -0.054634
v -2.893921 5.675725 -0.031804
v -2.934881 5.654682 -0.026311
v -2.960836 5.641055 -0.039884
v -2.936530 5.652270 -0.135181
v -3.000117 5.613162 -0.285217
v -3.006671 5.607021 -0.332995
v -3.064594 5.569505 -0.422522
v -3.111614 5.536044 -0.509630
v -3.151464 5.510863 -0.536943
v -3.071559 5.549059 -0.602590
v -3.114565 5.505654 -0.759538
v -3.073761 5.526322 -0.775498
v -3.100093 5.502465 -0.837820
v -3.067057 5.510134 -0.906216
v -3.122266 5.473060 -0.941650
v -3.189343 5.417201 -1.035214
v -3.226260 5.393413 -1.044979
v -3.266562 5.380109 -0.986736
v -3.393945 5.291679 -1.033881
v -3.380004 5.289384 -1.089785
v -3.444724 5.236973 -1.139136
v -3.490258 5.209562 -1.126146
v -3.497874 5.176659 -1.247686
v -3.586503 5.101631 -1.303840
v -3.571545 5.085340 -1.404642
v -3.647327 5.016491 -1.456525
v -3.684022 4.951970 -1.579751
v -3.618913 4.999810 -1.579560
v -3.489552 5.098724 -1.554246
v -3.291836 5.243004 -1.504782
v -3.187528 5.329071 -1.424888
v -3.156989 5.365148 -1.355818
v -3.117893 5.392994 -1.335664
v -3.133370 5.406197 -1.242846
v -3.058095 5.478957 -1.103959
v -2.995940 5.536419 -0.980843
v -2.950954 5.579781 -0.864614
v -2.829635 5.653742 -0.786134
v -2.820294 5.649413 -0.848360
v -2.888486 5.606487 -0.901992
v -2.946274 5.547456 -1.065287
v -2.818697 5.613415 -1.064967
v -2.798376 5.595461 -1.203974
v -2.889345 5.503954 -1.395641
v -2.962398 5.469297 -1.378636
v -2.928600 5.454350 -1.504330
v -2.895535 5.448425 -1.587511
v -2.836976 5.489663 -1.550745
v -2.781290 5.498208 -1.619808
v -2.785730 5.470410 -1.704102
v -2.677333 5.480182 -1.840959
v -2.589654 5.463301 -2.008899
v -2.610917 5.348496 -2.272959
v -2.607059 5.201513 -2.595601
v -2.685760 5.193408 -2.530781
v -2.748861 5.152765 -2.546060
v -2.806500 5.138188 -2.512414
v -2.800569 5.170833 -2.451313
v -2.851458 5.166616 -2.401022
v -2.987977 5.094095 -2.389944
v -3.048160 5.036719 -2.435124
v -3.082053 4.967925 -2.531859
v -3.157557 4.883722 -2.601679
v -3.240229 4.767668 -2.712912
v -3.256991 4.659428 -2.876001
v -3.281828 4.606634 -2.932262
v -3.279096 4.516246 -3.072571
v -3.270232 4.424789 -3.211926
v -3.265829 4.377290 -3.280752
v -3.219362 4.329656 -3.388130
v -3.182545 4.328597 -3.424075
v -3.119996 4.368099 -3.431468
v -3.075069 4.308507 -3.545470
v -3.081704 4.281179 -3.572709
v -3.064434 4.295570 -3.570289
v -3.039129 4.337118 -3.541574
v -3.069239 4.339315 -3.512800
v -3.018353 4.434580 -3.437104
v -2.958679 4.502457 -3.400550
v -2.990696 4.530158 -3.335123
v -3.070217 4.516292 -3.281236
v -3.055027 4.591936 -3.189134
v -3.012373 4.675536 -3.107188
v -3.012376 4.703083 -3.065329
v -2.987741 4.769993 -2.984998
v -2.917223 4.748200 -3.087725
v -2.892193 4.718841 -3.155535
v -2.807441 4.718929 -3.231042
v -2.733821 4.788482 -3.191599
v -2.629347 4.840254 -3.201268
v -2.514369 4.863292 -3.258217
v -2.442549 4.932938 -3.207760
v -2.391091 4.975867 -3.180106
v -2.347908 5.005611 -3.165568
v -2.261546 5.074208 -3.118888
v -2.194698 5.098864 -3.126425
v -2.097605 5.118646 -3.160563
v -2.025211 5.116853 -3.210293
v -1.963399 5.104881 -3.267246
v -1.938304 5.071590 -3.333405
v -1.980869 5.055552 -3.332745
v -2.006398 5.017959 -3.374033
v -1.987639 4.995918 -3.417564
v -1.978447 4.921880 -3.528525
v -1.997439 4.890666 -3.561075
v -1.934363 4.845339 -3.656578
v -1.842957 4.872493 -3.667692
v -1.769237 4.866516 -3.711666
v -1.723205 4.890479 -3.701814
v -1.680560 4.898171 -3.711237
v -1.608468 4.847691 -3.808197
v -1.525696 4.835723 -3.857159
v -1.470987 4.817735 -3.900675
v -1.380334 4.829563 -3.919137
v -1.317007 4.828808 -3.941795
v -1.261906 4.865693 -3.914367
v -1.182917 4.900018 -3.896174
v -1.111501 4.909366 -3.905423
v -1.027835 4.900091 -3.939835
v -0.966458 4.886893 -3.971634
v -0.860055 4.916767 -3.959211
v -0.833361 4.969334 -3.898830
v -0.748968 4.987163 -3.893185
v -0.685427 4.995259 -3.894511
v -0.603589 5.023657 -3.871458
v -0.545793 4.951966 -3.971118
v -0.581173 4.910527 -4.017288
v -0.520445 4.860833 -4.085472
v -0.415037 4.878858 -4.076044
v -0.343717 4.881429 -4.079602
v -0.293216 4.914643 -4.043507
v -0.219471 4.915687 -4.046912
v -0.157005 4.937324 -4.023409
v -0.050655 4.904103 -4.066552
v 0.086302 4.842417 -4.139226
v 0.163023 4.829871 -4.151556
v 0.191691 4.823904 -4.157264
v 0.227321 4.868058 -4.103654
v 0.320394 4.858446 -4.108830
v 0.347840 4.888843 -4.070364
v 0.395870 4.902654 -4.049310
v 0.424622 4.943437 -3.996469
v 0.461321 4.956035 -3.976751
v 0.564014 4.938028 -3.985901
v 0.651503 4.978258 -3.922007
v 0.695795 4.941719 -3.960420
v 0.802585 5.115043 -3.712389
v 0.868887 5.165791 -3.626193
v 0.839287 5.186118 -3.604084
v 1.018942 5.124469 -3.645712
v 1.081281 5.120698 -3.633032
v 1.062132 5.156574 -3.587654
v 1.132890 5.178753 -3.533655
v 1.204172 5.162945 -3.533216
v 1.192758 5.229620 -3.437738
v 1.292942 5.243270 -3.380245
v 1.359905 5.216929 -3.394695
v 1.520633 5.193260 -3.362643
v 1.558622 5.177301 -3.369851
v 1.790226 5.154656 -3.288504
v 1.831349 5.132264 -3.300859
v 1.818575 5.086768 -3.377458
v 1.886170 5.069308 -3.366619
v 1.886847 5.050901 -3.393795
v 1.964849 5.017706 -3.398770
v 1.896474 4.970221 -3.505700
v 1.931427 4.937106 -3.533301
v 2.015595 4.940135 -3.481678
v 2.046128 4.919233 -3.493444
v 2.100169 4.955647 -3.408884
v 2.194627 4.954243 -3.350930
v 2.276786 4.924618 -3.339765
v 2.325081 4.953033 -3.263603
v 2.412122 5.001095 -3.124157
v 2.497819 4.999311 -3.058991
v 2.668543 4.923448 -3.037793
v 2.716444 4.871506 -3.078799
v 2.737840 4.912815 -2.993013
v 2.843285 4.834133 -3.022670
v 2.839549 4.819329 -3.049700
v 2.913784 4.763790 -3.066889
v 2.906066 4.713376 -3.150954
v 2.863481 4.715464 -3.186615
v 2.863953 4.665186 -3.259365
v 2.897317 4.626030 -3.285581
v 2.876615 4.613648 -3.320991
v 2.934336 4.567925 -3.333673
v 2.999156 4.555132 -3.293247
v 3.111634 4.474145 -3.299909
v 3.108454 4.398408 -3.403111
v 3.149018 4.343920 -3.435649
v 3.141389 4.247214 -3.561248
v 3.198249 4.213703 -3.550430
v 3.221401 4.192444 -3.554663
v 3.245361 4.198161 -3.526006
v 3.256705 4.248727 -3.454248
v 3.271898 4.251506 -3.436426
v 3.297377 4.270664 -3.387974
v 3.293898 4.304413 -3.348418
v 3.336739 4.321535 -3.283314
v 3.379819 4.308689 -3.256020
v 3.379647 4.323891 -3.235985
v 3.428743 4.362895 -3.130258
v 3.498707 4.375992 -3.033048
v 3.533062 4.389788 -2.972688
v 3.546310 4.380261 -2.970965
v 3.560719 4.448012 -2.850634
v 3.593473 4.477944 -2.761269
v 3.597671 4.524175 -2.679225
v 3.553314 4.536670 -2.717025
v 3.461203 4.601479 -2.726923
v 3.462417 4.631800 -2.673524
v 3.366826 4.662847 -2.740800
v 3.354265 4.679377 -2.727999
v 3.406919 4.667197 -2.683248
v 3.376924 4.700678 -2.662640
v 3.334933 4.721579 -2.678536
v 3.284571 4.727049 -2.730612
v 3.255897 4.751829 -2.721929
v 3.231021 4.792450 -2.680031
v 3.178298 4.830613 -2.674555
v 3.159861 4.851836 -2.657933
v 3.205599 4.875209 -2.558537
v 3.232250 4.874436 -2.526277
v 3.227514 4.907802 -2.467037
v 3.271135 4.896555 -2.431678
v 3.299660 4.921476 -2.341145
v 3.284971 4.935339 -2.332602
v 3.268707 4.965690 -2.290660
v 3.296797 4.969061 -2.242589
v 3.277706 4.990590 -2.222677
v 3.253413 5.004554 -2.226969
v 3.236769 5.043269 -2.162961
v 3.282533 5.036698 -2.108624
v 3.289935 5.040116 -2.088827
v 3.316024 5.024607 -2.084935
v 3.326529 5.027369 -2.061408
v 3.287252 5.070794 -2.017590
v 3.270337 5.093054 -1.988803
v 3.256553 5.099289 -1.995433
v 3.230740 5.096975 -2.042745
v 3.200396 5.111528 -2.054116
v 3.190565 5.129169 -2.025232
v 3.200764 5.140752 -1.979247
v 3.184895 5.152589 -1.974059
v 3.184815 5.164493 -1.942835
v 3.154961 5.206785 -1.877566
v 3.126861 5.224013 -1.876716
v 3.093224 5.253716 -1.849344
v 3.105342 5.268672 -1.785383
v 3.131121 5.261197 -1.762250
v 3.115558 5.276716 -1.743333
v 3.126674 5.292292 -1.674872
v 3.087657 5.328548 -1.631746
v 3.050067 5.357914 -1.606079
v 3.044304 5.371725 -1.570487
v 3.006086 5.390617 -1.579348
v 2.935933 5.445176 -1.523153
v 2.868349 5.478166 -1.533596
v 2.857619 5.488049 -1.518215
v 2.780563 5.519007 -1.548767
v 2.767908 5.545229 -1.476063
v 2.603401 5.613735 -1.515891
v 2.529911 5.643822 -1.528549
v 2.476898 5.669908 -1.518802
v 2.456432 5.704245 -1.420273
v 2.390148 5.736146 -1.404798
v 2.346904 5.771673 -1.330218
v 2.256228 5.811390 -1.314087
v 2.181066 5.862113 -1.211703
v 2.094257 5.894439 -1.208020
v 2.065380 5.922156 -1.118888
v 1.998826 5.950418 -1.089430
v 1.974932 5.954072 -1.112796
v 1.905273 5.969798 -1.149383
v 1.853545 5.983197 -1.164202
v 1.871781 5.959770 -1.251888
v 1.829712 5.950364 -1.354606
v 1.825719 5.904268 -1.547903
v 1.841687 5.884211 -1.604336
v 1.891197 5.855442 -1.651305
v 1.963876 5.832174 -1.648812
v 2.031316 5.820177 -1.609017
v 2.086136 5.854041 -1.402814
v 2.114803 5.848450 -1.383068
v 2.135802 5.815673 -1.485238
v 2.172709 5.794418 -1.514495
v 2.255340 5.746265 -1.575918
v 2.244001 5.731542 -1.644243
v 2.242082 5.718877 -1.690311
v 2.199604 5.742434 -1.666082
v 2.182332 5.762969 -1.617175
v 2.133831 5.780799 -1.618260
v 2.111945 5.751366 -1.746746
v 2.067408 5.762969 -1.761718
v 2.031164 5.797217 -1.690057
v 1.886942 5.841535 -1.704569
v 1.863537 5.838974 -1.738752
v 1.860564 5.823318 -1.793575
v 1.792308 5.853897 -1.763281
v 1.773649 5.879738 -1.694841
v 1.715000 5.905025 -1.667063
v 1.689739 5.930571 -1.600860
v 1.632539 5.917446 -1.705372
v 1.654953 5.894088 -1.763661
v 1.702409 5.888863 -1.735724
v 1.742164 5.864973 -1.776682
v 1.741753 5.849999 -1.825774
v 1.677033 5.859509 -1.855629
v 1.625464 5.886988 -1.814077
v 1.526900 5.907033 -1.834442
v 1.359859 5.942139 -1.852405
v 1.338322 5.940163 -1.874301
v 1.407732 5.915437 -1.901456
v 1.372454 5.911121 -1.940273
v 1.328070 5.925187 -1.928219
v 1.262750 5.926315 -1.968221
v 1.189078 5.943079 -1.963555
v 1.181029 5.918617 -2.040781
v 1.107162 5.945474 -2.003789
v 1.113533 5.968317 -1.931030
v 1.079043 5.981057 -1.911091
v 0.993202 5.969382 -1.992403
v 0.958591 5.957149 -2.045268
v 0.870739 5.910927 -2.211877
v 0.825650 5.932391 -2.171333
v 0.843632 5.953575 -2.105440
v 0.836491 5.961931 -2.084538
v 0.876146 5.965769 -2.057087
v 0.845183 5.984067 -2.016495
v 0.831693 6.013283 -1.933484
v 0.819411 6.024947 -1.902163
v 0.722801 6.056926 -1.838706
v 0.667482 6.087502 -1.756822
v 0.637454 6.093917 -1.745702
v 0.564524 6.085298 -1.800027
v 0.575417 6.066698 -1.858417
v 0.632777 6.038551 -1.930061
v 0.621897 6.027156 -1.968825
v 0.632540 6.001517 -2.042382
v 0.683452 5.948671 -2.176199
v 0.659286 5.923929 -2.249899
v 0.695977 5.896214 -2.310826
v 0.821222 5.834580 -2.423409
v 0.777244 5.827981 -2.453603
v 0.749362 5.844037 -2.423907
v 0.695420 5.855349 -2.412657
v 0.670426 5.876816 -2.367109
v 0.621974 5.897059 -2.329695
v 0.629938 5.920695 -2.266758
v 0.593687 5.947410 -2.205787
v 0.633296 5.950684 -2.185850
v 0.626128 5.972494 -2.127657
v 0.568199 6.010443 -2.035034
v 0.589250 6.039903 -1.939585
v 0.509830 6.063332 -1.888312
v 0.497510 6.087139 -1.813524
v 0.481087 6.087883 -1.815454
v 0.478961 6.069425 -1.876783
v 0.517761 6.035943 -1.972043
v 0.485377 6.029412 -2.000062
v 0.482756 6.054837 -1.922377
v 0.417460 6.068295 -1.895035
v 0.347552 6.070086 -1.903394
v 0.294904 6.050533 -1.973251
v 0.311112 6.078895 -1.881460
v 0.295696 6.113300 -1.769114
v 0.238971 6.119580 -1.755926
v 0.165507 6.118214 -1.769096
v 0.097719 6.122260 -1.760121
v 0.118783 6.138090 -1.702759
v 0.080886 6.157252 -1.634427
v 0.048011 6.158036 -1.632766
v -0.007170 6.171948 -1.580079
v -0.079231 6.175608 -1.563722
v -0.086668 6.183022 -1.533745
v -0.155820 6.185502 -1.518200
v -0.180301 6.179474 -1.539882
v -0.231566 6.193587 -1.474955
v -0.279067 6.193154 -1.468537
v -0.277191 6.204239 -1.421346
v -0.291271 6.214826 -1.371401
v -0.336471 6.224708 -1.315081
v -0.385416 6.216932 -1.338229
v -0.360293 6.210883 -1.372866
v -0.419118 6.207065 -1.373433
v -0.335832 6.238784 -1.246770
v -0.218621 6.229946 -1.315149
v -0.232479 6.258859 -1.167166
v -0.246617 6.261182 -1.151702
v -0.263281 6.259840 -1.155307
v -0.330548 6.247786 -1.202307
v -0.335832 6.238784 -1.246770
v 0.656544 6.284491 -0.814716
v 0.684786 6.282067 -0.810153
v 0.702884 6.280657 -0.805573
v 0.716700 6.277569 -0.817381
v 0.745435 6.274407 -0.815959
v 0.742852 6.278926 -0.782881
v 0.711722 6.284713 -0.765166
v 0.738535 6.285266 -0.734600
v 0.699403 6.288545 -0.744766
v 0.678527 6.288761 -0.762057
v 0.695385 6.283893 -0.786621
v 0.670266 6.288225 -0.773699
v 0.645821 6.291145 -0.770746
v 0.640623 6.287253 -0.806036
v 0.656544 6.284491 -0.814716
v -0.212078 6.251407 -1.210195
v -0.167688 6.248717 -1.230874
v -0.104948 6.254894 -1.206203
v -0.067558 6.262822 -1.167104
v -0.048433 6.276967 -1.089487
v -0.022032 6.280692 -1.068674
v -0.065486 6.292990 -0.991783
v -0.100308 6.296858 -0.963929
v -0.140515 6.288100 -1.014740
v -0.199914 6.269919 -1.112562
v -0.212078 6.251407 -1.210195
v 5.492922 -0.126160 -3.225141
v 5.469109 -0.188883 -3.262331
v 5.470444 -0.254263 -3.255646
v 5.486276 -0.268329 -3.227756
v 5.516235 -0.261067 -3.176892
v 5.530605 -0.324311 -3.145930
v 5.564019 -0.315582 -3.087351
v 5.561404 -0.254814 -3.097660
v 5.554256 -0.246248 -3.111148
v 5.554174 -0.180118 -3.115823
v 5.539161 -0.149134 -3.144056
v 5.525590 -0.160473 -3.167292
v 5.492922 -0.126160 -3.225141
v 5.603824 2.904325 0.867005
v 5.576396 2.957218 0.865049
v 5.578675 2.957218 0.850229
v 5.582094 2.950622 0.850703
v 5.591638 2.931513 0.854083
v 5.666241 2.780969 0.865771
v 5.604894 2.786200 1.188231
v 5.721669 2.527636 1.209628
v 5.704976 2.518471 1.303913
v 5.721117 2.465911 1.333320
v 5.784252 2.317078 1.327863
v 5.679817 2.317725 1.719728
v 5.686030 2.283136 1.745278
v 5.671082 2.326940 1.736035
v 5.671673 2.326776 1.734325
v 5.732300 2.335041 1.509291
v 5.721129 2.372275 1.493531
v 5.713456 2.418561 1.447973
v 5.663463 2.559894 1.400633
v 5.647698 2.669312 1.252164
v 5.598973 2.795947 1.193240
v 5.601895 2.803261 1.161955
v 5.570513 2.880818 1.122459
v 5.581076 2.891463 1.039557
v 5.593965 2.878588 1.005447
v 5.601758 2.878588 0.961083
v 5.595754 2.901136 0.927679
v 5.603824 2.904325 0.867005
v 4.487099 1.793238 -4.152094
v 4.486542 1.838721 -4.132757
v 4.501028 1.870759 -4.102517
v 4.496797 1.913116 -4.087596
v 4.524449 1.951083 -4.038846
v 4.539857 2.039634 -3.977340
v 4.537008 2.125267 -3.935536
v 4.564374 2.197248 -3.863707
v 4.589452 2.214379 -3.824016
v 4.604138 2.313435 -3.746942
v 4.589557 2.385265 -3.719694
v 4.567382 2.446257 -3.707356
v 4.566353 2.559633 -3.631300
v 4.582078 2.599310 -3.582986
v 4.608182 2.620288 -3.533892
v 4.607271 2.678231 -3.491386
v 4.595486 2.701018 -3.489363
v 4.592630 2.753115 -3.452210
v 4.601522 2.775483 -3.422329
v 4.595287 2.849704 -3.369298
v 4.597785 2.929615 -3.296570
v 4.597892 2.997221 -3.235073
v 4.626035 2.996750 -3.195142
v 4.593561 3.050471 -3.191155
v 4.575700 3.084586 -3.184012
v 4.551090 3.123338 -3.181506
v 4.495430 3.107911 -3.274392
v 4.457114 3.137739 -3.298237
v 4.427412 3.172518 -3.304965
v 4.376909 3.185864 -3.358955
v 4.352431 3.218057 -3.360074
v 4.325427 3.234341 -3.379254
v 4.337810 3.329636 -3.269032
v 4.198095 3.377079 -3.400143
v 4.179860 3.391285 -3.408460
v 4.119455 3.365736 -3.505931
v 4.057210 3.299400 -3.639046
v 3.953196 3.106105 -3.913310
v 3.827125 3.098348 -4.042647
v 3.767313 3.088967 -4.105517
v 3.766589 3.042525 -4.140712
v 3.714276 3.045059 -4.185858
v 3.715354 2.960487 -4.245150
v 3.686434 2.937975 -4.285808
v 3.685234 2.903266 -4.310422
v 3.647253 2.861584 -4.370185
v 3.655729 2.820516 -4.389758
v 3.673809 2.787262 -4.395900
v 3.674479 2.753626 -4.416491
v 3.660788 2.725492 -4.445218
v 3.660274 2.692490 -4.465706
v 3.655852 2.667760 -4.484132
v 3.637920 2.647709 -4.510523
v 3.614004 2.654893 -4.525501
v 3.609900 2.616233 -4.551218
v 3.613394 2.592763 -4.561864
v 3.610479 2.489466 -4.621324
v 3.375594 2.437763 -4.822066
v 3.353457 2.459462 -4.826491
v 3.331637 2.386619 -4.877898
v 3.433879 2.179010 -4.904084
v 3.708682 2.074195 -4.746898
v 3.951762 2.033846 -4.564722
v 4.036118 1.986365 -4.511513
v 4.116150 1.875104 -4.486751
v 4.156262 1.857383 -4.457046
v 4.168196 1.892806 -4.430922
v 4.198886 1.887494 -4.404130
v 4.270269 1.898114 -4.330313
v 4.281764 1.908725 -4.314268
v 4.368336 1.906288 -4.227688
v 4.390455 1.896696 -4.209048
v 4.414214 1.924277 -4.171512
v 4.445347 1.872102 -4.162182
v 4.447806 1.827247 -4.179453
v 4.487099 1.793238 -4.152094
v 5.212148 1.047601 -3.510795
v 5.220315 1.049770 -3.497991
v 5.211493 1.104332 -3.494343
v 5.213213 1.141913 -3.479668
v 5.237571 1.185079 -3.428276
v 5.231840 1.263759 -3.408872
v 5.210622 1.344105 -3.410637
v 5.236684 1.351567 -3.367498
v 5.245108 1.327306 -3.364036
v 5.281106 1.321704 -3.309479
v 5.272799 1.289942 -3.335159
v 5.278928 1.224443 -3.350119
v 5.320534 1.164441 -3.305395
v 5.361144 1.085527 -3.266405
v 5.391955 1.074239 -3.219079
v 5.428874 1.138156 -3.133937
v 5.452937 1.115610 -3.100086
v 5.463375 1.083646 -3.093038
v 5.494051 1.062948 -3.045519
v 5.499183 1.040355 -3.044057
v 5.551251 1.040355 -2.948036
v 5.554958 1.062948 -2.932955
v 5.590858 1.066712 -2.862529
v 5.611588 1.047887 -2.828720
v 5.623673 1.057301 -2.801082
v 5.638647 1.121248 -2.745561
v 5.641943 1.151301 -2.726284
v 5.678287 1.136278 -2.656232
v 5.699115 1.085527 -2.632748
v 5.725582 0.987586 -2.613815
v 5.744080 0.966837 -2.580777
v 5.759501 0.954859 -2.550694
v 5.762396 0.959980 -2.542218
v 5.773179 0.991623 -2.505340
v 5.770962 1.025745 -2.496694
v 5.756878 1.071387 -2.510005
v 5.749867 1.116085 -2.506596
v 5.763252 1.184462 -2.443690
v 5.759764 1.231183 -2.428775
v 5.754406 1.257597 -2.427942
v 5.763809 1.289710 -2.388472
v 5.751894 1.352897 -2.382232
v 5.752010 1.394787 -2.357665
v 5.767658 1.388508 -2.322889
v 5.755194 1.428337 -2.329643
v 5.734838 1.473472 -2.351629
v 5.729464 1.518237 -2.336202
v 5.708377 1.551336 -2.365890
v 5.711048 1.576520 -2.342680
v 5.684156 1.642952 -2.362356
v 5.645245 1.721931 -2.399124
v 5.610417 1.714449 -2.484659
v 5.490522 2.135116 -2.425921
v 5.475553 2.179010 -2.420717
v 5.425762 2.179328 -2.530074
v 5.353640 2.386619 -2.496443
v 5.165456 2.386619 -2.865617
v 4.959709 2.386619 -3.208579
v 4.725898 2.386619 -3.543950
v 4.737742 2.285119 -3.594672
v 4.757224 2.266278 -3.580845
v 4.779831 2.158932 -3.616886
v 4.791223 2.033575 -3.674016
v 4.773544 2.007609 -3.711122
v 4.747923 1.968568 -3.764519
v 4.796225 1.908111 -3.734297
v 4.848175 1.890662 -3.675628
v 4.876331 1.858079 -3.654939
v 4.899558 1.787259 -3.659191
v 4.962228 1.629863 -3.648216
v 4.964495 1.586784 -3.664089
v 4.993278 1.494127 -3.663933
v 5.039227 1.387434 -3.642919
v 5.086901 1.333616 -3.596463
v 5.127818 1.250440 -3.568126
v 5.141269 1.205837 -3.564120
v 5.175370 1.175243 -3.524769
v 5.210436 1.060683 -3.509408
v 5.212148 1.047601 -3.510795
v 5.212148 1.047601 -3.510795
v 5.222778 0.961986 -3.519491
v 5.236128 0.928402 -3.508658
v 5.268734 0.925698 -3.460227
v 5.296672 0.862988 -3.433680
v 5.260460 0.855096 -3.490846
v 5.235212 0.801361 -3.541188
v 5.228854 0.757230 -3.560243
v 5.202786 0.731626 -3.603523
v 5.175750 0.611297 -3.664365
v 5.224176 0.538333 -3.606636
v 5.266965 0.472132 -3.553282
v 5.307794 0.421122 -3.498516
v 5.350340 0.421379 -3.433067
v 5.399459 0.395407 -3.358442
v 5.435038 0.420223 -3.297486
v 5.460248 0.389958 -3.259335
v 5.505393 0.463684 -3.172584
v 5.515341 0.511037 -3.147936
v 5.547288 0.487587 -3.095077
v 5.571590 0.494883 -3.049937
v 5.587030 0.476265 -3.024551
v 5.609658 0.489710 -2.980194
v 5.634001 0.581179 -2.917174
v 5.639221 0.616273 -2.899834
v 5.672626 0.660058 -2.824054
v 5.678504 0.726366 -2.795822
v 5.693589 0.774147 -2.751978
v 5.718891 0.831592 -2.681862
v 5.714958 0.867409 -2.678898
v 5.734592 0.911901 -2.621552
v 5.759501 0.954859 -2.550694
v 5.744080 0.966837 -2.580777
v 5.725582 0.987586 -2.613815
v 5.699115 1.085527 -2.632748
v 5.678287 1.136278 -2.656232
v 5.641943 1.151301 -2.726284
v 5.638647 1.121248 -2.745561
v 5.623673 1.057301 -2.801082
v 5.611588 1.047887 -2.828720
v 5.590858 1.066712 -2.862529
v 5.554958 1.062948 -2.932955
v 5.551251 1.040355 -2.948036
v 5.499183 1.040355 -3.044057
v 5.494051 1.062948 -3.045519
v 5.463375 1.083646 -3.093038
v 5.452937 1.115610 -3.100086
v 5.428874 1.138156 -3.133937
v 5.391955 1.074239 -3.219079
v 5.361144 1.085527 -3.266405
v 5.320534 1.164441 -3.305395
v 5.278928 1.224443 -3.350119
v 5.272799 1.289942 -3.335159
v 5.281106 1.321704 -3.309479
v 5.245108 1.327306 -3.364036
v 5.236684 1.351567 -3.367498
v 5.210622 1.344105 -3.410637
v 5.231840 1.263759 -3.408872
v 5.237571 1.185079 -3.428276
v 5.213213 1.141913 -3.479668
v 5.211493 1.104332 -3.494343
v 5.220315 1.049770 -3.497991
v 5.212148 1.047601 -3.510795
v 5.930885 1.497546 1.780900
v 5.897921 1.581551 1.817380
v 5.872392 1.619869 1.865658
v 5.881379 1.640286 1.818923
v 5.876856 1.715594 1.763220
v 5.869136 1.770514 1.734406
v 5.869786 1.804734 1.696523
v 5.886894 1.795526 1.646272
v 5.894064 1.818765 1.594285
v 5.908984 1.819936 1.536681
v 5.930572 1.788587 1.489604
v 5.955410 1.760295 1.422705
v 5.991648 1.681531 1.364641
v 6.026241 1.607745 1.299699
v 6.043991 1.540715 1.298466
v 6.063187 1.478854 1.280778
v 6.078455 1.448459 1.242576
v 6.089744 1.406553 1.235420
v 6.096153 1.372747 1.241821
v 6.094326 1.366622 1.257449
v 6.080234 1.375207 1.314989
v 6.081104 1.363130 1.323516
v 6.076485 1.360703 1.347019
v 6.053418 1.387172 1.421803
v 6.040984 1.388291 1.472686
v 5.989369 1.392847 1.666457
v 5.984128 1.380627 1.695207
v 5.973484 1.384121 1.729548
v 5.960984 1.366434 1.785824
v 5.937816 1.449561 1.797429
v 5.966134 1.447275 1.703022
v 5.969800 1.462439 1.677023
v 5.974813 1.463328 1.658289
v 5.979673 1.488309 1.618049
v 5.996888 1.465453 1.574619
v 6.009093 1.463546 1.529208
v 6.014858 1.487826 1.482397
v 6.002236 1.519056 1.501755
v 5.997793 1.500866 1.537374
v 5.989260 1.501371 1.569804
v 5.972022 1.527955 1.609333
v 5.963440 1.526215 1.642467
v 5.962943 1.500639 1.667643
v 5.930885 1.497546 1.780900
v -5.962061 -1.159133 -1.923507
v -5.964643 -1.196686 -1.892251
v -5.941254 -1.195992 -1.964878
v -5.939908 -1.128727 -2.008261
v -5.955946 -1.155195 -1.944703
v -5.962061 -1.159133 -1.923507
v -5.929397 -1.092396 -2.058776
v -5.914859 -1.094836 -2.098909
v -5.893866 -1.083750 -2.162747
v -5.888631 -1.066867 -2.185283
v -5.897820 -1.023317 -2.181325
v -5.919887 -1.040583 -2.112291
v -5.928157 -1.063598 -2.077345
v -5.929397 -1.092396 -2.058776
v -5.963394 -1.062482 -1.974515
v -5.954911 -1.082686 -1.989088
v -5.943471 -0.987587 -2.071102
v -5.945294 -0.921895 -2.096002
v -5.957629 -0.921895 -2.060682
v -5.957685 -1.009822 -2.018883
v -5.963394 -1.062482 -1.974515
v -5.918794 -0.923799 -2.168897
v -5.917317 -0.945904 -2.163393
v -5.893553 -0.899243 -2.246561
v -5.876950 -0.859667 -2.304795
v -5.866280 -0.822968 -2.345021
v -5.873702 -0.811736 -2.330311
v -5.889001 -0.838197 -2.281828
v -5.914553 -0.888877 -2.194903
v -5.918794 -0.923799 -2.168897
v -5.839321 -0.814803 -2.414139
v -5.830151 -0.821082 -2.434093
v -5.814357 -0.795947 -2.479790
v -5.801520 -0.750591 -2.523613
v -5.805762 -0.732191 -2.519259
v -5.826572 -0.778818 -2.456448
v -5.839321 -0.814803 -2.414139
v 6.200709 0.752797 1.254650
v 6.193781 0.760987 1.283594
v 6.171787 0.805441 1.360129
v 6.151557 0.864495 1.414438
v 6.141716 0.904721 1.431937
v 6.126769 0.985995 1.442273
v 6.132398 1.034265 1.383341
v 6.130208 1.064697 1.369895
v 6.130307 1.088331 1.350744
v 6.136311 1.090822 1.321151
v 6.138091 1.111457 1.295432
v 6.155597 1.111336 1.209631
v 6.168093 1.072158 1.180995
v 6.180081 1.026056 1.159071
v 6.184462 0.994137 1.163511
v 6.192096 0.965391 1.147002
v 6.197819 0.925073 1.149311
v 6.202358 0.931378 1.119344
v 6.200309 0.880006 1.171067
v 6.198798 0.820194 1.221404
v 6.201668 0.788110 1.227941
v 6.200709 0.752797 1.254650
v 0.238671 1.474787 6.193358
v 0.226891 1.449304 6.199813
v 0.164198 1.450921 6.201412
v 0.125190 1.461289 6.199887
v 0.080375 1.482797 6.195522
v 0.020283 1.489510 6.194400
v -0.010321 1.512713 6.188799
v -0.006982 1.528547 6.184912
v 0.029983 1.555762 6.178054
v 0.050199 1.567684 6.174908
v 0.044451 1.580373 6.171717
v 0.069639 1.587002 6.169782
v 0.101422 1.577943 6.171665
v 0.124738 1.556439 6.176696
v 0.157386 1.539143 6.180284
v 0.161496 1.524608 6.183780
v 0.208726 1.537468 6.179180
v 0.230994 1.529771 6.180298
v 0.245779 1.518082 6.182609
v 0.238671 1.474787 6.193358
v 4.128128 1.046226 -4.738524
v 4.172524 0.978807 -4.713981
v 4.238716 0.887002 -4.672918
v 4.306919 0.886328 -4.610262
v 4.548595 1.016801 -4.343505
v 4.572737 1.055957 -4.308674
v 4.593721 1.108715 -4.272952
v 4.613109 1.168957 -4.235847
v 4.591559 1.207662 -4.248386
v 4.555715 1.266037 -4.269924
v 4.534327 1.245942 -4.298505
v 4.525983 1.200814 -4.320088
v 4.498006 1.155068 -4.361582
v 4.460094 1.154703 -4.400440
v 4.383439 1.182667 -4.469497
v 4.296057 1.195614 -4.550170
v 4.221207 1.229528 -4.610782
v 4.180192 1.236710 -4.646094
v 4.148510 1.256602 -4.669096
v 4.101396 1.260433 -4.709512
v 4.102142 1.258650 -4.709339
v 4.108269 1.213715 -4.715789
v 4.121690 1.103411 -4.731152
v 4.128128 1.046226 -4.738524
v 4.034460 1.278769 -4.762092
v 3.988782 1.289733 -4.797484
v 3.944073 1.326987 -4.824213
v 3.912020 1.327285 -4.850160
v 3.914075 1.297200 -4.856638
v 3.929974 1.233814 -4.860313
v 3.936604 1.176424 -4.869170
v 3.959125 1.136930 -4.860284
v 3.995900 1.018465 -4.856455
v 4.048544 0.895670 -4.837014
v 4.112457 0.754866 -4.807027
v 4.195391 0.592823 -4.757825
v 4.272795 0.468752 -4.702461
v 4.374843 0.317362 -4.620571
v 4.457572 0.227430 -4.546204
v 4.576874 0.117063 -4.430368
v 4.649070 0.032491 -4.356000
v 4.730873 -0.102202 -4.265916
v 4.747103 -0.160823 -4.246033
v 4.763263 -0.187142 -4.226813
v 4.808226 -0.095434 -4.178696
v 4.803958 0.309503 -4.173228
v 4.734247 0.435423 -4.241103
v 4.712099 0.470385 -4.261984
v 4.664008 0.472432 -4.314335
v 4.591786 0.550567 -4.382010
v 4.490674 0.555449 -4.484971
v 4.238716 0.887002 -4.672918
v 4.172524 0.978807 -4.713981
v 4.128128 1.046226 -4.738524
v 4.121690 1.103411 -4.731152
v 4.108269 1.213715 -4.715789
v 4.102142 1.258650 -4.709339
v 4.101396 1.260432 -4.709512
v 4.074783 1.262581 -4.731984
v 4.034460 1.278769 -4.762092
v 4.178590 4.537596 -1.593502
v 4.178709 4.519200 -1.644649
v 4.206582 4.486774 -1.662279
v 4.210467 4.463781 -1.713554
v 4.184848 4.481527 -1.729915
v 4.186335 4.471675 -1.751674
v 4.205539 4.458288 -1.739756
v 4.212453 4.444422 -1.758407
v 4.236221 4.426313 -1.746948
v 4.259463 4.397012 -1.764341
v 4.274724 4.362154 -1.813282
v 4.308604 4.336752 -1.793922
v 4.336046 4.310766 -1.790430
v 4.340908 4.301017 -1.802059
v 4.355844 4.289429 -1.793618
v 4.371364 4.288062 -1.758791
v 4.385800 4.283256 -1.734393
v 4.381587 4.289428 -1.729781
v 4.369680 4.299200 -1.735632
v 4.349269 4.319141 -1.737387
v 4.353950 4.318689 -1.726754
v 4.346754 4.333821 -1.706858
v 4.348318 4.337654 -1.693084
v 4.340922 4.350594 -1.678801
v 4.341957 4.355649 -1.662941
v 4.336026 4.367086 -1.648356
v 4.345111 4.362604 -1.636257
v 4.372655 4.335625 -1.634589
v 4.384545 4.329761 -1.618203
v 4.376136 4.336752 -1.622238
v 4.372040 4.353628 -1.587713
v 4.373355 4.362366 -1.559862
v 4.367363 4.373578 -1.545183
v 4.362088 4.387430 -1.520621
v 4.352605 4.390997 -1.537407
v 4.314574 4.428745 -1.536330
v 4.299164 4.459388 -1.490199
v 4.260181 4.494193 -1.497575
v 4.269777 4.493974 -1.470659
v 4.231868 4.523535 -1.489485
v 4.218744 4.545795 -1.458626
v 4.195706 4.575870 -1.430772
v 4.156377 4.596158 -1.479696
v 4.143342 4.592749 -1.526111
v 4.158073 4.562363 -1.576363
v 4.178590 4.537596 -1.593502
v 3.437370 0.662982 5.323024
v 3.549197 0.640829 5.251874
v 3.557898 0.660767 5.243509
v 3.631056 0.668748 5.192095
v 3.729649 0.639023 5.125525
v 3.688082 0.543832 5.166424
v 3.698727 0.467999 5.166240
v 3.736686 0.402262 5.144415
v 3.722637 0.354504 5.158095
v 3.716246 0.303713 5.165938
v 3.694408 0.256996 5.184105
v 3.641826 0.280537 5.219966
v 3.598963 0.269179 5.250205
v 3.561656 0.279050 5.275072
v 3.553183 0.246879 5.282384
v 3.569092 0.224789 5.272636
v 3.561222 0.202081 5.278873
v 3.510807 0.211179 5.312182
v 3.451851 0.307771 5.345993
v 3.437782 0.370458 5.351080
v 3.407825 0.370587 5.370199
v 3.363434 0.451170 5.391975
v 3.378480 0.508376 5.377459
v 3.372263 0.534511 5.378827
v 3.427710 0.563418 5.340693
v 3.437370 0.662982 5.323024
v 3.915951 4.844274 -1.337153
v 3.919460 4.839910 -1.342663
v 3.898894 4.849711 -1.366956
v 3.914860 4.824060 -1.411368
v 3.883160 4.839593 -1.445356
v 3.879215 4.832160 -1.480394
v 3.849216 4.842387 -1.524619
v 3.853313 4.814504 -1.600677
v 3.881218 4.795495 -1.590288
v 3.917783 4.765865 -1.589701
v 3.931566 4.758309 -1.578267
v 3.936730 4.780711 -1.495525
v 3.949987 4.776225 -1.474762
v 3.974359 4.758870 -1.465356
v 3.995986 4.749627 -1.436239
v 3.993696 4.754362 -1.426913
v 4.017832 4.742854 -1.397142
v 4.029744 4.740655 -1.370034
v 4.047379 4.725708 -1.369688
v 4.076620 4.716560 -1.313345
v 4.076418 4.724702 -1.284388
v 4.067429 4.743753 -1.241960
v 4.042056 4.769387 -1.226528
v 4.030214 4.778736 -1.229106
v 4.009596 4.794878 -1.233665
v 4.001289 4.793637 -1.265058
v 3.985435 4.801206 -1.286222
v 3.977406 4.807999 -1.285703
v 3.969298 4.811462 -1.297748
v 3.949626 4.828008 -1.296318
v 3.940923 4.831161 -1.310970
v 3.922954 4.844186 -1.316789
v 3.915951 4.844274 -1.337153
v 4.258069 4.622072 -1.046392
v 4.248586 4.616138 -1.109245
v 4.220974 4.633490 -1.141838
v 4.201117 4.635390 -1.205577
v 4.183952 4.648245 -1.215732
v 4.181226 4.647404 -1.228263
v 4.203209 4.621647 -1.250220
v 4.240749 4.601266 -1.197512
v 4.273904 4.570084 -1.199049
v 4.288967 4.562146 -1.175256
v 4.310300 4.540401 -1.181403
v 4.316807 4.541912 -1.151457
v 4.311026 4.554623 -1.122545
v 4.327567 4.541481 -1.112094
v 4.338143 4.544144 -1.058733
v 4.327011 4.551206 -1.073843
v 4.298485 4.584210 -1.047707
v 4.258069 4.622072 -1.046392
v 2.425471 5.807636 -0.988986
v 2.507610 5.775308 -0.973318
v 2.562291 5.746228 -1.002584
v 2.664758 5.707052 -0.958262
v 2.776783 5.663898 -0.894082
v 2.920107 5.590495 -0.899433
v 2.973932 5.552499 -0.956620
v 3.008300 5.521996 -1.023390
v 3.127208 5.458363 -1.008206
v 3.166299 5.444902 -0.957722
v 3.324224 5.345659 -0.981381
v 3.417407 5.288275 -0.972171
v 3.428594 5.294257 -0.897344
v 3.508036 5.244693 -0.881205
v 3.529232 5.241785 -0.811084
v 3.448804 5.300816 -0.772486
v 3.356283 5.369768 -0.700427
v 3.234169 5.452757 -0.630262
v 3.175315 5.485620 -0.644194
v 3.101272 5.523993 -0.676207
v 2.986070 5.587955 -0.669170
v 2.944884 5.614803 -0.625528
v 2.817449 5.683066 -0.595300
v 2.719354 5.729441 -0.606848
v 2.710103 5.728609 -0.654237
v 2.667554 5.747756 -0.661137
v 2.638341 5.764039 -0.636123
v 2.482722 5.828933 -0.670281
v 2.361833 5.877596 -0.682097
v 2.283755 5.907669 -0.688153
v 2.272233 5.907528 -0.726438
v 2.214142 5.930433 -0.719156
v 2.204877 5.923900 -0.797221
v 2.138771 5.950433 -0.779518
v 2.126211 5.952064 -0.801122
v 2.154068 5.932440 -0.869361
v 2.194063 5.904419 -0.955804
v 2.338273 5.837971 -1.019909
v 2.368419 5.820511 -1.049706
v 2.425471 5.807636 -0.988986
v 4.821600 -2.865970 -3.021262
v 4.813295 -2.909988 -2.992291
v 4.838916 -2.920661 -2.940115
v 4.892821 -2.866966 -2.903523
v 4.908086 -2.832579 -2.911499
v 4.909968 -2.795126 -2.944339
v 4.917217 -2.765993 -2.959713
v 4.905156 -2.758853 -2.986271
v 4.871149 -2.777195 -3.024689
v 4.844734 -2.821987 -3.025654
v 4.821600 -2.865970 -3.021262
v 4.146617 3.505134 -3.333053
v 4.309535 3.405575 -3.227942
v 4.352259 3.442731 -3.129710
v 4.352970 3.443369 -3.128018
v 4.338129 3.457588 -3.132948
v 4.318827 3.495726 -3.117255
v 4.278241 3.546461 -3.115912
v 4.229576 3.581198 -3.142507
v 4.218714 3.617177 -3.115785
v 4.240439 3.621842 -3.080678
v 4.205902 3.691507 -3.045127
v 4.171339 3.728707 -3.047346
v 4.145547 3.748433 -3.058322
v 4.119681 3.768103 -3.069082
v 4.087188 3.817939 -3.050881
v 4.080013 3.800605 -3.081970
v 4.005487 3.825385 -3.148356
v 3.985862 3.808622 -3.193265
v 3.939441 3.808901 -3.250033
v 3.854379 3.842264 -3.312161
v 3.823914 3.840763 -3.349009
v 3.748958 3.854546 -3.417225
v 3.810428 3.799071 -3.411354
v 3.855115 3.776985 -3.385575
v 3.885357 3.711265 -3.423471
v 3.966067 3.601182 -3.448398
v 4.146617 3.505134 -3.333053
v 6.013483 1.417925 -1.554721
v 5.999277 1.468939 -1.562223
v 6.015813 1.471430 -1.494835
v 5.999344 1.540927 -1.490990
v 6.000208 1.580863 -1.444997
v 5.952300 1.722322 -1.481004
v 5.889709 1.823030 -1.605468
v 5.846799 1.961126 -1.599552
v 5.765395 2.174536 -1.619031
v 5.743333 2.219462 -1.636383
v 5.742166 2.255152 -1.591057
v 5.730460 2.288191 -1.586081
v 5.730609 2.315156 -1.545903
v 5.674367 2.475313 -1.504669
v 5.623996 2.531221 -1.597883
v 5.575710 2.334471 -2.012796
v 5.490522 2.135116 -2.425921
v 5.610417 1.714449 -2.484659
v 5.645245 1.721931 -2.399124
v 5.684156 1.642952 -2.362356
v 5.711048 1.576520 -2.342680
v 5.708377 1.551336 -2.365890
v 5.729464 1.518237 -2.336202
v 5.734838 1.473472 -2.351629
v 5.755194 1.428337 -2.329643
v 5.767658 1.388508 -2.322889
v 5.752010 1.394787 -2.357665
v 5.751894 1.352897 -2.382232
v 5.763809 1.289710 -2.388472
v 5.754406 1.257597 -2.427942
v 5.759764 1.231183 -2.428775
v 5.789612 1.212576 -2.366367
v 5.818151 1.168353 -2.318126
v 5.866647 1.048884 -2.252097
v 5.910622 0.998039 -2.158266
v 5.945130 1.004863 -2.057990
v 5.956705 0.994768 -2.029221
v 5.958859 0.956086 -2.041454
v 5.982617 0.917636 -1.988940
v 6.003001 0.874658 -1.946432
v 6.049776 0.832500 -1.815709
v 6.054432 0.857458 -1.788369
v 6.059295 0.859610 -1.770778
v 6.068607 0.831261 -1.752328
v 6.094307 0.822974 -1.664866
v 6.085914 0.852834 -1.680465
v 6.084721 0.928731 -1.644161
v 6.082104 0.974245 -1.627419
v 6.091479 0.992894 -1.580408
v 6.097304 1.056946 -1.515055
v 6.082869 1.108653 -1.535980
v 6.072331 1.097652 -1.584803
v 6.063130 1.105451 -1.614334
v 6.047288 1.104378 -1.673410
v 6.045220 1.203780 -1.611171
v 6.030301 1.276228 -1.611320
v 6.017489 1.348421 -1.600383
v 6.013483 1.417925 -1.554721
v 6.331071 0.681669 -0.206178
v 6.335837 0.658081 -0.117243
v 6.332094 0.696904 -0.092501
v 6.324352 0.766977 -0.062961
v 6.317537 0.821852 -0.054135
v 6.303582 0.921065 -0.078340
v 6.297873 0.961179 -0.050695
v 6.284139 1.047680 -0.040132
v 6.270354 1.127245 -0.040228
v 6.260081 1.183638 0.005439
v 6.253550 1.217683 -0.002598
v 6.253232 1.215354 -0.098186
v 6.264339 1.157831 -0.084447
v 6.269681 1.125537 -0.117953
v 6.275611 1.087187 -0.156119
v 6.284585 1.033377 -0.160511
v 6.287656 1.010764 -0.182712
v 6.323235 0.757889 -0.178717
v 6.331071 0.681669 -0.206178
v -1.356874 1.344893 -6.077812
v -1.259254 1.394754 -6.087576
v -1.168323 1.392730 -6.106142
v -1.180200 1.477842 -6.083811
v -1.086579 1.477207 -6.101381
v -1.082893 1.357977 -6.129672
v -1.030463 1.198870 -6.171750
v -0.998244 1.102267 -6.195011
v -1.007815 1.022912 -6.207061
v -1.078416 1.019466 -6.195752
v -1.125028 0.919160 -6.203152
v -1.146860 0.823818 -6.212542
v -1.208827 0.760630 -6.208850
v -1.274709 0.747795 -6.197222
v -1.332065 0.690456 -6.191810
v -1.297696 0.645025 -6.203996
v -1.226398 0.631813 -6.219839
v -1.216716 0.688602 -6.215712
v -1.127110 0.736995 -6.227046
v -1.108608 0.717294 -6.232665
v -1.064774 0.759675 -6.235286
v -1.045030 0.814321 -6.231728
v -0.985888 0.876540 -6.232924
v -0.932046 0.928748 -6.233647
v -0.915520 0.864039 -6.245390
v -0.893612 0.925195 -6.239801
v -0.903996 0.993780 -6.227747
v -0.933379 1.098971 -6.205700
v -0.982574 1.211337 -6.177123
v -1.038313 1.312939 -6.147173
v -0.992881 1.412000 -6.132706
v -0.992692 1.462324 -6.120932
v -0.978184 1.522666 -6.108542
v -0.903832 1.608304 -6.098040
v -0.876374 1.662219 -6.087581
v -0.912245 1.682047 -6.076855
v -0.946983 1.775084 -6.044993
v -0.900665 1.845449 -6.030984
v -0.830526 1.923001 -6.016804
v -0.775880 2.015794 -5.993682
v -0.819120 2.034943 -5.981445
v -0.861026 2.148493 -5.935676
v -0.933832 2.153179 -5.922957
v -0.991385 2.198496 -5.896898
v -1.048708 2.222613 -5.877912
v -1.095263 2.190421 -5.881505
v -1.105324 2.127558 -5.902660
v -1.175191 2.122761 -5.890879
v -1.157157 2.011942 -5.933188
v -1.165499 1.917122 -5.962877
v -1.270733 1.980282 -5.920588
v -1.302959 1.961637 -5.919790
v -1.363182 1.964696 -5.905197
v -1.381189 2.001463 -5.888642
v -1.459372 1.994211 -5.872222
v -1.544208 1.908251 -5.879085
v -1.558762 1.803263 -5.908312
v -1.649283 1.710109 -5.911433
v -1.651260 1.619266 -5.936410
v -1.620796 1.570744 -5.957804
v -1.522139 1.586206 -5.979689
v -1.387999 1.565626 -6.017634
v -1.325382 1.475844 -6.054328
v -1.356874 1.344893 -6.077812
v 1.582085 4.115978 -4.598410
v 1.618764 4.089725 -4.609056
v 1.701840 4.103985 -4.566256
v 1.723786 4.054743 -4.601876
v 1.634568 4.061388 -4.628494
v 1.541557 4.033502 -4.684453
v 1.383157 4.046552 -4.722493
v 1.380166 3.966547 -4.790750
v 1.350769 3.975302 -4.791872
v 1.304017 3.955489 -4.821129
v 1.313942 3.921504 -4.846133
v 1.311295 3.871357 -4.886997
v 1.399013 3.871496 -4.862501
v 1.455918 3.878001 -4.840564
v 1.517475 3.838386 -4.853216
v 1.557056 3.829570 -4.847640
v 1.590870 3.810872 -4.851394
v 1.617401 3.839991 -4.819557
v 1.591558 3.914118 -4.768256
v 1.615668 3.918283 -4.756713
v 1.599931 3.945025 -4.739899
v 1.639480 3.964847 -4.709749
v 1.682876 3.934494 -4.719886
v 1.700888 3.899132 -4.742720
v 1.717024 3.886197 -4.747519
v 1.765970 3.888027 -4.728026
v 1.803533 3.847572 -4.746904
v 1.826718 3.864673 -4.724092
v 1.894295 3.836216 -4.720671
v 1.916360 3.847027 -4.702934
v 1.844822 3.936123 -4.657596
v 1.843197 4.000887 -4.602735
v 1.895585 4.021499 -4.563326
v 1.863139 4.059355 -4.543125
v 1.797954 4.055324 -4.572893
v 1.745871 4.102534 -4.550911
v 1.704271 4.156864 -4.517254
v 1.592801 4.176412 -4.539847
v 1.620562 4.137337 -4.565727
v 1.615790 4.113784 -4.588643
v 1.582085 4.115978 -4.598410
v 2.493193 3.713231 -4.537130
v 2.473532 3.788865 -4.485062
v 2.530502 3.792063 -4.450444
v 2.588472 3.870739 -4.348199
v 2.644955 3.880387 -4.305398
v 2.708907 3.924940 -4.224490
v 2.757647 3.933007 -4.185269
v 2.796735 3.916692 -4.174618
v 2.844149 3.919234 -4.140055
v 2.917721 3.868922 -4.136180
v 2.988487 3.851805 -4.101485
v 2.973441 3.914149 -4.053113
v 2.920534 4.005259 -4.002252
v 2.960481 4.034458 -3.943138
v 2.913796 4.093094 -3.917399
v 2.956459 4.098064 -3.880060
v 2.904782 4.169380 -3.842936
v 2.851660 4.148702 -3.904606
v 2.778025 4.175640 -3.928900
v 2.801896 4.225815 -3.857655
v 2.796055 4.273201 -3.809392
v 2.860739 4.252122 -3.784874
v 2.900108 4.191101 -3.822786
v 2.891859 4.245095 -3.769079
v 2.847806 4.272611 -3.771531
v 2.763410 4.289745 -3.814616
v 2.730288 4.266663 -3.864033
v 2.715742 4.201516 -3.944825
v 2.678315 4.205593 -3.966014
v 2.599161 4.206734 -4.017137
v 2.590382 4.248635 -3.978525
v 2.517109 4.277106 -3.995018
v 2.435392 4.324766 -3.994359
v 2.360652 4.281433 -4.084886
v 2.382534 4.215315 -4.140567
v 2.362244 4.198211 -4.169469
v 2.281538 4.202061 -4.210334
v 2.263105 4.186869 -4.235343
v 2.261258 4.099788 -4.320659
v 2.196441 4.040710 -4.408849
v 2.160508 4.000096 -4.463304
v 2.092943 3.957567 -4.532868
v 1.998867 3.920161 -4.607224
v 2.017649 3.866303 -4.644398
v 2.041194 3.869043 -4.631811
v 2.071821 3.892621 -4.598336
v 2.094342 3.861214 -4.614586
v 2.167544 3.844086 -4.595041
v 2.206387 3.772798 -4.635460
v 2.260628 3.745496 -4.631465
v 2.328656 3.731919 -4.608664
v 2.358774 3.690967 -4.626293
v 2.423447 3.678868 -4.602442
v 2.493193 3.713231 -4.537130
v -3.607510 -0.984868 -5.158057
v -3.620386 -0.958944 -5.153918
v -3.699589 -0.934225 -5.101951
v -3.761763 -0.930502 -5.056970
v -3.790502 -0.916760 -5.037984
v -3.822505 -0.930400 -5.011233
v -3.787557 -0.960193 -5.032105
v -3.690999 -1.008285 -5.094068
v -3.613208 -1.039801 -5.143266
v -3.614658 -1.006526 -5.148863
v -3.607510 -0.984868 -5.158057
v 2.969234 1.189437 5.509858
v 3.023067 1.203635 5.477406
v 3.043479 1.199813 5.466930
v 3.046983 1.118356 5.482227
v 2.967778 1.106313 5.527930
v 2.949576 1.116167 5.535686
v 2.974979 1.146259 5.515907
v 2.969234 1.189437 5.509858
v 5.425119 3.215071 -0.906115
v 5.329589 3.385794 -0.849427
v 5.314696 3.423725 -0.788513
v 5.300460 3.446393 -0.785585
v 5.275326 3.501923 -0.705063
v 5.230307 3.571589 -0.690857
v 5.187905 3.622778 -0.742134
v 5.132686 3.697837 -0.755766
v 5.073156 3.783640 -0.732664
v 5.036795 3.829404 -0.745652
v 4.994987 3.865173 -0.836770
v 4.992347 3.854558 -0.899165
v 5.026115 3.809613 -0.902588
v 4.988078 3.842338 -0.972193
v 4.999481 3.825277 -0.980861
v 5.039822 3.781567 -0.943178
v 5.069777 3.740050 -0.948168
v 5.079831 3.717649 -0.981855
v 5.136653 3.639075 -0.980598
v 5.178812 3.593051 -0.927112
v 5.209097 3.542842 -0.950379
v 5.201339 3.541270 -0.997557
v 5.225560 3.497206 -1.026019
v 5.227967 3.482661 -1.062577
v 5.274304 3.410832 -1.066576
v 5.299900 3.383827 -1.024897
v 5.323845 3.353589 -0.999880
v 5.357540 3.317081 -0.939881
v 5.379260 3.277669 -0.953986
v 5.404353 3.237294 -0.950018
v 5.425119 3.215071 -0.906115
v 3.824800 4.207824 -2.873111
v 3.773864 4.175436 -2.985519
v 3.703705 4.188369 -3.054468
v 3.662355 4.180899 -3.113981
v 3.568762 4.224521 -3.163384
v 3.506743 4.228475 -3.226825
v 3.478127 4.187479 -3.310179
v 3.486810 4.157907 -3.338204
v 3.517835 4.116758 -3.356602
v 3.486706 4.095626 -3.414436
v 3.477912 4.070702 -3.452992
v 3.533419 4.046285 -3.425225
v 3.571842 3.946979 -3.500421
v 3.599010 3.919889 -3.503033
v 3.603967 3.849283 -3.575484
v 3.641855 3.834298 -3.553125
v 3.651255 3.856879 -3.518872
v 3.715548 3.868290 -3.438122
v 3.748958 3.854546 -3.417225
v 3.823914 3.840763 -3.349009
v 3.854379 3.842264 -3.312161
v 3.939441 3.808901 -3.250033
v 3.985862 3.808622 -3.193265
v 4.005487 3.825385 -3.148356
v 4.080013 3.800605 -3.081970
v 4.087188 3.817939 -3.050881
v 4.119681 3.768103 -3.069082
v 4.145547 3.748433 -3.058322
v 4.171339 3.728707 -3.047346
v 4.166737 3.769475 -3.003165
v 4.126755 3.803065 -3.015997
v 4.163219 3.795463 -2.975183
v 4.193641 3.815982 -2.905391
v 4.259765 3.764539 -2.876158
v 4.340669 3.754450 -2.766287
v 4.349207 3.802500 -2.686082
v 4.397051 3.805496 -2.602649
v 4.431141 3.768398 -2.598809
v 4.468933 3.757754 -2.549032
v 4.480502 3.805404 -2.456348
v 4.527548 3.803798 -2.371091
v 4.492335 3.891934 -2.293778
v 4.487227 3.940591 -2.219501
v 4.420074 4.008170 -2.233195
v 4.414355 4.049331 -2.169337
v 4.310852 4.130866 -2.223093
v 4.247023 4.134251 -2.336750
v 4.181558 4.198183 -2.340827
v 4.109682 4.187100 -2.483615
v 4.016372 4.241192 -2.543755
v 3.946313 4.264598 -2.613324
v 3.867925 4.266354 -2.725257
v 3.824800 4.207824 -2.873111
v 4.296849 4.153724 -2.207558
v 4.363333 4.108132 -2.161993
v 4.344992 4.147581 -2.123265
v 4.331040 4.164973 -2.117720
v 4.314902 4.174401 -2.132052
v 4.262293 4.226723 -2.134788
v 4.262704 4.248708 -2.089850
v 4.204053 4.274710 -2.154632
v 4.180026 4.263639 -2.222252
v 4.200549 4.231777 -2.244347
v 4.186668 4.204865 -2.319604
v 4.209730 4.184363 -2.314935
v 4.260364 4.179737 -2.229066
v 4.296849 4.153724 -2.207558
v -3.055609 2.631308 -4.932455
v -3.040538 2.467925 -5.025347
v -3.020621 2.383584 -5.077796
v -2.955788 2.470385 -5.074461
v -2.929415 2.546166 -5.052248
v -2.958434 2.645901 -4.983625
v -3.009233 2.722240 -4.911575
v -3.055692 2.692259 -4.899401
v -3.055609 2.631308 -4.932455
v 5.287051 -0.105630 -3.553248
v 5.276376 -0.117840 -3.568699
v 5.033612 -0.344202 -3.890234
v 5.025964 -0.408596 -3.893889
v 4.920578 -0.519456 -4.013443
v 4.942899 -0.655881 -3.965754
v 4.933500 -0.718529 -3.966603
v 4.885242 -0.758768 -4.018498
v 4.880429 -0.787465 -4.018825
v 4.892979 -0.854056 -3.989861
v 4.885406 -0.887532 -3.991833
v 4.884062 -0.940100 -3.981431
v 4.851481 -1.008983 -4.004338
v 4.808406 -1.117086 -4.027529
v 4.779224 -1.141020 -4.055457
v 4.825921 -1.204386 -3.981154
v 4.894507 -1.246759 -3.883173
v 4.935179 -1.244970 -3.831932
v 4.953675 -1.277664 -3.797146
v 4.998982 -1.280472 -3.736336
v 5.013672 -1.294238 -3.711830
v 5.095546 -1.263542 -3.609503
v 5.141031 -1.272354 -3.541264
v 5.181775 -1.123829 -3.532118
v 5.210009 -1.072752 -3.506373
v 5.226529 -1.042431 -3.490899
v 5.288317 -1.021962 -3.402783
v 5.326221 -0.988995 -3.353044
v 5.365536 -0.970502 -3.295268
v 5.390735 -0.952094 -3.259315
v 5.417938 -0.924094 -3.222054
v 5.464309 -0.785258 -3.180304
v 5.502632 -0.723427 -3.128471
v 5.519616 -0.659315 -3.112682
v 5.519155 -0.601776 -3.125130
v 5.536655 -0.499861 -3.112110
v 5.514409 -0.494585 -3.152193
v 5.496933 -0.454414 -3.188553
v 5.478483 -0.396551 -3.227787
v 5.465743 -0.373324 -3.252065
v 5.467999 -0.337242 -3.252214
v 5.481290 -0.312068 -3.232292
v 5.486278 -0.268326 -3.227754
v 5.470444 -0.254263 -3.255646
v 5.469109 -0.188883 -3.262331
v 5.492922 -0.126160 -3.225141
v 5.473291 -0.112807 -3.258835
v 5.409916 -0.114231 -3.362946
v 5.287051 -0.105630 -3.553248
v 5.409916 -0.114231 -3.362946
v 5.473291 -0.112807 -3.258835
v 5.492922 -0.126160 -3.225141
v 5.525590 -0.160473 -3.167292
v 5.539161 -0.149134 -3.144056
v 5.539929 -0.065315 -3.145562
v 5.527420 -0.022828 -3.168082
v 5.524041 0.066424 -3.173358
v 5.511704 0.118117 -3.193244
v 5.489118 0.176089 -3.229275
v 5.466583 0.205608 -3.265552
v 5.446980 0.245065 -3.295450
v 5.469388 0.260112 -3.256959
v 5.460248 0.389958 -3.259335
v 5.435038 0.420223 -3.297486
v 5.399459 0.395407 -3.358442
v 5.350340 0.421379 -3.433067
v 5.307794 0.421122 -3.498516
v 5.266965 0.472132 -3.553282
v 5.241713 0.395111 -3.599719
v 5.237003 0.339400 -3.612236
v 5.213636 0.211881 -3.655510
v 5.238540 0.130861 -3.623564
v 5.270367 0.057265 -3.579049
v 5.288397 0.012211 -3.552794
v 5.287051 -0.105630 -3.553248
v 5.409916 -0.114231 -3.362946
v 3.326528 5.027369 -2.061410
v 3.316024 5.024608 -2.084932
v 3.289935 5.040116 -2.088827
v 3.282533 5.036698 -2.108624
v 3.236769 5.043269 -2.162961
v 3.253413 5.004554 -2.226969
v 3.277706 4.990590 -2.222677
v 3.296797 4.969061 -2.242589
v 3.268707 4.965690 -2.290660
v 3.284969 4.935340 -2.332602
v 3.299660 4.921476 -2.341145
v 3.271135 4.896555 -2.431678
v 3.227514 4.907802 -2.467037
v 3.232250 4.874436 -2.526277
v 3.205599 4.875209 -2.558537
v 3.159859 4.851837 -2.657934
v 3.178298 4.830613 -2.674555
v 3.231020 4.792450 -2.680032
v 3.255896 4.751829 -2.721930
v 3.284571 4.727049 -2.730612
v 3.334933 4.721578 -2.678537
v 3.376924 4.700678 -2.662640
v 3.406919 4.667197 -2.683248
v 3.449147 4.661139 -2.639471
v 3.500592 4.636541 -2.614954
v 3.546308 4.632517 -2.559907
v 3.609013 4.603964 -2.523525
v 3.647154 4.555888 -2.555737
v 3.640780 4.537098 -2.597903
v 3.590138 4.541779 -2.659472
v 3.621894 4.513870 -2.663926
v 3.683257 4.500257 -2.602105
v 3.781399 4.454494 -2.539320
v 3.792630 4.470635 -2.493796
v 3.752320 4.507710 -2.488028
v 3.779606 4.530651 -2.403627
v 3.759390 4.545614 -2.407079
v 3.696617 4.571433 -2.454926
v 3.693675 4.589135 -2.426159
v 3.740877 4.608585 -2.314396
v 3.718049 4.637116 -2.294101
v 3.763217 4.627716 -2.238768
v 3.815837 4.585417 -2.236734
v 3.896824 4.527980 -2.214000
v 3.902366 4.541384 -2.176467
v 3.931259 4.528819 -2.150499
v 3.935037 4.543205 -2.112916
v 3.918138 4.551665 -2.126071
v 3.887651 4.578276 -2.124900
v 3.855098 4.602860 -2.131089
v 3.845110 4.616603 -2.119374
v 3.831726 4.622713 -2.130269
v 3.837796 4.612108 -2.142293
v 3.817604 4.609862 -2.182822
v 3.802325 4.615534 -2.197456
v 3.802365 4.623298 -2.181004
v 3.789236 4.634685 -2.179686
v 3.784524 4.654035 -2.146387
v 3.760245 4.685657 -2.120098
v 3.761938 4.697962 -2.089645
v 3.734977 4.723331 -2.080800
v 3.731767 4.743356 -2.040619
v 3.743592 4.746133 -2.012308
v 3.746223 4.769173 -1.952034
v 3.775956 4.761874 -1.912158
v 3.794829 4.750963 -1.901911
v 3.808718 4.750975 -1.873911
v 3.834303 4.733619 -1.865638
v 3.865199 4.726461 -1.819463
v 3.887449 4.714997 -1.801717
v 3.883573 4.733227 -1.761835
v 3.902762 4.733504 -1.718147
v 3.912668 4.741737 -1.672304
v 3.941478 4.725800 -1.649607
v 3.923034 4.745738 -1.636282
v 3.917783 4.765865 -1.589701
v 3.881218 4.795495 -1.590288
v 3.853313 4.814504 -1.600677
v 3.851706 4.810253 -1.617243
v 3.823979 4.842869 -1.585387
v 3.733469 4.902449 -1.617667
v 3.710208 4.910703 -1.645901
v 3.685118 4.930517 -1.643032
v 3.630087 4.991423 -1.580447
v 3.613672 4.994116 -1.609294
v 3.576587 5.012771 -1.633950
v 3.552413 5.014294 -1.681326
v 3.528362 5.008914 -1.746735
v 3.512256 4.992379 -1.824787
v 3.488383 4.990992 -1.873718
v 3.487052 4.980989 -1.902593
v 3.461245 4.993052 -1.918034
v 3.470183 4.976862 -1.943789
v 3.435539 4.980186 -1.996110
v 3.428828 4.973478 -2.024179
v 3.388824 5.008262 -2.005698
v 3.361503 5.023315 -2.014014
v 3.326528 5.027369 -2.061410
v 2.947892 -3.206306 4.649642
v 3.003624 -3.196057 4.620942
v 3.059614 -3.270156 4.531499
v 3.089891 -3.267370 4.512927
v 3.149068 -3.328318 4.426660
v 3.190263 -3.380569 4.357019
v 3.209810 -3.444459 4.292139
v 3.159672 -3.488712 4.293600
v 3.159655 -3.541237 4.250396
v 3.104337 -3.599113 4.242537
v 2.999908 -3.649941 4.274122
v 2.951757 -3.631692 4.322914
v 2.907010 -3.641478 4.344948
v 2.851262 -3.602199 4.414081
v 2.797742 -3.605141 4.445811
v 2.768406 -3.554267 4.504748
v 2.795354 -3.494403 4.534842
v 2.819653 -3.473678 4.535721
v 2.850324 -3.380311 4.586806
v 2.903494 -3.282885 4.624071
v 2.947892 -3.206306 4.649642
v -5.480592 2.082969 2.492787
v -5.492448 2.065381 2.481301
v -5.498427 2.080438 2.455346
v -5.487871 2.109787 2.453917
v -5.482568 2.147942 2.432578
v -5.476630 2.159587 2.435641
v -5.463595 2.176637 2.449699
v -5.459687 2.197176 2.440056
v -5.453944 2.206907 2.444115
v -5.451346 2.204976 2.451642
v -5.440728 2.187341 2.490714
v -5.435981 2.178281 2.508953
v -5.433456 2.164281 2.526478
v -5.434039 2.127596 2.556206
v -5.436973 2.121786 2.554798
v -5.461410 2.099380 2.520962
v -5.480592 2.082969 2.492787
v -5.449828 2.246159 2.417392
v -5.466444 2.238711 2.386589
v -5.466007 2.260619 2.366856
v -5.467793 2.269069 2.354615
v -5.465882 2.275557 2.352788
v -5.458720 2.284459 2.360776
v -5.447430 2.274590 2.396120
v -5.441983 2.258648 2.423421
v -5.449828 2.246159 2.417392
v -5.458661 2.301509 2.344296
v -5.463913 2.290295 2.343041
v -5.484516 2.293308 2.291388
v -5.477006 2.305940 2.296669
v -5.458661 2.301509 2.344296
v -5.489179 2.316570 2.256558
v -5.493469 2.310587 2.252249
v -5.495798 2.311921 2.245188
v -5.508018 2.315562 2.211232
v -5.504356 2.339033 2.195592
v -5.504328 2.343163 2.191256
v -5.488796 2.357409 2.214810
v -5.488005 2.350771 2.223806
v -5.489179 2.316570 2.256558
v -5.528094 2.384763 2.083919
v -5.536247 2.374550 2.073915
v -5.541222 2.393352 2.038717
v -5.536518 2.400860 2.042664
v -5.527203 2.410948 2.055966
v -5.519723 2.408762 2.078501
v -5.528094 2.384763 2.083919
v -0.348281 4.836525 4.132356
v -0.339205 4.796564 4.179420
v -0.317593 4.784156 4.195310
v -0.266767 4.779638 4.203990
v -0.192428 4.767911 4.221331
v -0.121674 4.744978 4.249708
v -0.061429 4.754612 4.240228
v 0.029756 4.735320 4.262101
v 0.054076 4.736049 4.261051
v 0.119948 4.757048 4.236243
v 0.190647 4.730109 4.263727
v 0.265344 4.701199 4.291616
v 0.328026 4.676120 4.314619
v 0.388779 4.651870 4.335735
v 0.398045 4.631841 4.356289
v 0.416702 4.624320 4.362530
v 0.412797 4.616734 4.370927
v 0.433498 4.614371 4.371418
v 0.447490 4.622296 4.361625
v 0.453279 4.604135 4.380196
v 0.470003 4.591936 4.391226
v 0.491045 4.591936 4.388922
v 0.503385 4.582503 4.397375
v 0.495505 4.568747 4.412558
v 0.580494 4.532218 4.439782
v 0.606504 4.460732 4.508178
v 0.631428 4.391237 4.572524
v 0.614024 4.343385 4.620349
v 0.581230 4.298443 4.666390
v 0.566443 4.269638 4.694569
v 0.565567 4.261021 4.702497
v 0.576062 4.249196 4.711913
v 0.605475 4.236115 4.719997
v 0.626131 4.236115 4.717301
v 0.715610 4.280275 4.664417
v 0.797374 4.293204 4.639206
v 0.895888 4.333908 4.583042
v 0.895961 4.342164 4.575205
v 0.884354 4.366920 4.553852
v 0.868685 4.382791 4.541604
v 0.902059 4.395586 4.522693
v 0.979404 4.395905 4.506265
v 1.051468 4.395883 4.490018
v 1.069527 4.427145 4.454901
v 1.077826 4.433366 4.446707
v 1.145441 4.490522 4.371821
v 1.176062 4.505015 4.348719
v 1.290784 4.505558 4.315492
v 1.428868 4.505622 4.271691
v 1.430124 4.524982 4.250755
v 1.452569 4.528913 4.238942
v 1.479902 4.541000 4.216497
v 1.493798 4.576343 4.173163
v 1.494599 4.636112 4.106371
v 1.527349 4.693269 4.028656
v 1.558414 4.673460 4.039773
v 1.600441 4.686276 4.008373
v 1.640351 4.664484 4.017646
v 1.681780 4.559897 4.119296
v 1.746078 4.515778 4.141087
v 1.768637 4.489990 4.159514
v 1.704954 4.451609 4.226814
v 1.638440 4.424068 4.281679
v 1.566991 4.400329 4.332584
v 1.541931 4.352345 4.389668
v 1.534548 4.334045 4.410312
v 1.546880 4.290640 4.448282
v 1.585658 4.246893 4.476520
v 1.618672 4.244820 4.466659
v 1.601284 4.274999 4.444087
v 1.630222 4.256650 4.451173
v 1.631251 4.232964 4.473330
v 1.582407 4.219470 4.503521
v 1.544129 4.221090 4.515275
v 1.489710 4.206541 4.547023
v 1.456262 4.202364 4.561697
v 1.410961 4.198238 4.579697
v 1.350120 4.173967 4.620045
v 1.463902 4.189770 4.570827
v 1.491803 4.173875 4.576345
v 1.385792 4.148615 4.632301
v 1.334247 4.148446 4.647561
v 1.334194 4.158796 4.638317
v 1.314979 4.135393 4.664654
v 1.339833 4.131511 4.661020
v 1.336276 4.070382 4.715506
v 1.290406 4.004173 4.784463
v 1.279530 4.026348 4.768748
v 1.260308 4.030832 4.770079
v 1.228569 4.052326 4.760138
v 1.255443 4.005943 4.792278
v 1.279387 3.990536 4.798795
v 1.287411 3.957692 4.823784
v 1.267135 3.923738 4.856778
v 1.232539 3.853397 4.921567
v 1.224073 3.856912 4.920926
v 1.239228 3.916861 4.869513
v 1.189521 3.950289 4.854884
v 1.165953 4.022349 4.801136
v 1.156828 3.984949 4.834415
v 1.185181 3.929671 4.872646
v 1.126493 3.943374 4.875496
v 1.190217 3.915185 4.883067
v 1.209151 3.831179 4.944660
v 1.235019 3.825034 4.943024
v 1.249585 3.794195 4.963090
v 1.277897 3.704250 5.023460
v 1.233295 3.636796 5.083536
v 1.145409 3.609675 5.123273
v 1.094150 3.555744 5.171959
v 1.049819 3.549824 5.185197
v 1.008256 3.515830 5.216513
v 0.999083 3.484653 5.239148
v 0.905118 3.424013 5.295898
v 0.857463 3.379255 5.332451
v 0.818794 3.323194 5.373602
v 0.810371 3.255536 5.416126
v 0.832970 3.188920 5.452210
v 0.872080 3.106212 5.493684
v 0.920905 3.037255 5.524188
v 0.925187 2.994930 5.546536
v 0.981259 2.880478 5.597287
v 0.983950 2.813409 5.630827
v 0.982922 2.774537 5.650261
v 0.963197 2.713260 5.683319
v 0.934494 2.700560 5.694149
v 0.884672 2.712767 5.696305
v 0.865817 2.756829 5.678019
v 0.826537 2.779863 5.672639
v 0.768309 2.865591 5.638061
v 0.717589 2.941311 5.605657
v 0.700386 2.979829 5.587461
v 0.715934 3.044863 5.550305
v 0.685173 3.098443 5.524476
v 0.604921 3.179389 5.487732
v 0.566637 3.194163 5.483237
v 0.472152 3.150398 5.517400
v 0.454685 3.155226 5.516108
v 0.406045 3.200185 5.493959
v 0.345039 3.223941 5.484231
v 0.237087 3.211881 5.497022
v 0.151747 3.222493 5.493829
v 0.078662 3.215880 5.499234
v 0.039050 3.200895 5.508393
v 0.056515 3.175305 5.523032
v 0.055169 3.136131 5.545384
v 0.075867 3.116991 5.555921
v 0.057461 3.104233 5.563279
v 0.021402 3.118548 5.555524
v -0.015021 3.100136 5.565840
v -0.085478 3.103157 5.563520
v -0.157142 3.154345 5.533087
v -0.241655 3.142291 5.536899
v -0.311202 3.164653 5.520667
v -0.371379 3.157884 5.520823
v -0.453477 3.135295 5.527561
v -0.545146 3.063271 5.559571
v -0.644117 3.021148 5.572021
v -0.700287 2.974300 5.590419
v -0.725697 2.929958 5.610557
v -0.731156 2.861618 5.645015
v -0.729262 2.813831 5.669230
v -0.712521 2.779863 5.688085
v -0.751413 2.776861 5.684546
v -0.820261 2.798858 5.664204
v -0.894906 2.829782 5.637474
v -0.918662 2.876510 5.609937
v -0.934314 2.945745 5.571291
v -0.986440 3.001798 5.532250
v -1.014189 3.059125 5.495709
v -1.055254 3.125679 5.450341
v -1.117795 3.164224 5.415521
v -1.195187 3.162361 5.400060
v -1.264261 3.085804 5.428545
v -1.338854 3.114946 5.393906
v -1.383349 3.144192 5.365635
v -1.398911 3.197215 5.330151
v -1.422116 3.247315 5.293597
v -1.470179 3.289294 5.254404
v -1.511942 3.319348 5.223562
v -1.539293 3.352936 5.194039
v -1.695607 3.352968 5.145111
v -1.703297 3.313867 5.167853
v -1.774667 3.313840 5.143798
v -1.952242 3.313154 5.079508
v -2.136617 3.379806 4.959982
v -2.254462 3.425506 4.875751
v -2.241591 3.443820 4.868780
v -2.351800 3.433669 4.823753
v -2.449109 3.426449 4.780267
v -2.449021 3.474205 4.745718
v -2.486077 3.527624 4.686676
v -2.520650 3.538697 4.659784
v -2.521043 3.565179 4.639341
v -2.564835 3.569805 4.611697
v -2.585276 3.594676 4.580862
v -2.656070 3.603726 4.533000
v -2.671042 3.618515 4.512375
v -2.662777 3.668529 4.476734
v -2.703965 3.759296 4.375604
v -2.717401 3.882984 4.257677
v -2.706306 3.903371 4.246085
v -2.726634 3.932335 4.206168
v -2.750976 4.005221 4.120676
v -2.728853 4.075318 4.066299
v -2.744481 4.121817 4.008502
v -2.695344 4.191658 3.969228
v -2.662178 4.263001 3.915261
v -2.651382 4.325945 3.853052
v -2.584760 4.402285 3.811632
v -2.537330 4.474675 3.758840
v -2.489502 4.545943 3.704919
v -2.440860 4.649185 3.607897
v -2.421240 4.713699 3.536705
v -2.417388 4.748274 3.492817
v -2.400804 4.762724 3.484572
v -2.327489 4.737551 3.567639
v -2.335950 4.666728 3.654399
v -2.308624 4.686663 3.646243
v -2.282522 4.747945 3.582842
v -2.266658 4.808255 3.511778
v -2.089876 4.808255 3.619771
v -1.899596 4.808255 3.723152
v -1.835441 4.808255 3.755194
v -1.633159 4.808255 3.847482
v -1.432986 4.808255 3.926433
v -1.225529 4.808255 3.996049
v -1.014592 4.808245 4.054754
v -0.772456 4.808255 4.107754
v -0.525933 4.808306 4.146472
v -0.375848 4.808255 4.162819
v -0.372725 4.836178 4.130630
v -0.348281 4.836525 4.132356
v -3.082241 5.350175 1.570052
v -3.141063 5.327045 1.531653
v -3.132914 5.342731 1.493223
v -3.097345 5.370927 1.466027
v -3.043778 5.392079 1.500181
v -3.016848 5.401085 1.522021
v -3.004658 5.397098 1.559810
v -3.018846 5.378680 1.595622
v -3.082241 5.350175 1.570052
v -3.093524 5.512437 0.795481
v -3.116387 5.503745 0.765875
v -3.107441 5.514187 0.726078
v -3.089402 5.529256 0.687434
v -3.061029 5.538683 0.736708
v -3.059013 5.533699 0.781187
v -3.093524 5.512437 0.795481
v -2.785322 5.715574 0.404763
v -2.799543 5.706193 0.437674
v -2.784515 5.711267 0.466412
v -2.803502 5.698205 0.510367
v -2.807258 5.691545 0.561484
v -2.818670 5.686092 0.559546
v -2.846458 5.675438 0.526047
v -2.831938 5.686385 0.484552
v -2.817318 5.695452 0.462798
v -2.829811 5.692558 0.420239
v -2.822870 5.696948 0.407229
v -2.785322 5.715574 0.404763
v -1.866800 6.029229 0.867815
v -1.898447 6.012824 0.911859
v -1.873067 6.019905 0.917606
v -1.850767 6.017718 0.975385
v -1.873153 6.009272 0.984679
v -1.861739 6.002967 1.043051
v -1.833827 6.006682 1.070743
v -1.821173 5.994880 1.155156
v -1.789500 5.991333 1.221173
v -1.784050 5.986401 1.252921
v -1.740802 5.992561 1.283925
v -1.730977 5.981131 1.348864
v -1.716434 5.975753 1.390636
v -1.716434 5.975753 1.390636
v -2.013617 5.820199 1.631032
v -2.452556 5.534404 1.986199
v -2.420245 5.532775 2.029891
v -2.405549 5.517448 2.088239
v -2.411362 5.492941 2.145360
v -2.424062 5.455565 2.224944
v -2.347238 5.487400 2.229025
v -2.285672 5.505611 2.248019
v -2.299764 5.476447 2.304183
v -2.299765 5.453043 2.359035
v -2.291163 5.426951 2.426605
v -2.310480 5.384741 2.501178
v -2.336351 5.315883 2.621544
v -2.295363 5.276559 2.734753
v -2.331224 5.236930 2.780216
v -2.386663 5.206207 2.790859
v -2.390814 5.230203 2.742012
v -2.413209 5.250368 2.683226
v -2.372404 5.304694 2.611812
v -2.378736 5.353978 2.503234
v -2.340475 5.410154 2.417034
v -2.376328 5.413946 2.373161
v -2.439573 5.415382 2.304727
v -2.466019 5.432170 2.236049
v -2.469456 5.491569 2.081849
v -2.489787 5.502236 2.028793
v -2.523284 5.522137 1.930980
v -2.575843 5.517402 1.874285
v -2.601918 5.542768 1.759939
v -2.603188 5.565973 1.683152
v -2.652766 5.554483 1.643227
v -2.703759 5.516243 1.688311
v -2.725190 5.512670 1.665368
v -2.775571 5.501010 1.620103
v -2.828315 5.481987 1.593138
v -2.876473 5.469916 1.547760
v -2.830579 5.503215 1.513965
v -2.735480 5.557357 1.490830
v -2.681375 5.574012 1.526519
v -2.667359 5.587466 1.501685
v -2.747911 5.557433 1.467504
v -2.822309 5.520873 1.464301
v -2.919634 5.480971 1.422791
v -2.942614 5.453251 1.480784
v -3.027973 5.411522 1.461661
v -3.090700 5.386814 1.421074
v -3.141267 5.368628 1.378375
v -3.185168 5.341958 1.381244
v -3.266159 5.310452 1.311848
v -3.313702 5.281435 1.309759
v -3.376594 5.254704 1.255521
v -3.384751 5.259534 1.212601
v -3.428248 5.241974 1.165532
v -3.477961 5.220360 1.114123
v -3.522859 5.198953 1.072379
v -3.578353 5.180535 0.973185
v -3.566312 5.191390 0.959446
v -3.506567 5.221331 1.015544
v -3.461789 5.240919 1.066970
v -3.393660 5.275260 1.115504
v -3.358889 5.282299 1.185250
v -3.312945 5.307652 1.201195
v -3.231080 5.344180 1.260756
v -3.208748 5.356269 1.266477
v -3.161557 5.377425 1.295182
v -3.091591 5.422172 1.277402
v -3.028507 5.456362 1.282926
v -3.080466 5.438887 1.232427
v -3.072148 5.448822 1.209085
v -3.115667 5.427761 1.192338
v -3.083865 5.457080 1.140043
v -3.121248 5.436381 1.137196
v -3.083933 5.465082 1.100853
v -3.138772 5.442072 1.059058
v -3.149864 5.442120 1.025344
v -3.097443 5.476240 1.003135
v -3.060890 5.496965 1.001981
v -3.039311 5.516876 0.957238
v -3.077957 5.506186 0.893161
v -3.047169 5.532259 0.835771
v -3.034484 5.545447 0.793457
v -2.981360 5.576181 0.779319
v -2.951228 5.598945 0.729186
v -2.891634 5.629169 0.735217
v -2.827803 5.657963 0.761984
v -2.774032 5.683973 0.766049
v -2.755976 5.687639 0.803120
v -2.761344 5.679601 0.840686
v -2.703585 5.703706 0.864875
v -2.700536 5.699433 0.901782
v -2.659122 5.714768 0.927435
v -2.618973 5.737034 0.903916
v -2.610573 5.745709 0.872570
v -2.562489 5.764113 0.893468
v -2.573003 5.763575 0.866315
v -2.609475 5.753213 0.825116
v -2.634986 5.742622 0.817792
v -2.624772 5.753200 0.775182
v -2.653983 5.747829 0.713078
v -2.647940 5.759276 0.639367
v -2.613118 5.778257 0.610736
v -2.568488 5.805177 0.540771
v -2.513138 5.824186 0.593836
v -2.440202 5.845984 0.677888
v -2.430223 5.845984 0.712834
v -2.480750 5.823685 0.721260
v -2.448746 5.825438 0.810899
v -2.399786 5.852985 0.757123
v -2.378089 5.869581 0.694514
v -2.337100 5.890975 0.651168
v -2.305183 5.908868 0.600872
v -2.287161 5.921921 0.537946
v -2.229089 5.943167 0.547323
v -2.207830 5.944469 0.615158
v -2.148433 5.962504 0.649935
v -2.097196 5.981365 0.643957
v -2.038146 5.999357 0.665819
v -2.015211 6.003625 0.696459
v -1.947570 6.019965 0.746075
v -1.941871 6.017525 0.779851
v -1.868774 6.036733 0.809433
v -1.866800 6.029229 0.867815
v 2.017649 3.866303 -4.644398
v 1.998867 3.920161 -4.607224
v 2.092943 3.957567 -4.532868
v 2.160508 4.000096 -4.463304
v 2.196441 4.040710 -4.408849
v 2.261258 4.099788 -4.320659
v 2.263105 4.186869 -4.235343
v 2.281538 4.202061 -4.210334
v 2.362244 4.198211 -4.169469
v 2.382534 4.215315 -4.140567
v 2.360652 4.281433 -4.084886
v 2.435392 4.324766 -3.994359
v 2.517109 4.277106 -3.995018
v 2.590382 4.248635 -3.978525
v 2.599161 4.206734 -4.017137
v 2.678315 4.205593 -3.966014
v 2.523965 4.504652 -3.731937
v 2.329406 4.550879 -3.801711
v 2.320575 4.544120 -3.815174
v 2.244541 4.487965 -3.925538
v 2.202535 4.458017 -3.983034
v 2.168489 4.385868 -4.080620
v 2.079502 4.397597 -4.114178
v 1.952897 4.403869 -4.169145
v 1.887958 4.344821 -4.260021
v 1.924121 4.262589 -4.326400
v 1.887467 4.262010 -4.343084
v 1.895935 4.193870 -4.405284
v 1.798581 4.191153 -4.448482
v 1.790056 4.151342 -4.489064
v 1.760659 4.151878 -4.500181
v 1.707585 4.211904 -4.464713
v 1.587048 4.269746 -4.454233
v 1.537895 4.284978 -4.456846
v 1.517140 4.276871 -4.471722
v 1.598575 4.223218 -4.494289
v 1.549495 4.191789 -4.540662
v 1.487241 4.212626 -4.542196
v 1.404194 4.168498 -4.608851
v 1.523109 4.107610 -4.625724
v 1.582085 4.115978 -4.598410
v 1.615790 4.113784 -4.588643
v 1.620562 4.137337 -4.565727
v 1.592801 4.176412 -4.539847
v 1.704271 4.156864 -4.517254
v 1.745871 4.102534 -4.550911
v 1.797954 4.055324 -4.572893
v 1.863139 4.059355 -4.543125
v 1.895585 4.021499 -4.563326
v 1.843197 4.000887 -4.602735
v 1.844822 3.936123 -4.657596
v 1.916360 3.847027 -4.702934
v 1.972564 3.865716 -4.664212
v 2.017649 3.866303 -4.644398
v 1.996375 1.300263 5.908760
v 1.995141 1.274531 5.914780
v 1.935236 1.261813 5.937367
v 1.972095 1.212310 5.935553
v 1.974236 1.155172 5.946227
v 1.931904 1.091598 5.972085
v 1.975875 1.004580 5.972971
v 2.020391 1.011709 5.956854
v 2.039413 1.090978 5.936346
v 2.005075 1.129513 5.940835
v 1.994900 1.212257 5.927938
v 2.120289 1.256602 5.874944
v 2.102520 1.307940 5.870123
v 2.135898 1.342253 5.850294
v 2.178085 1.265772 5.851787
v 2.249675 1.264004 5.825023
v 2.320037 1.203170 5.810288
v 2.326550 1.166997 5.815060
v 2.417457 1.166037 5.778053
v 2.523925 1.177268 5.730051
v 2.584780 1.128294 5.712749
v 2.661828 1.114767 5.679930
v 2.714638 1.148950 5.648035
v 2.713554 1.176481 5.642886
v 2.834342 1.183070 5.581800
v 2.950325 1.184589 5.521048
v 2.870937 1.152304 5.569520
v 2.908394 1.100640 5.560529
v 2.986407 1.092410 5.520657
v 3.063653 1.038503 5.488642
v 3.085717 0.950510 5.492224
v 3.135358 0.952993 5.463604
v 3.174595 0.927069 5.445377
v 3.103504 0.862397 5.496742
v 3.097745 0.822211 5.506141
v 3.133158 0.781276 5.492046
v 3.110565 0.760599 5.507769
v 3.052251 0.742876 5.542702
v 3.056968 0.691855 5.546704
v 3.032265 0.661424 5.563949
v 3.101780 0.577451 5.534903
v 3.115919 0.546196 5.530132
v 3.082255 0.503905 5.552965
v 2.974746 0.462400 5.614865
v 2.904605 0.445191 5.652850
v 2.876895 0.418966 5.669002
v 2.797116 0.446696 5.706684
v 2.722714 0.460887 5.741433
v 2.704232 0.450679 5.750970
v 2.749927 0.421921 5.731450
v 2.747836 0.347510 5.737445
v 2.763221 0.277567 5.733865
v 2.847876 0.268019 5.692751
v 2.853669 0.244669 5.690901
v 2.782999 0.213051 5.727056
v 2.771986 0.165979 5.733950
v 2.730905 0.147735 5.754127
v 2.656217 0.121782 5.789587
v 2.636876 0.087758 5.799037
v 2.557981 0.080553 5.834371
v 2.501402 0.139356 5.857748
v 2.468873 0.250195 5.867854
v 2.440994 0.289039 5.877724
v 2.403285 0.313516 5.891992
v 2.454160 0.368789 5.867771
v 2.450063 0.393640 5.867868
v 2.420110 0.426611 5.877985
v 2.397428 0.500299 5.881469
v 2.402905 0.579760 5.871931
v 2.424417 0.616928 5.859287
v 2.440480 0.676507 5.846028
v 2.403569 0.695505 5.859076
v 2.345674 0.682898 5.883970
v 2.271294 0.688816 5.912394
v 2.229980 0.676993 5.929461
v 2.153270 0.772056 5.946175
v 2.092299 0.786117 5.966066
v 1.958287 0.775504 6.012765
v 1.931796 0.813988 6.016247
v 1.905575 0.823179 6.023355
v 1.900959 0.846188 6.021624
v 1.911742 0.886962 6.012336
v 1.901527 0.931275 6.008874
v 1.877294 0.955470 6.012694
v 1.861504 1.005981 6.009363
v 1.806947 1.013334 6.024760
v 1.832975 1.077476 6.005738
v 1.841705 1.155593 5.988520
v 1.869778 1.196206 5.971822
v 1.908229 1.227507 5.953279
v 1.931177 1.282012 5.934361
v 1.996375 1.300263 5.908760
v -1.836032 2.340397 -5.633930
v -1.714123 2.251661 -5.708016
v -1.640858 2.153082 -5.767275
v -1.625655 2.080309 -5.798207
v -1.713438 1.969183 -5.811720
v -1.820990 1.830503 -5.824336
v -1.919088 1.764607 -5.813166
v -1.988434 1.678635 -5.815321
v -2.051759 1.479281 -5.847363
v -2.051936 1.288349 -5.892313
v -1.970488 1.216552 -5.935218
v -1.855403 1.146203 -5.986096
v -1.774506 1.054900 -6.027268
v -1.647198 0.952663 -6.080198
v -1.605812 1.023107 -6.079824
v -1.632352 1.097386 -6.059770
v -1.550985 1.159551 -6.069557
v -1.640321 1.203560 -6.037419
v -1.750228 1.211476 -6.004887
v -1.700567 1.277540 -6.005465
v -1.870665 1.361258 -5.936096
v -1.874392 1.491122 -5.903630
v -1.845180 1.563116 -5.894202
v -1.855358 1.670640 -5.861420
v -1.823311 1.746307 -5.849409
v -1.739731 1.820577 -5.852220
v -1.667374 1.914239 -5.843389
v -1.571817 2.039147 -5.827599
v -1.444434 2.102053 -5.838204
v -1.470385 2.139746 -5.817998
v -1.532678 2.167161 -5.791714
v -1.485070 2.258096 -5.769333
v -1.360698 2.258910 -5.799609
v -1.307138 2.353088 -5.774427
v -1.241213 2.434455 -5.755212
v -1.292761 2.459510 -5.733169
v -1.372486 2.458993 -5.714830
v -1.468026 2.470825 -5.685909
v -1.546304 2.525336 -5.641034
v -1.598179 2.486983 -5.643614
v -1.690288 2.468274 -5.624961
v -1.681749 2.409098 -5.653106
v -1.733633 2.367213 -5.655127
v -1.836032 2.340397 -5.633930
v -5.972730 -1.805872 -1.286454
v -5.961166 -1.819891 -1.319902
v -5.966729 -1.773180 -1.357797
v -5.975628 -1.744522 -1.355787
v -5.972730 -1.805872 -1.286454
v -6.000631 -1.641838 -1.373478
v -5.981373 -1.728279 -1.351249
v -5.978639 -1.714852 -1.380145
v -5.972006 -1.720657 -1.401474
v -5.976480 -1.691076 -1.418304
v -5.997434 -1.608785 -1.425568
v -6.000631 -1.641838 -1.373478
v 4.377101 3.413188 -3.127422
v 4.406513 3.355582 -3.148389
v 4.428564 3.327804 -3.146933
v 4.460685 3.314932 -3.114990
v 4.445808 3.339903 -3.109579
v 4.425340 3.352919 -3.124730
v 4.433609 3.363525 -3.101523
v 4.390002 3.426184 -3.094962
v 4.377101 3.413188 -3.127422
v 3.664144 1.825560 -4.881703
v 3.730666 1.796921 -4.841782
v 3.755417 1.749504 -4.840012
v 3.763728 1.713012 -4.846606
v 3.855186 1.667751 -4.790176
v 3.995936 1.617635 -4.690990
v 4.081594 1.541630 -4.642586
v 4.118135 1.535683 -4.612189
v 4.141166 1.542065 -4.589381
v 4.195222 1.497250 -4.554997
v 4.249058 1.476433 -4.511684
v 4.315633 1.470815 -4.449905
v 4.336223 1.464667 -4.431880
v 4.357792 1.436078 -4.420064
v 4.379253 1.428172 -4.401376
v 4.395571 1.400595 -4.393965
v 4.432979 1.402989 -4.355452
v 4.459565 1.388266 -4.332971
v 4.510687 1.393784 -4.277933
v 4.519470 1.457091 -4.247461
v 4.507020 1.516196 -4.239996
v 4.513339 1.548041 -4.221727
v 4.512715 1.627687 -4.192336
v 4.524973 1.671838 -4.161636
v 4.509366 1.677055 -4.176452
v 4.506864 1.726017 -4.159169
v 4.493766 1.746650 -4.164723
v 4.487099 1.793238 -4.152094
v 4.447806 1.827247 -4.179453
v 4.445347 1.872102 -4.162182
v 4.414214 1.924277 -4.171512
v 4.390455 1.896696 -4.209048
v 4.368336 1.906288 -4.227688
v 4.281764 1.908725 -4.314268
v 4.270269 1.898114 -4.330313
v 4.198886 1.887494 -4.404130
v 4.168196 1.892806 -4.430922
v 4.156262 1.857383 -4.457046
v 4.116150 1.875104 -4.486751
v 4.036118 1.986365 -4.511513
v 3.951762 2.033846 -4.564722
v 3.708682 2.074195 -4.746898
v 3.678154 1.899855 -4.842662
v 3.664144 1.825560 -4.881703
v 4.738140 -3.113723 -2.905925
v 4.741297 -3.127739 -2.885652
v 4.738531 -3.176825 -2.836150
v 4.727576 -3.226221 -2.798422
v 4.719751 -3.294667 -2.731073
v 4.720001 -3.392324 -2.608328
v 4.720215 -3.448601 -2.533053
v 4.728740 -3.491034 -2.457915
v 4.751506 -3.527042 -2.360679
v 4.769436 -3.531864 -2.316908
v 4.759176 -3.557514 -2.298691
v 4.791581 -3.543868 -2.251975
v 4.800134 -3.561436 -2.205568
v 4.851943 -3.543649 -2.119161
v 4.867125 -3.554910 -2.064788
v 4.884915 -3.550078 -2.030809
v 4.897810 -3.586443 -1.933526
v 4.916786 -3.600980 -1.856825
v 4.914102 -3.635572 -1.795511
v 4.926764 -3.637766 -1.755931
v 4.960882 -3.605146 -1.726909
v 4.972071 -3.603469 -1.697989
v 5.011180 -3.562422 -1.669392
v 5.004359 -3.575193 -1.662538
v 5.024074 -3.550417 -1.656156
v 5.058154 -3.496098 -1.667937
v 5.106089 -3.433566 -1.651701
v 5.107046 -3.416487 -1.683845
v 5.150825 -3.344149 -1.695673
v 5.221255 -3.255128 -1.652962
v 5.280983 -3.173806 -1.621053
v 5.281168 -3.173547 -1.620959
v 5.368751 -3.047471 -1.574508
v 5.380377 -2.999067 -1.626893
v 5.355286 -3.025892 -1.659677
v 5.328683 -3.067646 -1.668631
v 5.311735 -3.074745 -1.709109
v 5.283007 -3.093142 -1.764071
v 5.269957 -3.086042 -1.814811
v 5.266735 -3.036177 -1.905984
v 5.439667 -2.669078 -1.968677
v 5.423745 -2.684231 -1.991867
v 5.360478 -2.779677 -2.031825
v 5.335778 -2.840482 -2.012655
v 5.311537 -2.875373 -2.027175
v 5.290531 -2.865247 -2.095299
v 5.292559 -2.820838 -2.149728
v 5.288212 -2.790808 -2.199054
v 5.300090 -2.742832 -2.230595
v 5.291053 -2.719549 -2.280012
v 5.268849 -2.731754 -2.316546
v 5.237111 -2.759857 -2.354889
v 5.200971 -2.764813 -2.428035
v 5.183633 -2.741463 -2.490778
v 5.192592 -2.710109 -2.506380
v 5.205048 -2.661865 -2.532113
v 5.184091 -2.653776 -2.583083
v 5.185885 -2.615746 -2.618035
v 5.197309 -2.548007 -2.661819
v 5.183833 -2.471706 -2.758294
v 5.141388 -2.396030 -2.900830
v 5.120264 -2.397153 -2.937038
v 5.089140 -2.414594 -2.976580
v 5.075886 -2.402237 -3.009033
v 5.044160 -2.412526 -3.053818
v 4.966508 -2.556631 -3.063834
v 4.925259 -2.628791 -3.069353
v 4.890353 -2.741209 -3.026527
v 4.871149 -2.777195 -3.024689
v 4.905156 -2.758853 -2.986271
v 4.917217 -2.765993 -2.959713
v 4.909968 -2.795126 -2.944339
v 4.908086 -2.832579 -2.911499
v 4.892821 -2.866966 -2.903523
v 4.838916 -2.920661 -2.940115
v 4.813295 -2.909988 -2.992291
v 4.821600 -2.865970 -3.021262
v 4.780833 -2.866802 -3.084595
v 4.763160 -2.938857 -3.043857
v 4.732968 -3.020515 -3.010838
v 4.726234 -3.064614 -2.976659
v 4.738140 -3.113723 -2.905925
v 4.876675 -3.084403 -2.700767
v 4.911611 -3.054382 -2.671417
v 4.923613 -3.074267 -2.626131
v 4.929496 -3.112299 -2.569689
v 4.922248 -3.173547 -2.507931
v 4.850850 -3.247419 -2.552090
v 4.839779 -3.237907 -2.584983
v 4.847283 -3.207259 -2.609018
v 4.829314 -3.192243 -2.660253
v 4.837218 -3.160794 -2.683346
v 4.846002 -3.113723 -2.722249
v 4.876675 -3.084403 -2.700767
v 5.288317 -1.021962 -3.402783
v 5.253290 -1.070894 -3.441768
v 5.224156 -1.163817 -3.455917
v 5.229751 -1.193430 -3.437305
v 5.227112 -1.281851 -3.409369
v 5.199612 -1.371964 -3.416341
v 5.211208 -1.409737 -3.383133
v 5.209138 -1.510285 -3.342688
v 5.172475 -1.538248 -3.386582
v 5.324820 -1.627026 -3.096567
v 5.301827 -1.703410 -3.094943
v 5.338719 -1.718073 -3.022573
v 5.357909 -1.760687 -2.963518
v 5.354754 -1.797704 -2.946950
v 5.370886 -1.806092 -2.912259
v 5.390937 -1.893602 -2.818103
v 5.398529 -1.962192 -2.755963
v 5.413966 -1.964647 -2.723743
v 5.432849 -1.952459 -2.694755
v 5.487744 -1.940865 -2.589854
v 5.498132 -1.932949 -2.573693
v 5.500998 -1.924154 -2.574158
v 5.525432 -1.900245 -2.539353
v 5.555559 -1.894134 -2.477430
v 5.583447 -1.918248 -2.394804
v 5.629339 -1.851899 -2.338943
v 5.680448 -1.764668 -2.282126
v 5.760717 -1.422157 -2.319752
v 5.672341 -1.423524 -2.527403
v 5.683830 -1.386084 -2.522397
v 5.685403 -1.345404 -2.540811
v 5.703048 -1.294384 -2.527738
v 5.707822 -1.241535 -2.543422
v 5.718570 -1.207656 -2.535580
v 5.702717 -1.210404 -2.569743
v 5.694074 -1.244319 -2.572710
v 5.673315 -1.241687 -2.619418
v 5.642126 -1.251746 -2.681265
v 5.617281 -1.301208 -2.709734
v 5.576012 -1.316386 -2.786551
v 5.552332 -1.282020 -2.849154
v 5.530489 -1.339040 -2.865362
v 5.488777 -1.354227 -2.937522
v 5.460773 -1.400489 -2.967866
v 5.427334 -1.460123 -3.000288
v 5.386591 -1.461018 -3.072409
v 5.414018 -1.344056 -3.077590
v 5.424952 -1.363815 -3.049516
v 5.469762 -1.321513 -2.987466
v 5.487372 -1.302153 -2.963577
v 5.500161 -1.192701 -2.985855
v 5.511329 -1.063133 -3.014075
v 5.530091 -1.014752 -2.996333
v 5.524690 -0.944614 -3.029051
v 5.512170 -0.931469 -3.055812
v 5.441370 -0.912899 -3.185554
v 5.417937 -0.924095 -3.222056
v 5.390735 -0.952094 -3.259315
v 5.365536 -0.970502 -3.295268
v 5.326221 -0.988995 -3.353044
v 5.288317 -1.021962 -3.402783
v 5.044160 -2.412526 -3.053818
v 5.075886 -2.402237 -3.009033
v 5.089140 -2.414594 -2.976580
v 5.120264 -2.397153 -2.937038
v 5.141388 -2.396030 -2.900830
v 5.189745 -2.349400 -2.852456
v 5.233306 -2.333528 -2.785102
v 5.270076 -2.267770 -2.770047
v 5.282454 -2.231073 -2.776262
v 5.306769 -2.219869 -2.738618
v 5.397033 -2.104982 -2.651551
v 5.430358 -2.044143 -2.631032
v 5.445276 -2.025346 -2.614686
v 5.487744 -1.940865 -2.589854
v 5.432849 -1.952459 -2.694755
v 5.413966 -1.964647 -2.723743
v 5.398529 -1.962192 -2.755963
v 5.390937 -1.893602 -2.818103
v 5.370886 -1.806092 -2.912259
v 5.354754 -1.797704 -2.946950
v 5.357909 -1.760687 -2.963518
v 5.338719 -1.718073 -3.022573
v 5.301827 -1.703410 -3.094943
v 5.288644 -1.743345 -3.095260
v 5.243542 -1.741217 -3.172234
v 5.212217 -1.763779 -3.211156
v 5.193581 -1.790200 -3.226691
v 5.164662 -1.797952 -3.268528
v 5.126269 -1.832201 -3.309690
v 5.090891 -1.966532 -3.287129
v 5.081648 -2.039686 -3.256713
v 5.061244 -2.118231 -3.238294
v 5.042866 -2.149266 -3.246506
v 5.030399 -2.210774 -3.224470
v 5.035915 -2.220262 -3.209306
v 5.026596 -2.295250 -3.170931
v 5.044160 -2.412526 -3.053818

f 68 67 66
f 66 65 64
f 64 63 62
f 61 60 59
f 58 57 56
f 56 55 54
f 52 51 50
f 49 48 47
f 45 44 43
f 43 42 41
f 40 39 38
f 35 34 33
f 33 32 31
f 30 29 28
f 28 27 26
f 25 24 23
f 23 22 21
f 21 20 19
f 18 17 16
f 16 15 14
f 14 13 12
f 10 9 8
f 8 7 6
f 5 4 3
f 2 69 68
f 66 64 62
f 62 61 59
f 58 56 54
f 50 49 47
f 46 45 43
f 43 41 40
f 40 38 37
f 35 33 31
f 31 30 28
f 25 23 21
f 14 12 11
f 11 10 8
f 6 5 3
f 3 2 68
f 68 66 62
f 62 59 58
f 58 54 53
f 50 47 46
f 43 40 37
f 36 35 31
f 31 28 26
f 25 21 19
f 14 11 8
f 3 68 62
f 62 58 53
f 52 50 46
f 36 31 26
f 26 25 19
f 14 8 6
f 6 3 62
f 62 53 52
f 52 46 43
f 37 36 26
f 26 19 18
f 16 14 6
f 6 62 52
f 52 43 37
f 37 26 18
f 16 6 52
f 52 37 18
f 18 16 52
f 135 134 133
f 133 132 131
f 131 130 129
f 129 128 127
f 127 126 125
f 125 124 123
f 119 118 117
f 117 116 115
f 115 114 113
f 113 112 111
f 109 108 107
f 106 105 104
f 104 103 102
f 100 99 98
f 98 97 96
f 96 95 94
f 94 93 92
f 92 91 90
f 90 89 88
f 87 86 85
f 85 84 83
f 83 82 81
f 80 79 78
f 77 76 75
f 71 135 133
f 133 131 129
f 127 125 123
f 119 117 115
f 115 113 111
f 109 107 106
f 106 104 102
f 100 98 96
f 96 94 92
f 87 85 83
f 83 81 80
f 80 78 77
f 77 75 74
f 72 71 133
f 133 129 127
f 127 123 122
f 120 119 115
f 115 111 110
f 109 106 102
f 100 96 92
f 88 87 83
f 83 80 77
f 73 72 133
f 133 127 122
f 120 115 110
f 110 109 102
f 100 92 90
f 90 88 83
f 74 73 133
f 120 110 102
f 100 90 83
f 74 133 122
f 121 120 102
f 101 100 83
f 77 74 122
f 122 121 102
f 101 83 77
f 122 102 101
f 101 77 122
f 142 141 140
f 140 139 138
f 138 137 144
f 143 142 140
f 138 144 143
f 143 140 138
f 166 165 164
f 164 163 162
f 162 161 160
f 160 159 158
f 158 157 156
f 156 155 154
f 154 153 152
f 152 151 150
f 150 149 148
f 146 166 164
f 164 162 160
f 158 156 154
f 154 152 150
f 150 148 147
f 146 164 160
f 158 154 150
f 150 147 146
f 146 160 158
f 158 150 146
f 188 187 186
f 186 185 184
f 183 182 181
f 181 180 179
f 178 177 176
f 176 175 174
f 174 173 172
f 172 171 170
f 169 168 188
f 186 184 183
f 181 179 178
f 178 176 174
f 172 170 169
f 169 188 186
f 186 183 181
f 181 178 174
f 172 169 186
f 181 174 172
f 172 186 181
f 199 198 197
f 196 195 194
f 194 193 192
f 191 190 199
f 199 197 196
f 196 194 192
f 191 199 196
f 196 192 191
f 309 308 307
f 305 304 303
f 303 302 301
f 301 300 299
f 299 298 297
f 297 296 295
f 293 292 291
f 291 290 289
f 288 287 286
f 286 285 284
f 284 283 282
f 281 280 279
f 278 277 276
f 275 274 273
f 272 271 270
f 270 269 268
f 268 267 266
f 265 264 263
f 260 259 258
f 258 257 256
f 252 251 250
f 248 247 246
f 242 241 240
f 240 239 238
f 238 237 236
f 236 235 234
f 234 233 232
f 232 231 230
f 230 229 228
f 228 227 226
f 226 225 224
f 220 219 218
f 218 217 216
f 216 215 214
f 210 209 208
f 207 206 205
f 204 203 202
f 201 309 307
f 305 303 301
f 301 299 297
f 297 295 294
f 291 289 288
f 288 286 284
f 284 282 281
f 281 279 278
f 278 276 275
f 273 272 270
f 268 266 265
f 265 263 262
f 258 256 255
f 252 250 249
f 249 248 246
f 242 240 238
f 236 234 232
f 232 230 228
f 220 218 216
f 210 208 207
f 205 204 202
f 201 307 306
f 301 297 294
f 293 291 288
f 288 284 281
f 278 275 273
f 273 270 268
f 268 265 262
f 260 258 255
f 253 252 249
f 249 246 245
f 242 238 236
f 236 232 228
f 220 216 214
f 210 207 205
f 205 202 201
f 201 306 305
f 305 301 294
f 293 288 281
f 278 273 268
f 268 262 261
f 261 260 255
f 253 249 245
f 243 242 236
f 236 228 226
f 221 220 214
f 210 205 201
f 201 305 294
f 293 281 278
f 278 268 261
f 261 255 254
f 253 245 244
f 243 236 226
f 222 221 214
f 210 201 294
f 293 278 261
f 253 244 243
f 243 226 224
f 222 214 213
f 211 210 294
f 294 293 261
f 243 224 223
f 222 213 212
f 212 211 294
f 294 261 254
f 243 223 222
f 222 212 294
f 294 254 253
f 243 222 294
f 294 253 243
f 328 327 326
f 326 325 324
f 324 323 322
f 322 321 320
f 320 319 318
f 316 315 314
f 314 313 312
f 312 311 329
f 329 328 326
f 326 324 322
f 322 320 318
f 316 314 312
f 312 329 326
f 326 322 318
f 316 312 326
f 326 318 317
f 317 316 326
f 342 341 340
f 339 338 337
f 336 335 334
f 333 332 331
f 331 342 340
f 339 337 336
f 336 334 333
f 333 331 340
f 339 336 333
f 333 340 339
f 354 353 352
f 352 351 350
f 347 346 345
f 345 344 354
f 354 352 350
f 347 345 354
f 347 354 350
f 347 350 348
f 376 375 374
f 373 372 371
f 371 370 369
f 367 366 365
f 365 364 363
f 363 362 361
f 361 360 359
f 359 358 357
f 357 356 376
f 374 373 371
f 371 369 368
f 367 365 363
f 363 361 359
f 359 357 376
f 376 374 371
f 368 367 363
f 363 359 376
f 376 371 368
f 368 363 376
f 386 385 384
f 384 383 382
f 382 381 380
f 380 379 378
f 378 386 384
f 384 382 380
f 380 378 384
f 394 393 392
f 392 391 390
f 390 389 388
f 388 394 392
f 392 390 388
f 403 402 401
f 401 400 399
f 399 398 397
f 396 408 407
f 403 401 399
f 399 397 396
f 403 399 396
f 403 396 407
f 403 407 406
f 403 406 404
f 434 433 432
f 431 430 429
f 429 428 427
f 424 423 422
f 421 420 419
f 419 418 417
f 416 415 414
f 413 412 411
f 411 410 434
f 434 432 431
f 431 429 427
f 424 422 421
f 421 419 417
f 416 414 413
f 413 411 434
f 434 431 427
f 424 421 417
f 416 413 434
f 434 427 426
f 424 417 416
f 416 434 426
f 425 424 416
f 416 426 425
f 987 986 985
f 985 984 983
f 981 980 979
f 978 977 976
f 976 975 974
f 974 973 972
f 971 970 969
f 969 968 967
f 965 964 963
f 963 962 961
f 961 960 959
f 953 952 951
f 948 947 946
f 945 944 943
f 942 941 940
f 939 938 937
f 936 935 934
f 933 932 931
f 928 927 926
f 926 925 924
f 923 922 921
f 921 920 919
f 918 917 916
f 915 914 913
f 913 912 911
f 910 909 908
f 908 907 906
f 905 904 903
f 901 900 899
f 896 895 894
f 893 892 891
f 890 889 888
f 888 887 886
f 886 885 884
f 882 881 880
f 879 878 877
f 877 876 875
f 874 873 872
f 869 868 867
f 866 865 864
f 864 863 862
f 861 860 859
f 859 858 857
f 851 850 849
f 849 848 847
f 847 846 845
f 844 843 842
f 842 841 840
f 840 839 838
f 836 835 834
f 834 833 832
f 830 829 828
f 827 826 825
f 825 824 823
f 822 821 820
f 820 819 818
f 817 816 815
f 815 814 813
f 813 812 811
f 810 809 808
f 808 807 806
f 802 801 800
f 800 799 798
f 796 795 794
f 794 793 792
f 790 789 788
f 784 783 782
f 781 780 779
f 779 778 777
f 777 776 775
f 775 774 773
f 773 772 771
f 771 770 769
f 769 768 767
f 767 766 765
f 764 763 762
f 762 761 760
f 758 757 756
f 754 753 752
f 751 750 749
f 748 747 746
f 746 745 744
f 743 742 741
f 741 740 739
f 736 735 734
f 732 731 730
f 730 729 728
f 728 727 726
f 725 724 723
f 721 720 719
f 714 713 712
f 711 710 709
f 708 707 706
f 700 699 698
f 698 697 696
f 696 695 694
f 693 692 691
f 691 690 689
f 689 688 687
f 685 684 683
f 681 680 679
f 677 676 675
f 674 673 672
f 672 671 670
f 670 669 668
f 668 667 666
f 663 662 661
f 661 660 659
f 659 658 657
f 651 650 649
f 646 645 644
f 644 643 642
f 640 639 638
f 638 637 636
f 633 632 631
f 631 630 629
f 629 628 627
f 627 626 625
f 625 624 623
f 623 622 621
f 619 618 617
f 616 615 614
f 611 610 609
f 609 608 607
f 605 604 603
f 602 601 600
f 600 599 598
f 597 596 595
f 594 593 592
f 591 590 589
f 587 586 585
f 585 584 583
f 583 582 581
f 580 579 578
f 578 577 576
f 574 573 572
f 572 571 570
f 569 568 567
f 566 565 564
f 563 562 561
f 561 560 559
f 558 557 556
f 556 555 554
f 553 552 551
f 551 550 549
f 546 545 544
f 544 543 542
f 541 540 539
f 534 533 532
f 532 531 530
f 527 526 525
f 525 524 523
f 523 522 521
f 519 518 517
f 514 513 512
f 511 510 509
f 508 507 506
f 506 505 504
f 504 503 502
f 502 501 500
f 500 499 498
f 498 497 496
f 496 495 494
f 493 492 491
f 489 488 487
f 484 483 482
f 482 481 480
f 478 477 476
f 476 475 474
f 473 472 471
f 471 470 469
f 469 468 467
f 467 466 465
f 465 464 463
f 462 461 460
f 460 459 458
f 456 455 454
f 454 453 452
f 448 447 446
f 446 445 444
f 437 436 987
f 987 985 983
f 981 979 978
f 978 976 974
f 974 972 971
f 971 969 967
f 966 965 963
f 963 961 959
f 953 951 950
f 948 946 945
f 945 943 942
f 942 940 939
f 937 936 934
f 933 931 930
f 928 926 924
f 924 923 921
f 921 919 918
f 915 913 911
f 910 908 906
f 905 903 902
f 901 899 898
f 897 896 894
f 894 893 891
f 888 886 884
f 883 882 880
f 879 877 875
f 874 872 871
f 869 867 866
f 866 864 862
f 862 861 859
f 851 849 847
f 844 842 840
f 840 838 837
f 834 832 831
f 827 825 823
f 822 820 818
f 815 813 811
f 811 810 808
f 808 806 805
f 803 802 800
f 800 798 797
f 796 794 792
f 784 782 781
f 781 779 777
f 777 775 773
f 773 771 769
f 769 767 765
f 762 760 759
f 758 756 755
f 748 746 744
f 744 743 741
f 737 736 734
f 730 728 726
f 726 725 723
f 722 721 719
f 715 714 712
f 712 711 709
f 708 706 705
f 701 700 698
f 698 696 694
f 693 691 689
f 689 687 686
f 686 685 683
f 681 679 678
f 677 675 674
f 674 672 670
f 670 668 666
f 663 661 659
f 659 657 656
f 652 651 649
f 647 646 644
f 644 642 641
f 640 638 636
f 634 633 631
f 629 627 625
f 625 623 621
f 619 617 616
f 616 614 613
f 612 611 609
f 606 605 603
f 602 600 598
f 597 595 594
f 591 589 588
f 588 587 585
f 585 583 581
f 580 578 576
f 575 574 572
f 572 570 569
f 567 566 564
f 563 561 559
f 558 556 554
f 553 551 549
f 547 546 544
f 534 532 530
f 527 525 523
f 523 521 520
f 519 517 516
f 515 514 512
f 511 509 508
f 508 506 504
f 504 502 500
f 500 498 496
f 493 491 490
f 484 482 480
f 476 474 473
f 473 471 469
f 467 465 463
f 460 458 457
f 457 456 454
f 446 444 443
f 437 987 983
f 981 978 974
f 974 971 967
f 966 963 959
f 954 953 950
f 948 945 942
f 939 937 934
f 933 930 929
f 928 924 921
f 915 911 910
f 906 905 902
f 894 891 890
f 890 888 884
f 883 880 879
f 879 875 874
f 869 866 862
f 862 859 857
f 851 847 845
f 845 844 840
f 828 827 823
f 822 818 817
f 815 811 808
f 808 805 804
f 796 792 791
f 781 777 773
f 773 769 765
f 764 762 759
f 759 758 755
f 749 748 744
f 744 741 739
f 737 734 733
f 726 723 722
f 722 719 718
f 712 709 708
f 701 698 694
f 689 686 683
f 682 681 678
f 677 674 670
f 670 666 665
f 664 663 659
f 659 656 655
f 652 649 648
f 647 644 641
f 641 640 636
f 631 629 625
f 625 621 620
f 616 613 612
f 612 609 607
f 603 602 598
f 592 591 588
f 588 585 581
f 580 576 575
f 575 572 569
f 567 564 563
f 559 558 554
f 554 553 549
f 547 544 542
f 534 530 529
f 528 527 523
f 523 520 519
f 515 512 511
f 508 504 500
f 500 496 494
f 494 493 490
f 485 484 480
f 478 476 473
f 473 469 467
f 467 463 462
f 462 460 457
f 457 454 452
f 446 443 442
f 437 983 982
f 982 981 974
f 974 967 966
f 966 959 958
f 954 950 949
f 942 939 934
f 929 928 921
f 906 902 901
f 894 890 884
f 883 879 874
f 870 869 862
f 852 851 845
f 845 840 837
f 830 828 823
f 822 817 815
f 796 791 790
f 781 773 765
f 764 759 755
f 749 744 739
f 738 737 733
f 726 722 718
f 712 708 705
f 702 701 694
f 682 678 677
f 677 670 665
f 665 664 659
f 652 648 647
f 647 641 636
f 631 625 620
f 616 612 607
f 606 603 598
f 588 581 580
f 575 569 567
f 563 559 554
f 554 549 548
f 548 547 542
f 535 534 529
f 529 528 523
f 515 511 508
f 500 494 490
f 485 480 479
f 478 473 467
f 467 462 457
f 457 452 451
f 448 446 442
f 438 437 982
f 966 958 957
f 942 934 933
f 929 921 918
f 906 901 898
f 897 894 884
f 884 883 874
f 871 870 862
f 853 852 845
f 830 823 822
f 796 790 788
f 784 781 765
f 764 755 754
f 751 749 739
f 738 733 732
f 726 718 717
f 715 712 705
f 702 694 693
f 683 682 677
f 677 665 659
f 652 647 636
f 634 631 620
f 606 598 597
f 588 580 575
f 575 567 563
f 563 554 548
f 548 542 541
f 535 529 523
f 485 479 478
f 467 457 451
f 449 448 442
f 439 438 982
f 942 933 929
f 929 918 916
f 910 906 898
f 897 884 874
f 871 862 857
f 853 845 837
f 831 830 822
f 797 796 788
f 785 784 765
f 764 754 752
f 752 751 739
f 738 732 730
f 726 717 716
f 716 715 705
f 703 702 693
f 689 683 677
f 677 659 655
f 652 636 635
f 634 620 619
f 606 597 594
f 588 575 563
f 563 548 541
f 536 535 523
f 467 451 450
f 449 442 441
f 440 439 982
f 948 942 929
f 929 916 915
f 910 898 897
f 897 874 871
f 871 857 856
f 854 853 837
f 831 822 815
f 797 788 787
f 786 785 765
f 764 752 739
f 739 738 730
f 716 705 704
f 689 677 655
f 652 635 634
f 634 619 616
f 606 594 592
f 588 563 541
f 537 536 523
f 440 982 974
f 948 929 915
f 910 897 871
f 871 856 855
f 800 797 787
f 787 786 765
f 764 739 730
f 716 704 703
f 693 689 655
f 652 634 616
f 592 588 541
f 538 537 523
f 441 440 974
f 915 910 871
f 800 787 765
f 764 730 726
f 716 703 693
f 653 652 616
f 606 592 541
f 538 523 519
f 449 441 974
f 915 871 855
f 800 765 764
f 764 726 716
f 716 693 655
f 653 616 607
f 606 541 539
f 539 538 519
f 449 974 966
f 948 915 855
f 800 764 716
f 716 655 654
f 653 607 606
f 606 539 519
f 450 449 966
f 949 948 855
f 803 800 716
f 654 653 606
f 606 519 516
f 467 450 966
f 949 855 854
f 803 716 654
f 654 606 516
f 467 966 957
f 949 854 837
f 815 808 804
f 804 803 654
f 654 516 515
f 467 957 956
f 954 949 837
f 804 654 515
f 467 956 955
f 954 837 836
f 804 515 508
f 478 467 955
f 804 508 500
f 478 955 954
f 815 804 500
f 478 954 836
f 815 500 490
f 485 478 836
f 815 490 489
f 486 485 836
f 815 489 487
f 487 486 836
f 487 836 834
f 995 994 993
f 993 992 991
f 991 990 989
f 989 996 995
f 995 993 991
f 991 989 995
f 1013 1012 1011
f 1010 1009 1008
f 1007 1006 1005
f 1005 1004 1003
f 1003 1002 1001
f 1001 1000 999
f 998 1013 1011
f 1010 1008 1007
f 1007 1005 1003
f 1003 1001 999
f 998 1011 1010
f 1010 1007 1003
f 1003 999 998
f 998 1010 1003
f 1237 1236 1235
f 1234 1233 1232
f 1232 1231 1230
f 1230 1229 1228
f 1227 1226 1225
f 1225 1224 1223
f 1222 1221 1220
f 1220 1219 1218
f 1218 1217 1216
f 1214 1213 1212
f 1211 1210 1209
f 1206 1205 1204
f 1203 1202 1201
f 1201 1200 1199
f 1198 1197 1196
f 1196 1195 1194
f 1193 1192 1191
f 1191 1190 1189
f 1187 1186 1185
f 1185 1184 1183
f 1183 1182 1181
f 1180 1179 1178
f 1178 1177 1176
f 1176 1175 1174
f 1173 1172 1171
f 1171 1170 1169
f 1169 1168 1167
f 1167 1166 1165
f 1163 1162 1161
f 1159 1158 1157
f 1155 1154 1153
f 1152 1151 1150
f 1150 1149 1148
f 1148 1147 1146
f 1146 1145 1144
f 1144 1143 1142
f 1140 1139 1138
f 1137 1136 1135
f 1134 1133 1132
f 1131 1130 1129
f 1128 1127 1126
f 1126 1125 1124
f 1124 1123 1122
f 1120 1119 1118
f 1117 1116 1115
f 1114 1113 1112
f 1112 1111 1110
f 1109 1108 1107
f 1107 1106 1105
f 1105 1104 1103
f 1103 1102 1101
f 1100 1099 1098
f 1098 1097 1096
f 1094 1093 1092
f 1091 1090 1089
f 1088 1087 1086
f 1085 1084 1083
f 1082 1081 1080
f 1080 1079 1078
f 1076 1075 1074
f 1072 1071 1070
f 1070 1069 1068
f 1067 1066 1065
f 1064 1063 1062
f 1062 1061 1060
f 1058 1057 1056
f 1053 1052 1051
f 1051 1050 1049
f 1049 1048 1047
f 1047 1046 1045
f 1044 1043 1042
f 1041 1040 1039
f 1039 1038 1037
f 1035 1034 1033
f 1033 1032 1031
f 1031 1030 1029
f 1029 1028 1027
f 1027 1026 1025
f 1024 1023 1022
f 1019 1018 1017
f 1017 1016 1015
f 1237 1235 1234
f 1232 1230 1228
f 1228 1227 1225
f 1225 1223 1222
f 1214 1212 1211
f 1211 1209 1208
f 1206 1204 1203
f 1203 1201 1199
f 1193 1191 1189
f 1187 1185 1183
f 1183 1181 1180
f 1178 1176 1174
f 1173 1171 1169
f 1167 1165 1164
f 1163 1161 1160
f 1155 1153 1152
f 1150 1148 1146
f 1144 1142 1141
f 1140 1138 1137
f 1134 1132 1131
f 1131 1129 1128
f 1124 1122 1121
f 1118 1117 1115
f 1114 1112 1110
f 1105 1103 1101
f 1098 1096 1095
f 1091 1089 1088
f 1088 1086 1085
f 1082 1080 1078
f 1077 1076 1074
f 1073 1072 1070
f 1068 1067 1065
f 1064 1062 1060
f 1058 1056 1055
f 1049 1047 1045
f 1045 1044 1042
f 1041 1039 1037
f 1035 1033 1031
f 1031 1029 1027
f 1024 1022 1021
f 1020 1019 1017
f 1237 1234 1232
f 1232 1228 1225
f 1225 1222 1220
f 1206 1203 1199
f 1194 1193 1189
f 1188 1187 1183
f 1178 1174 1173
f 1173 1169 1167
f 1163 1160 1159
f 1156 1155 1152
f 1152 1150 1146
f 1146 1144 1141
f 1141 1140 1137
f 1134 1131 1128
f 1118 1115 1114
f 1114 1110 1109
f 1107 1105 1101
f 1091 1088 1085
f 1082 1078 1077
f 1077 1074 1073
f 1073 1070 1068
f 1068 1065 1064
f 1064 1060 1059
f 1058 1055 1054
f 1051 1049 1045
f 1045 1042 1041
f 1041 1037 1036
f 1031 1027 1025
f 1024 1021 1020
f 1020 1017 1015
f 1237 1232 1225
f 1206 1199 1198
f 1194 1189 1188
f 1188 1183 1180
f 1178 1173 1167
f 1164 1163 1159
f 1156 1152 1146
f 1146 1141 1137
f 1134 1128 1126
f 1118 1114 1109
f 1107 1101 1100
f 1091 1085 1083
f 1083 1082 1077
f 1077 1073 1068
f 1064 1059 1058
f 1058 1054 1053
f 1051 1045 1041
f 1041 1036 1035
f 1024 1020 1015
f 1015 1237 1225
f 1206 1198 1196
f 1196 1194 1188
f 1180 1178 1167
f 1164 1159 1157
f 1156 1146 1137
f 1135 1134 1126
f 1120 1118 1109
f 1107 1100 1098
f 1092 1091 1083
f 1083 1077 1068
f 1064 1058 1053
f 1053 1051 1041
f 1041 1035 1031
f 1025 1024 1015
f 1015 1225 1220
f 1206 1196 1188
f 1180 1167 1164
f 1156 1137 1135
f 1135 1126 1124
f 1121 1120 1109
f 1094 1092 1083
f 1083 1068 1064
f 1064 1053 1041
f 1041 1031 1025
f 1025 1015 1220
f 1207 1206 1188
f 1180 1164 1157
f 1157 1156 1135
f 1135 1124 1121
f 1121 1109 1107
f 1083 1064 1041
f 1041 1025 1220
f 1207 1188 1180
f 1180 1157 1135
f 1135 1121 1107
f 1094 1083 1041
f 1041 1220 1218
f 1208 1207 1180
f 1180 1135 1107
f 1095 1094 1041
f 1041 1218 1216
f 1211 1208 1180
f 1180 1107 1098
f 1095 1041 1216
f 1214 1211 1180
f 1180 1098 1095
f 1095 1216 1215
f 1215 1214 1180
f 1180 1095 1215
f 1273 1272 1271
f 1270 1269 1268
f 1267 1266 1265
f 1265 1264 1263
f 1262 1261 1260
f 1259 1258 1257
f 1257 1256 1255
f 1254 1253 1252
f 1251 1250 1249
f 1248 1247 1246
f 1246 1245 1244
f 1244 1243 1242
f 1242 1241 1240
f 1240 1239 1274
f 1274 1273 1271
f 1270 1268 1267
f 1267 1265 1263
f 1262 1260 1259
f 1257 1255 1254
f 1254 1252 1251
f 1251 1249 1248
f 1248 1246 1244
f 1244 1242 1240
f 1240 1274 1271
f 1270 1267 1263
f 1262 1259 1257
f 1257 1254 1251
f 1248 1244 1240
f 1240 1271 1270
f 1270 1263 1262
f 1262 1257 1251
f 1251 1248 1240
f 1240 1270 1262
f 1262 1251 1240
f 1283 1282 1281
f 1281 1280 1279
f 1278 1277 1276
f 1276 1283 1281
f 1281 1279 1278
f 1278 1276 1281
f 1318 1317 1316
f 1316 1315 1314
f 1312 1311 1310
f 1310 1309 1308
f 1308 1307 1306
f 1306 1305 1304
f 1303 1302 1301
f 1299 1298 1297
f 1297 1296 1295
f 1295 1294 1293
f 1292 1291 1290
f 1289 1288 1287
f 1287 1286 1285
f 1318 1316 1314
f 1312 1310 1308
f 1306 1304 1303
f 1303 1301 1300
f 1299 1297 1295
f 1295 1293 1292
f 1292 1290 1289
f 1289 1287 1285
f 1285 1318 1314
f 1313 1312 1308
f 1308 1306 1303
f 1300 1299 1295
f 1295 1292 1289
f 1289 1285 1314
f 1313 1308 1303
f 1300 1295 1289
f 1289 1314 1313
f 1313 1303 1300
f 1300 1289 1313
f 1331 1330 1329
f 1328 1327 1326
f 1325 1324 1323
f 1322 1321 1320
f 1320 1331 1329
f 1329 1328 1326
f 1326 1325 1323
f 1322 1320 1329
f 1329 1326 1323
f 1323 1322 1329
f 1346 1345 1344
f 1343 1342 1341
f 1340 1339 1338
f 1338 1337 1336
f 1335 1334 1333
f 1333 1346 1344
f 1343 1341 1340
f 1340 1338 1336
f 1336 1335 1333
f 1333 1344 1343
f 1343 1340 1336
f 1336 1333 1343
f 1371 1370 1369
f 1368 1367 1366
f 1365 1364 1363
f 1363 1362 1361
f 1361 1360 1359
f 1358 1357 1356
f 1356 1355 1354
f 1352 1351 1350
f 1350 1349 1348
f 1348 1371 1369
f 1368 1366 1365
f 1365 1363 1361
f 1361 1359 1358
f 1358 1356 1354
f 1350 1348 1369
f 1368 1365 1361
f 1361 1358 1354
f 1352 1350 1369
f 1369 1368 1361
f 1361 1354 1353
f 1352 1369 1361
f 1361 1353 1352
f 1407 1406 1405
f 1405 1404 1403
f 1403 1402 1401
f 1401 1400 1399
f 1399 1398 1397
f 1397 1396 1395
f 1394 1393 1392
f 1392 1391 1390
f 1390 1389 1388
f 1388 1387 1386
f 1385 1384 1383
f 1382 1381 1380
f 1380 1379 1378
f 1377 1376 1375
f 1373 1410 1409
f 1408 1407 1405
f 1405 1403 1401
f 1401 1399 1397
f 1395 1394 1392
f 1392 1390 1388
f 1385 1383 1382
f 1382 1380 1378
f 1377 1375 1374
f 1374 1373 1409
f 1408 1405 1401
f 1401 1397 1395
f 1395 1392 1388
f 1386 1385 1382
f 1382 1378 1377
f 1377 1374 1409
f 1408 1401 1395
f 1395 1388 1386
f 1386 1382 1377
f 1377 1409 1408
f 1408 1395 1386
f 1386 1377 1408
f 1446 1445 1444
f 1441 1440 1439
f 1439 1438 1437
f 1436 1435 1434
f 1434 1433 1432
f 1431 1430 1429
f 1428 1427 1426
f 1426 1425 1424
f 1424 1423 1422
f 1422 1421 1420
f 1416 1415 1414
f 1413 1412 1446
f 1446 1444 1443
f 1441 1439 1437
f 1436 1434 1432
f 1431 1429 1428
f 1428 1426 1424
f 1424 1422 1420
f 1416 1414 1413
f 1413 1446 1443
f 1442 1441 1437
f 1436 1432 1431
f 1431 1428 1424
f 1424 1420 1419
f 1417 1416 1413
f 1413 1443 1442
f 1442 1437 1436
f 1436 1431 1424
f 1417 1413 1442
f 1442 1436 1424
f 1418 1417 1442
f 1442 1424 1419
f 1419 1418 1442
f 1474 1473 1472
f 1471 1470 1469
f 1468 1467 1466
f 1466 1465 1464
f 1463 1462 1461
f 1459 1458 1457
f 1456 1455 1454
f 1454 1453 1452
f 1450 1449 1448
f 1448 1474 1472
f 1471 1469 1468
f 1468 1466 1464
f 1463 1461 1460
f 1460 1459 1457
f 1457 1456 1454
f 1454 1452 1451
f 1450 1448 1472
f 1471 1468 1464
f 1463 1460 1457
f 1457 1454 1451
f 1451 1450 1472
f 1471 1464 1463
f 1463 1457 1451
f 1451 1472 1471
f 1471 1463 1451
f 1482 1481 1480
f 1480 1479 1478
f 1477 1476 1482
f 1480 1478 1477
f 1477 1482 1480
f 1488 1487 1486
f 1486 1485 1484
f 1484 1488 1486
f 1495 1494 1493
f 1492 1491 1490
f 1495 1493 1492
f 1492 1490 1495
f 1517 1516 1515
f 1515 1514 1513
f 1512 1511 1510
f 1509 1508 1507
f 1506 1505 1504
f 1501 1500 1499
f 1498 1497 1517
f 1517 1515 1513
f 1512 1510 1509
f 1509 1507 1506
f 1506 1504 1503
f 1502 1501 1499
f 1498 1517 1513
f 1513 1512 1509
f 1509 1506 1503
f 1503 1502 1499
f 1499 1498 1513
f 1513 1509 1503
f 1503 1499 1513
f 1561 1560 1559
f 1558 1557 1556
f 1556 1555 1554
f 1551 1550 1549
f 1549 1548 1547
f 1547 1546 1545
f 1545 1544 1543
f 1542 1541 1540
f 1538 1537 1536
f 1536 1535 1534
f 1534 1533 1532
f 1531 1530 1529
f 1529 1528 1527
f 1527 1526 1525
f 1524 1523 1522
f 1522 1521 1520
f 1519 1561 1559
f 1558 1556 1554
f 1551 1549 1547
f 1547 1545 1543
f 1543 1542 1540
f 1538 1536 1534
f 1534 1532 1531
f 1531 1529 1527
f 1527 1525 1524
f 1520 1519 1559
f 1559 1558 1554
f 1551 1547 1543
f 1543 1540 1539
f 1539 1538 1534
f 1534 1531 1527
f 1527 1524 1522
f 1520 1559 1554
f 1552 1551 1543
f 1539 1534 1527
f 1527 1522 1520
f 1520 1554 1553
f 1552 1543 1539
f 1539 1527 1520
f 1520 1553 1552
f 1552 1539 1520
f 1580 1579 1578
f 1577 1576 1575
f 1575 1574 1573
f 1573 1572 1571
f 1571 1570 1569
f 1568 1567 1566
f 1565 1564 1563
f 1581 1580 1578
f 1577 1575 1573
f 1571 1569 1568
f 1568 1566 1565
f 1565 1563 1581
f 1581 1578 1577
f 1577 1573 1571
f 1571 1568 1565
f 1565 1581 1577
f 1577 1571 1565
f 1641 1640 1639
f 1634 1633 1632
f 1631 1630 1629
f 1629 1628 1627
f 1626 1625 1624
f 1623 1622 1621
f 1620 1619 1618
f 1617 1616 1615
f 1615 1614 1613
f 1612 1611 1610
f 1610 1609 1608
f 1607 1606 1605
f 1604 1603 1602
f 1602 1601 1600
f 1599 1598 1597
f 1597 1596 1595
f 1595 1594 1593
f 1593 1592 1591
f 1591 1590 1589
f 1589 1588 1587
f 1585 1584 1583
f 1583 1641 1639
f 1635 1634 1632
f 1631 1629 1627
f 1627 1626 1624
f 1623 1621 1620
f 1620 1618 1617
f 1617 1615 1613
f 1612 1610 1608
f 1605 1604 1602
f 1602 1600 1599
f 1599 1597 1595
f 1595 1593 1591
f 1591 1589 1587
f 1586 1585 1583
f 1583 1639 1638
f 1635 1632 1631
f 1631 1627 1624
f 1623 1620 1617
f 1612 1608 1607
f 1607 1605 1602
f 1602 1599 1595
f 1595 1591 1587
f 1586 1583 1638
f 1635 1631 1624
f 1624 1623 1617
f 1613 1612 1607
f 1607 1602 1595
f 1595 1587 1586
f 1586 1638 1637
f 1636 1635 1624
f 1624 1617 1613
f 1613 1607 1595
f 1595 1586 1637
f 1637 1636 1624
f 1624 1613 1595
f 1595 1637 1624
f 1843 1842 1841
f 1838 1837 1836
f 1836 1835 1834
f 1834 1833 1832
f 1831 1830 1829
f 1829 1828 1827
f 1824 1823 1822
f 1821 1820 1819
f 1819 1818 1817
f 1817 1816 1815
f 1815 1814 1813
f 1813 1812 1811
f 1810 1809 1808
f 1807 1806 1805
f 1805 1804 1803
f 1803 1802 1801
f 1799 1798 1797
f 1796 1795 1794
f 1794 1793 1792
f 1792 1791 1790
f 1789 1788 1787
f 1786 1785 1784
f 1783 1782 1781
f 1781 1780 1779
f 1776 1775 1774
f 1773 1772 1771
f 1770 1769 1768
f 1766 1765 1764
f 1764 1763 1762
f 1761 1760 1759
f 1757 1756 1755
f 1754 1753 1752
f 1751 1750 1749
f 1749 1748 1747
f 1745 1744 1743
f 1743 1742 1741
f 1741 1740 1739
f 1739 1738 1737
f 1735 1734 1733
f 1732 1731 1730
f 1729 1728 1727
f 1727 1726 1725
f 1724 1723 1722
f 1720 1719 1718
f 1718 1717 1716
f 1713 1712 1711
f 1711 1710 1709
f 1708 1707 1706
f 1706 1705 1704
f 1704 1703 1702
f 1701 1700 1699
f 1699 1698 1697
f 1696 1695 1694
f 1693 1692 1691
f 1690 1689 1688
f 1687 1686 1685
f 1685 1684 1683
f 1682 1681 1680
f 1680 1679 1678
f 1677 1676 1675
f 1674 1673 1672
f 1671 1670 1669
f 1666 1665 1664
f 1664 1663 1662
f 1662 1661 1660
f 1657 1656 1655
f 1655 1654 1653
f 1650 1649 1648
f 1645 1644 1643
f 1643 1844 1843
f 1838 1836 1834
f 1834 1832 1831
f 1831 1829 1827
f 1822 1821 1819
f 1819 1817 1815
f 1815 1813 1811
f 1810 1808 1807
f 1807 1805 1803
f 1803 1801 1800
f 1799 1797 1796
f 1794 1792 1790
f 1786 1784 1783
f 1783 1781 1779
f 1776 1774 1773
f 1773 1771 1770
f 1770 1768 1767
f 1766 1764 1762
f 1762 1761 1759
f 1755 1754 1752
f 1751 1749 1747
f 1746 1745 1743
f 1743 1741 1739
f 1739 1737 1736
f 1733 1732 1730
f 1727 1725 1724
f 1724 1722 1721
f 1720 1718 1716
f 1713 1711 1709
f 1706 1704 1702
f 1702 1701 1699
f 1699 1697 1696
f 1696 1694 1693
f 1693 1691 1690
f 1687 1685 1683
f 1682 1680 1678
f 1675 1674 1672
f 1671 1669 1668
f 1667 1666 1664
f 1664 1662 1660
f 1657 1655 1653
f 1651 1650 1648
f 1646 1645 1643
f 1643 1843 1841
f 1839 1838 1834
f 1834 1831 1827
f 1822 1819 1815
f 1810 1807 1803
f 1803 1800 1799
f 1799 1796 1794
f 1794 1790 1789
f 1786 1783 1779
f 1773 1770 1767
f 1766 1762 1759
f 1755 1752 1751
f 1751 1747 1746
f 1743 1739 1736
f 1727 1724 1721
f 1720 1716 1715
f 1713 1709 1708
f 1706 1702 1699
f 1696 1693 1690
f 1687 1683 1682
f 1675 1672 1671
f 1667 1664 1660
f 1658 1657 1653
f 1652 1651 1648
f 1646 1643 1841
f 1840 1839 1834
f 1834 1827 1826
f 1824 1822 1815
f 1810 1803 1799
f 1786 1779 1778
f 1776 1773 1767
f 1755 1751 1746
f 1746 1743 1736
f 1729 1727 1721
f 1720 1715 1714
f 1713 1708 1706
f 1706 1699 1696
f 1696 1690 1688
f 1687 1682 1678
f 1677 1675 1671
f 1667 1660 1659
f 1658 1653 1652
f 1652 1648 1647
f 1646 1841 1840
f 1840 1834 1826
f 1825 1824 1815
f 1811 1810 1799
f 1786 1778 1777
f 1776 1767 1766
f 1757 1755 1746
f 1746 1736 1735
f 1729 1721 1720
f 1713 1706 1696
f 1696 1688 1687
f 1687 1678 1677
f 1667 1659 1658
f 1646 1840 1826
f 1825 1815 1811
f 1811 1799 1794
f 1787 1786 1777
f 1776 1766 1759
f 1757 1746 1735
f 1729 1720 1714
f 1714 1713 1696
f 1668 1667 1658
f 1647 1646 1826
f 1826 1825 1811
f 1811 1794 1789
f 1787 1777 1776
f 1758 1757 1735
f 1730 1729 1714
f 1714 1696 1687
f 1668 1658 1652
f 1652 1647 1826
f 1826 1811 1789
f 1787 1776 1759
f 1758 1735 1733
f 1733 1730 1714
f 1714 1687 1677
f 1671 1668 1652
f 1652 1826 1789
f 1789 1787 1759
f 1759 1758 1733
f 1733 1714 1677
f 1671 1652 1789
f 1789 1759 1733
f 1733 1677 1671
f 1671 1789 1733
f 1852 1851 1850
f 1850 1849 1848
f 1848 1847 1846
f 1846 1852 1850
f 1850 1848 1846
f 1865 1864 1863
f 1863 1862 1861
f 1861 1860 1859
f 1859 1858 1857
f 1857 1856 1855
f 1855 1854 1865
f 1865 1863 1861
f 1861 1859 1857
f 1857 1855 1865
f 1865 1861 1857
f 1905 1904 1903
f 1902 1901 1900
f 1900 1899 1898
f 1898 1897 1896
f 1896 1895 1894
f 1892 1891 1890
f 1890 1889 1888
f 1888 1887 1886
f 1884 1883 1882
f 1882 1881 1880
f 1879 1878 1877
f 1875 1874 1873
f 1871 1870 1869
f 1868 1867 1905
f 1905 1903 1902
f 1900 1898 1896
f 1896 1894 1893
f 1892 1890 1888
f 1885 1884 1882
f 1882 1880 1879
f 1879 1877 1876
f 1876 1875 1873
f 1872 1871 1869
f 1868 1905 1902
f 1902 1900 1896
f 1896 1893 1892
f 1892 1888 1886
f 1885 1882 1879
f 1879 1876 1873
f 1872 1869 1868
f 1868 1902 1896
f 1896 1892 1886
f 1885 1879 1873
f 1872 1868 1896
f 1896 1886 1885
f 1885 1873 1872
f 1872 1896 1885
f 1966 1965 1964
f 1963 1962 1961
f 1961 1960 1959
f 1958 1957 1956
f 1954 1953 1952
f 1948 1947 1946
f 1946 1945 1944
f 1943 1942 1941
f 1941 1940 1939
f 1937 1936 1935
f 1935 1934 1933
f 1932 1931 1930
f 1929 1928 1927
f 1924 1923 1922
f 1921 1920 1919
f 1919 1918 1917
f 1916 1915 1914
f 1913 1912 1911
f 1910 1909 1908
f 1907 1967 1966
f 1966 1964 1963
f 1963 1961 1959
f 1958 1956 1955
f 1954 1952 1951
f 1949 1948 1946
f 1946 1944 1943
f 1941 1939 1938
f 1937 1935 1933
f 1932 1930 1929
f 1929 1927 1926
f 1924 1922 1921
f 1921 1919 1917
f 1916 1914 1913
f 1910 1908 1907
f 1907 1966 1963
f 1963 1959 1958
f 1958 1955 1954
f 1954 1951 1950
f 1949 1946 1943
f 1941 1938 1937
f 1937 1933 1932
f 1932 1929 1926
f 1925 1924 1921
f 1916 1913 1911
f 1910 1907 1963
f 1963 1958 1954
f 1954 1950 1949
f 1949 1943 1941
f 1941 1937 1932
f 1932 1926 1925
f 1925 1921 1917
f 1917 1916 1911
f 1911 1910 1963
f 1963 1954 1949
f 1949 1941 1932
f 1932 1925 1917
f 1917 1911 1963
f 1963 1949 1932
f 1932 1917 1963
f 1976 1975 1974
f 1974 1973 1972
f 1972 1971 1970
f 1976 1974 1972
f 1972 1970 1969
f 1969 1976 1972
f 1984 1983 1982
f 1982 1981 1980
f 1980 1979 1978
f 1978 1984 1982
f 1982 1980 1978
f 2000 1999 1998
f 1997 1996 1995
f 1995 1994 1993
f 1993 1992 1991
f 1990 1989 1988
f 1988 1987 1986
f 1986 2000 1998
f 1998 1997 1995
f 1995 1993 1991
f 1990 1988 1986
f 1986 1998 1995
f 1995 1991 1990
f 1990 1986 1995
f 2033 2032 2031
f 2031 2030 2029
f 2029 2028 2027
f 2027 2026 2025
f 2025 2024 2023
f 2023 2022 2021
f 2020 2019 2018
f 2016 2015 2014
f 2014 2013 2012
f 2011 2010 2009
f 2009 2008 2007
f 2005 2004 2003
f 2033 2031 2029
f 2029 2027 2025
f 2025 2023 2021
f 2020 2018 2017
f 2016 2014 2012
f 2012 2011 2009
f 2009 2007 2006
f 2005 2003 2002
f 2002 2033 2029
f 2021 2020 2017
f 2017 2016 2012
f 2012 2009 2006
f 2006 2005 2002
f 2002 2029 2025
f 2025 2021 2017
f 2017 2012 2006
f 2006 2002 2025
f 2025 2017 2006
f 2046 2045 2044
f 2043 2042 2041
f 2041 2040 2039
f 2046 2044 2043
f 2043 2041 2039
f 2046 2043 2039
f 2039 2038 2047
f 2047 2046 2039
f 2055 2054 2053
f 2053 2052 2051
f 2051 2050 2049
f 2049 2055 2053
f 2053 2051 2049
f 2062 2061 2060
f 2060 2059 2058
f 2058 2057 2062
f 2062 2060 2058
f 2082 2081 2080
f 2079 2078 2077
f 2077 2076 2075
f 2074 2073 2072
f 2072 2071 2070
f 2069 2068 2067
f 2066 2065 2064
f 2064 2082 2080
f 2080 2079 2077
f 2077 2075 2074
f 2072 2070 2069
f 2069 2067 2066
f 2066 2064 2080
f 2080 2077 2074
f 2074 2072 2069
f 2069 2066 2080
f 2080 2074 2069
f 2091 2090 2089
f 2089 2088 2087
f 2087 2086 2085
f 2085 2084 2091
f 2091 2089 2087
f 2087 2085 2091
f 2101 2100 2099
f 2099 2098 2097
f 2097 2096 2095
f 2094 2093 2102
f 2102 2101 2099
f 2099 2097 2095
f 2094 2102 2099
f 2099 2095 2094
f 2373 2372 2371
f 2371 2370 2369
f 2369 2368 2367
f 2364 2363 2362
f 2362 2361 2360
f 2360 2359 2358
f 2358 2357 2356
f 2356 2355 2354
f 2354 2353 2352
f 2351 2350 2349
f 2347 2346 2345
f 2343 2342 2341
f 2338 2337 2336
f 2334 2333 2332
f 2332 2331 2330
f 2328 2327 2326
f 2325 2324 2323
f 2321 2320 2319
f 2319 2318 2317
f 2314 2313 2312
f 2311 2310 2309
f 2308 2307 2306
f 2304 2303 2302
f 2301 2300 2299
f 2299 2298 2297
f 2296 2295 2294
f 2294 2293 2292
f 2287 2286 2285
f 2284 2283 2282
f 2281 2280 2279
f 2277 2276 2275
f 2275 2274 2273
f 2268 2267 2266
f 2266 2265 2264
f 2263 2262 2261
f 2259 2258 2257
f 2254 2253 2252
f 2252 2251 2250
f 2250 2249 2248
f 2247 2246 2245
f 2245 2244 2243
f 2240 2239 2238
f 2238 2237 2236
f 2234 2233 2232
f 2232 2231 2230
f 2230 2229 2228
f 2227 2226 2225
f 2224 2223 2222
f 2220 2219 2218
f 2218 2217 2216
f 2215 2214 2213
f 2212 2211 2210
f 2206 2205 2204
f 2204 2203 2202
f 2200 2199 2198
f 2198 2197 2196
f 2194 2193 2192
f 2191 2190 2189
f 2189 2188 2187
f 2187 2186 2185
f 2185 2184 2183
f 2182 2181 2180
f 2180 2179 2178
f 2177 2176 2175
f 2173 2172 2171
f 2170 2169 2168
f 2168 2167 2166
f 2166 2165 2164
f 2163 2162 2161
f 2161 2160 2159
f 2159 2158 2157
f 2153 2152 2151
f 2145 2144 2143
f 2142 2141 2140
f 2140 2139 2138
f 2138 2137 2136
f 2135 2134 2133
f 2129 2128 2127
f 2126 2125 2124
f 2123 2122 2121
f 2121 2120 2119
f 2119 2118 2117
f 2116 2115 2114
f 2114 2113 2112
f 2112 2111 2110
f 2107 2106 2105
f 2104 2374 2373
f 2373 2371 2369
f 2369 2367 2366
f 2362 2360 2358
f 2354 2352 2351
f 2351 2349 2348
f 2347 2345 2344
f 2343 2341 2340
f 2338 2336 2335
f 2332 2330 2329
f 2328 2326 2325
f 2325 2323 2322
f 2321 2319 2317
f 2315 2314 2312
f 2311 2309 2308
f 2308 2306 2305
f 2304 2302 2301
f 2299 2297 2296
f 2296 2294 2292
f 2287 2285 2284
f 2281 2279 2278
f 2278 2277 2275
f 2275 2273 2272
f 2268 2266 2264
f 2263 2261 2260
f 2260 2259 2257
f 2254 2252 2250
f 2250 2248 2247
f 2247 2245 2243
f 2241 2240 2238
f 2235 2234 2232
f 2232 2230 2228
f 2224 2222 2221
f 2220 2218 2216
f 2215 2213 2212
f 2206 2204 2202
f 2194 2192 2191
f 2191 2189 2187
f 2185 2183 2182
f 2180 2178 2177
f 2177 2175 2174
f 2171 2170 2168
f 2168 2166 2164
f 2164 2163 2161
f 2159 2157 2156
f 2154 2153 2151
f 2146 2145 2143
f 2140 2138 2136
f 2136 2135 2133
f 2126 2124 2123
f 2121 2119 2117
f 2116 2114 2112
f 2112 2110 2109
f 2107 2105 2104
f 2373 2369 2366
f 2362 2358 2356
f 2354 2351 2348
f 2343 2340 2339
f 2339 2338 2335
f 2332 2329 2328
f 2328 2325 2322
f 2322 2321 2317
f 2316 2315 2312
f 2305 2304 2301
f 2299 2296 2292
f 2288 2287 2284
f 2281 2278 2275
f 2268 2264 2263
f 2263 2260 2257
f 2254 2250 2247
f 2247 2243 2242
f 2241 2238 2236
f 2235 2232 2228
f 2224 2221 2220
f 2220 2216 2215
f 2215 2212 2210
f 2207 2206 2202
f 2195 2194 2191
f 2191 2187 2185
f 2185 2182 2180
f 2180 2177 2174
f 2171 2168 2164
f 2164 2161 2159
f 2154 2151 2150
f 2146 2143 2142
f 2142 2140 2136
f 2126 2123 2121
f 2121 2117 2116
f 2116 2112 2109
f 2108 2107 2104
f 2104 2373 2366
f 2356 2354 2348
f 2343 2339 2335
f 2332 2328 2322
f 2322 2317 2316
f 2316 2312 2311
f 2305 2301 2299
f 2299 2292 2291
f 2289 2288 2284
f 2281 2275 2272
f 2255 2254 2247
f 2241 2236 2235
f 2225 2224 2220
f 2220 2215 2210
f 2208 2207 2202
f 2196 2195 2191
f 2191 2185 2180
f 2180 2174 2173
f 2171 2164 2159
f 2155 2154 2150
f 2147 2146 2142
f 2127 2126 2121
f 2121 2116 2109
f 2108 2104 2366
f 2362 2356 2348
f 2343 2335 2334
f 2334 2332 2322
f 2322 2316 2311
f 2305 2299 2291
f 2290 2289 2284
f 2256 2255 2247
f 2242 2241 2235
f 2220 2210 2209
f 2196 2191 2180
f 2173 2171 2159
f 2147 2142 2136
f 2127 2121 2109
f 2108 2366 2365
f 2362 2348 2347
f 2343 2334 2322
f 2322 2311 2308
f 2308 2305 2291
f 2291 2290 2284
f 2257 2256 2247
f 2225 2220 2209
f 2198 2196 2180
f 2180 2173 2159
f 2148 2147 2136
f 2129 2127 2109
f 2108 2365 2364
f 2344 2343 2322
f 2322 2308 2291
f 2291 2284 2282
f 2257 2247 2242
f 2225 2209 2208
f 2200 2198 2180
f 2180 2159 2156
f 2130 2129 2109
f 2108 2364 2362
f 2347 2344 2322
f 2322 2291 2282
f 2263 2257 2242
f 2225 2208 2202
f 2200 2180 2156
f 2130 2109 2108
f 2108 2362 2347
f 2347 2322 2282
f 2263 2242 2235
f 2227 2225 2202
f 2200 2156 2155
f 2130 2108 2347
f 2347 2282 2281
f 2268 2263 2235
f 2228 2227 2202
f 2200 2155 2150
f 2131 2130 2347
f 2347 2281 2272
f 2269 2268 2235
f 2228 2202 2201
f 2200 2150 2149
f 2132 2131 2347
f 2347 2272 2271
f 2270 2269 2235
f 2235 2228 2201
f 2200 2149 2148
f 2133 2132 2347
f 2347 2271 2270
f 2235 2201 2200
f 2200 2148 2136
f 2136 2133 2347
f 2347 2270 2235
f 2235 2200 2136
f 2136 2347 2235
f 2419 2418 2417
f 2417 2416 2415
f 2415 2414 2413
f 2413 2412 2411
f 2411 2410 2409
f 2407 2406 2405
f 2405 2404 2403
f 2401 2400 2399
f 2399 2398 2397
f 2396 2395 2394
f 2394 2393 2392
f 2392 2391 2390
f 2388 2387 2386
f 2386 2385 2384
f 2384 2383 2382
f 2381 2380 2379
f 2378 2377 2376
f 2376 2419 2417
f 2417 2415 2413
f 2413 2411 2409
f 2407 2405 2403
f 2402 2401 2399
f 2396 2394 2392
f 2392 2390 2389
f 2388 2386 2384
f 2381 2379 2378
f 2378 2376 2417
f 2417 2413 2409
f 2408 2407 2403
f 2402 2399 2397
f 2397 2396 2392
f 2392 2389 2388
f 2388 2384 2382
f 2381 2378 2417
f 2417 2409 2408
f 2408 2403 2402
f 2402 2397 2392
f 2392 2388 2382
f 2381 2417 2408
f 2408 2402 2392
f 2392 2382 2381
f 2381 2408 2392
f 2425 2424 2423
f 2423 2422 2421
f 2421 2425 2423
f 2436 2435 2434
f 2434 2433 2432
f 2432 2431 2430
f 2428 2427 2436
f 2436 2434 2432
f 2432 2430 2429
f 2429 2428 2436
f 2436 2432 2429
f 2509 2508 2507
f 2507 2506 2505
f 2505 2504 2503
f 2503 2502 2501
f 2500 2499 2498
f 2498 2497 2496
f 2496 2495 2494
f 2493 2492 2491
f 2488 2487 2486
f 2484 2483 2482
f 2482 2481 2480
f 2477 2476 2475
f 2475 2474 2473
f 2473 2472 2471
f 2470 2469 2468
f 2468 2467 2466
f 2466 2465 2464
f 2461 2460 2459
f 2459 2458 2457
f 2456 2455 2454
f 2453 2452 2451
f 2451 2450 2449
f 2449 2448 2447
f 2447 2446 2445
f 2445 2444 2443
f 2442 2441 2440
f 2440 2439 2438
f 2438 2509 2507
f 2507 2505 2503
f 2503 2501 2500
f 2500 2498 2496
f 2494 2493 2491
f 2488 2486 2485
f 2485 2484 2482
f 2482 2480 2479
f 2477 2475 2473
f 2473 2471 2470
f 2470 2468 2466
f 2461 2459 2457
f 2456 2454 2453
f 2453 2451 2449
f 2447 2445 2443
f 2442 2440 2438
f 2438 2507 2503
f 2503 2500 2496
f 2494 2491 2490
f 2485 2482 2479
f 2478 2477 2473
f 2470 2466 2464
f 2462 2461 2457
f 2453 2449 2447
f 2447 2443 2442
f 2442 2438 2503
f 2485 2479 2478
f 2478 2473 2470
f 2470 2464 2463
f 2462 2457 2456
f 2453 2447 2442
f 2442 2503 2496
f 2488 2485 2478
f 2478 2470 2463
f 2462 2456 2453
f 2453 2442 2496
f 2488 2478 2463
f 2463 2462 2453
f 2453 2496 2494
f 2489 2488 2463
f 2453 2494 2490
f 2490 2489 2463
f 2463 2453 2490
f 2524 2523 2522
f 2522 2521 2520
f 2519 2518 2517
f 2517 2516 2515
f 2514 2513 2512
f 2511 2524 2522
f 2522 2520 2519
f 2519 2517 2515
f 2514 2512 2511
f 2511 2522 2519
f 2519 2515 2514
f 2514 2511 2519
f 2535 2534 2533
f 2533 2532 2531
f 2531 2530 2529
f 2529 2528 2527
f 2527 2526 2535
f 2535 2533 2531
f 2531 2529 2527
f 2527 2535 2531
f 2549 2548 2547
f 2547 2546 2545
f 2545 2544 2543
f 2542 2541 2540
f 2540 2539 2538
f 2538 2537 2552
f 2550 2549 2547
f 2547 2545 2543
f 2542 2540 2538
f 2538 2552 2551
f 2550 2547 2543
f 2542 2538 2551
f 2551 2550 2543
f 2543 2542 2551
f 2560 2559 2558
f 2558 2557 2556
f 2556 2555 2554
f 2554 2560 2558
f 2558 2556 2554
f 2572 2571 2570
f 2570 2569 2568
f 2567 2566 2565
f 2565 2564 2563
f 2563 2562 2573
f 2572 2570 2568
f 2567 2565 2563
f 2563 2573 2572
f 2572 2568 2567
f 2567 2563 2572
f 2595 2594 2593
f 2593 2592 2591
f 2590 2589 2588
f 2588 2587 2586
f 2586 2585 2584
f 2584 2583 2582
f 2582 2581 2580
f 2580 2579 2578
f 2578 2577 2576
f 2575 2595 2593
f 2590 2588 2586
f 2584 2582 2580
f 2580 2578 2576
f 2575 2593 2591
f 2591 2590 2586
f 2580 2576 2575
f 2591 2586 2584
f 2580 2575 2591
f 2591 2584 2580
f 2623 2622 2621
f 2621 2620 2619
f 2618 2617 2616
f 2616 2615 2614
f 2614 2613 2612
f 2612 2611 2610
f 2610 2609 2608
f 2608 2607 2606
f 2606 2605 2604
f 2604 2603 2602
f 2602 2601 2600
f 2600 2599 2598
f 2597 2623 2621
f 2618 2616 2614
f 2612 2610 2608
f 2608 2606 2604
f 2600 2598 2597
f 2597 2621 2619
f 2619 2618 2614
f 2614 2612 2608
f 2600 2597 2619
f 2614 2608 2604
f 2602 2600 2619
f 2614 2604 2602
f 2602 2619 2614
f 2634 2633 2632
f 2632 2631 2630
f 2630 2629 2628
f 2627 2626 2625
f 2625 2635 2634
f 2634 2632 2630
f 2630 2628 2627
f 2627 2625 2634
f 2634 2630 2627
f 2642 2641 2640
f 2640 2639 2638
f 2638 2637 2642
f 2642 2640 2638
f 2649 2648 2647
f 2647 2646 2645
f 2645 2644 2649
f 2649 2647 2645
f 2656 2655 2654
f 2654 2653 2652
f 2652 2651 2656
f 2656 2654 2652
f 2665 2664 2663
f 2663 2662 2661
f 2661 2660 2659
f 2659 2658 2665
f 2665 2663 2661
f 2661 2659 2665
f 2676 2675 2674
f 2674 2673 2672
f 2671 2670 2669
f 2669 2668 2667
f 2667 2676 2674
f 2674 2672 2671
f 2671 2669 2667
f 2667 2674 2671
f 2697 2696 2695
f 2694 2693 2692
f 2691 2690 2689
f 2689 2688 2687
f 2687 2686 2685
f 2685 2684 2683
f 2683 2682 2681
f 2681 2680 2679
f 2679 2678 2697
f 2697 2695 2694
f 2694 2692 2691
f 2691 2689 2687
f 2685 2683 2681
f 2681 2679 2697
f 2697 2694 2691
f 2691 2687 2685
f 2685 2681 2697
f 2697 2691 2685
f 2762 2761 2760
f 2759 2758 2757
f 2757 2756 2755
f 2754 2753 2752
f 2750 2749 2748
f 2748 2747 2746
f 2746 2745 2744
f 2741 2740 2739
f 2739 2738 2737
f 2736 2735 2734
f 2732 2731 2730
f 2729 2728 2727
f 2726 2725 2724
f 2724 2723 2722
f 2722 2721 2720
f 2719 2718 2717
f 2717 2716 2715
f 2714 2713 2712
f 2712 2711 2710
f 2710 2709 2708
f 2708 2707 2706
f 2704 2703 2702
f 2702 2701 2700
f 2700 2699 2762
f 2762 2760 2759
f 2759 2757 2755
f 2754 2752 2751
f 2751 2750 2748
f 2748 2746 2744
f 2741 2739 2737
f 2736 2734 2733
f 2732 2730 2729
f 2729 2727 2726
f 2726 2724 2722
f 2717 2715 2714
f 2712 2710 2708
f 2708 2706 2705
f 2704 2702 2700
f 2700 2762 2759
f 2759 2755 2754
f 2754 2751 2748
f 2748 2744 2743
f 2742 2741 2737
f 2736 2733 2732
f 2732 2729 2726
f 2726 2722 2720
f 2719 2717 2714
f 2712 2708 2705
f 2705 2704 2700
f 2700 2759 2754
f 2754 2748 2743
f 2742 2737 2736
f 2732 2726 2720
f 2719 2714 2712
f 2712 2705 2700
f 2700 2754 2743
f 2742 2736 2732
f 2732 2720 2719
f 2700 2743 2742
f 2742 2732 2719
f 2712 2700 2742
f 2742 2719 2712
f 2786 2785 2784
f 2784 2783 2782
f 2782 2781 2780
f 2780 2779 2778
f 2777 2776 2775
f 2775 2774 2773
f 2773 2772 2771
f 2770 2769 2768
f 2768 2767 2766
f 2765 2764 2786
f 2786 2784 2782
f 2782 2780 2778
f 2777 2775 2773
f 2773 2771 2770
f 2770 2768 2766
f 2765 2786 2782
f 2782 2778 2777
f 2777 2773 2770
f 2770 2766 2765
f 2765 2782 2777
f 2777 2770 2765
f 2806 2805 2804
f 2801 2800 2799
f 2799 2798 2797
f 2797 2796 2795
f 2795 2794 2793
f 2793 2792 2791
f 2791 2790 2789
f 2788 2806 2804
f 2801 2799 2797
f 2797 2795 2793
f 2793 2791 2789
f 2788 2804 2803
f 2802 2801 2797
f 2793 2789 2788
f 2788 2803 2802
f 2802 2797 2793
f 2793 2788 2802
f 2899 2898 2897
f 2897 2896 2895
f 2894 2893 2892
f 2890 2889 2888
f 2888 2887 2886
f 2886 2885 2884
f 2883 2882 2881
f 2881 2880 2879
f 2878 2877 2876
f 2876 2875 2874
f 2871 2870 2869
f 2869 2868 2867
f 2867 2866 2865
f 2865 2864 2863
f 2863 2862 2861
f 2861 2860 2859
f 2859 2858 2857
f 2857 2856 2855
f 2855 2854 2853
f 2853 2852 2851
f 2849 2848 2847
f 2845 2844 2843
f 2842 2841 2840
f 2839 2838 2837
f 2836 2835 2834
f 2833 2832 2831
f 2829 2828 2827
f 2826 2825 2824
f 2824 2823 2822
f 2820 2819 2818
f 2816 2815 2814
f 2814 2813 2812
f 2812 2811 2810
f 2810 2809 2808
f 2808 2900 2899
f 2899 2897 2895
f 2895 2894 2892
f 2891 2890 2888
f 2888 2886 2884
f 2883 2881 2879
f 2878 2876 2874
f 2871 2869 2867
f 2867 2865 2863
f 2863 2861 2859
f 2859 2857 2855
f 2855 2853 2851
f 2850 2849 2847
f 2845 2843 2842
f 2842 2840 2839
f 2839 2837 2836
f 2836 2834 2833
f 2830 2829 2827
f 2826 2824 2822
f 2817 2816 2814
f 2812 2810 2808
f 2899 2895 2892
f 2891 2888 2884
f 2883 2879 2878
f 2878 2874 2873
f 2871 2867 2863
f 2863 2859 2855
f 2855 2851 2850
f 2850 2847 2846
f 2845 2842 2839
f 2839 2836 2833
f 2830 2827 2826
f 2826 2822 2821
f 2817 2814 2812
f 2812 2808 2899
f 2899 2892 2891
f 2884 2883 2878
f 2878 2873 2872
f 2863 2855 2850
f 2845 2839 2833
f 2831 2830 2826
f 2826 2821 2820
f 2818 2817 2812
f 2812 2899 2891
f 2884 2878 2872
f 2863 2850 2846
f 2845 2833 2831
f 2831 2826 2820
f 2818 2812 2891
f 2863 2846 2845
f 2845 2831 2820
f 2820 2818 2891
f 2871 2863 2845
f 2845 2820 2891
f 2872 2871 2845
f 2845 2891 2884
f 2884 2872 2845
f 2909 2908 2907
f 2907 2906 2905
f 2905 2904 2903
f 2903 2902 2910
f 2910 2909 2907
f 2907 2905 2903
f 2903 2910 2907
f 3140 3139 3138
f 3137 3136 3135
f 3135 3134 3133
f 3133 3132 3131
f 3129 3128 3127
f 3125 3124 3123
f 3123 3122 3121
f 3120 3119 3118
f 3115 3114 3113
f 3113 3112 3111
f 3111 3110 3109
f 3109 3108 3107
f 3107 3106 3105
f 3104 3103 3102
f 3101 3100 3099
f 3098 3097 3096
f 3096 3095 3094
f 3093 3092 3091
f 3090 3089 3088
f 3088 3087 3086
f 3084 3083 3082
f 3080 3079 3078
f 3077 3076 3075
f 3074 3073 3072
f 3071 3070 3069
f 3069 3068 3067
f 3066 3065 3064
f 3064 3063 3062
f 3062 3061 3060
f 3060 3059 3058
f 3058 3057 3056
f 3054 3053 3052
f 3052 3051 3050
f 3050 3049 3048
f 3047 3046 3045
f 3044 3043 3042
f 3042 3041 3040
f 3038 3037 3036
f 3036 3035 3034
f 3034 3033 3032
f 3032 3031 3030
f 3030 3029 3028
f 3027 3026 3025
f 3025 3024 3023
f 3021 3020 3019
f 3018 3017 3016
f 3015 3014 3013
f 3011 3010 3009
f 3008 3007 3006
f 3006 3005 3004
f 3004 3003 3002
f 3002 3001 3000
f 3000 2999 2998
f 2998 2997 2996
f 2996 2995 2994
f 2993 2992 2991
f 2991 2990 2989
f 2989 2988 2987
f 2986 2985 2984
f 2984 2983 2982
f 2982 2981 2980
f 2979 2978 2977
f 2977 2976 2975
f 2975 2974 2973
f 2971 2970 2969
f 2969 2968 2967
f 2966 2965 2964
f 2962 2961 2960
f 2959 2958 2957
f 2957 2956 2955
f 2954 2953 2952
f 2951 2950 2949
f 2947 2946 2945
f 2942 2941 2940
f 2940 2939 2938
f 2937 2936 2935
f 2935 2934 2933
f 2933 2932 2931
f 2930 2929 2928
f 2928 2927 2926
f 2926 2925 2924
f 2922 2921 2920
f 2919 2918 2917
f 2917 2916 2915
f 2914 2913 2912
f 3140 3138 3137
f 3137 3135 3133
f 3133 3131 3130
f 3129 3127 3126
f 3125 3123 3121
f 3115 3113 3111
f 3109 3107 3105
f 3101 3099 3098
f 3096 3094 3093
f 3091 3090 3088
f 3088 3086 3085
f 3084 3082 3081
f 3080 3078 3077
f 3072 3071 3069
f 3069 3067 3066
f 3062 3060 3058
f 3058 3056 3055
f 3054 3052 3050
f 3044 3042 3040
f 3036 3034 3032
f 3030 3028 3027
f 3027 3025 3023
f 3019 3018 3016
f 3011 3009 3008
f 3006 3004 3002
f 3002 3000 2998
f 2996 2994 2993
f 2991 2989 2987
f 2986 2984 2982
f 2982 2980 2979
f 2979 2977 2975
f 2975 2973 2972
f 2971 2969 2967
f 2966 2964 2963
f 2963 2962 2960
f 2957 2955 2954
f 2947 2945 2944
f 2942 2940 2938
f 2937 2935 2933
f 2933 2931 2930
f 2928 2926 2924
f 2923 2922 2920
f 2919 2917 2915
f 2914 2912 3140
f 3140 3137 3133
f 3133 3130 3129
f 3126 3125 3121
f 3115 3111 3109
f 3109 3105 3104
f 3098 3096 3093
f 3091 3088 3085
f 3084 3081 3080
f 3080 3077 3075
f 3074 3072 3069
f 3062 3058 3055
f 3054 3050 3048
f 3045 3044 3040
f 3038 3036 3032
f 3032 3030 3027
f 3027 3023 3022
f 3019 3016 3015
f 3012 3011 3008
f 3008 3006 3002
f 2991 2987 2986
f 2986 2982 2979
f 2979 2975 2972
f 2972 2971 2967
f 2966 2963 2960
f 2959 2957 2954
f 2942 2938 2937
f 2933 2930 2928
f 2928 2924 2923
f 2923 2920 2919
f 2919 2915 2914
f 3140 3133 3129
f 3126 3121 3120
f 3115 3109 3104
f 3098 3093 3091
f 3085 3084 3080
f 3080 3075 3074
f 3074 3069 3066
f 3064 3062 3055
f 3047 3045 3040
f 3038 3032 3027
f 3027 3022 3021
f 3012 3008 3002
f 2991 2986 2979
f 2979 2972 2967
f 2967 2966 2960
f 2959 2954 2952
f 2942 2937 2933
f 2933 2928 2923
f 2923 2919 2914
f 2914 3140 3129
f 3126 3120 3118
f 3115 3104 3102
f 3085 3080 3074
f 3066 3064 3055
f 3047 3040 3039
f 3039 3038 3027
f 3013 3012 3002
f 2993 2991 2979
f 2979 2967 2960
f 2960 2959 2952
f 2943 2942 2933
f 2933 2923 2914
f 2914 3129 3126
f 3126 3118 3117
f 3091 3085 3074
f 3066 3055 3054
f 3047 3039 3027
f 3013 3002 2998
f 2993 2979 2960
f 2960 2952 2951
f 2943 2933 2914
f 2914 3126 3117
f 3091 3074 3066
f 3066 3054 3048
f 3048 3047 3027
f 3013 2998 2996
f 2996 2993 2960
f 2960 2951 2949
f 2944 2943 2914
f 2914 3117 3116
f 3098 3091 3066
f 3066 3048 3027
f 3013 2996 2960
f 2960 2949 2948
f 2947 2944 2914
f 2914 3116 3115
f 3098 3066 3027
f 3015 3013 2960
f 2947 2914 3115
f 3101 3098 3027
f 3019 3015 2960
f 2948 2947 3115
f 3102 3101 3027
f 3021 3019 2960
f 2948 3115 3102
f 3102 3027 3021
f 3021 2960 2948
f 2948 3102 3021
f 3186 3185 3184
f 3183 3182 3181
f 3181 3180 3179
f 3177 3176 3175
f 3175 3174 3173
f 3173 3172 3171
f 3171 3170 3169
f 3168 3167 3166
f 3166 3165 3164
f 3162 3161 3160
f 3158 3157 3156
f 3155 3154 3153
f 3150 3149 3148
f 3148 3147 3146
f 3143 3142 3186
f 3184 3183 3181
f 3181 3179 3178
f 3177 3175 3173
f 3173 3171 3169
f 3168 3166 3164
f 3162 3160 3159
f 3158 3156 3155
f 3155 3153 3152
f 3150 3148 3146
f 3143 3186 3184
f 3184 3181 3178
f 3178 3177 3173
f 3173 3169 3168
f 3168 3164 3163
f 3162 3159 3158
f 3158 3155 3152
f 3151 3150 3146
f 3144 3143 3184
f 3184 3178 3173
f 3173 3168 3163
f 3162 3158 3152
f 3152 3151 3146
f 3145 3144 3184
f 3184 3173 3163
f 3162 3152 3146
f 3146 3145 3184
f 3184 3163 3162
f 3162 3146 3184
f 3246 3245 3244
f 3244 3243 3242
f 3242 3241 3240
f 3239 3238 3237
f 3237 3236 3235
f 3234 3233 3232
f 3232 3231 3230
f 3230 3229 3228
f 3226 3225 3224
f 3224 3223 3222
f 3222 3221 3220
f 3220 3219 3218
f 3218 3217 3216
f 3216 3215 3214
f 3214 3213 3212
f 3211 3210 3209
f 3209 3208 3207
f 3207 3206 3205
f 3204 3203 3202
f 3201 3200 3199
f 3199 3198 3197
f 3196 3195 3194
f 3193 3192 3191
f 3190 3189 3188
f 3188 3247 3246
f 3246 3244 3242
f 3242 3240 3239
f 3234 3232 3230
f 3230 3228 3227
f 3226 3224 3222
f 3220 3218 3216
f 3214 3212 3211
f 3209 3207 3205
f 3204 3202 3201
f 3201 3199 3197
f 3194 3193 3191
f 3188 3246 3242
f 3234 3230 3227
f 3226 3222 3220
f 3220 3216 3214
f 3214 3211 3209
f 3204 3201 3197
f 3196 3194 3191
f 3190 3188 3242
f 3235 3234 3227
f 3227 3226 3220
f 3220 3214 3209
f 3205 3204 3197
f 3196 3191 3190
f 3190 3242 3239
f 3237 3235 3227
f 3227 3220 3209
f 3205 3197 3196
f 3196 3190 3239
f 3237 3227 3209
f 3205 3196 3239
f 3237 3209 3205
f 3205 3239 3237
f 3368 3367 3366
f 3366 3365 3364
f 3363 3362 3361
f 3360 3359 3358
f 3356 3355 3354
f 3354 3353 3352
f 3351 3350 3349
f 3349 3348 3347
f 3347 3346 3345
f 3345 3344 3343
f 3343 3342 3341
f 3341 3340 3339
f 3339 3338 3337
f 3336 3335 3334
f 3334 3333 3332
f 3331 3330 3329
f 3328 3327 3326
f 3325 3324 3323
f 3323 3322 3321
f 3321 3320 3319
f 3318 3317 3316
f 3315 3314 3313
f 3313 3312 3311
f 3311 3310 3309
f 3309 3308 3307
f 3306 3305 3304
f 3303 3302 3301
f 3301 3300 3299
f 3299 3298 3297
f 3296 3295 3294
f 3294 3293 3292
f 3292 3291 3290
f 3290 3289 3288
f 3287 3286 3285
f 3284 3283 3282
f 3281 3280 3279
f 3279 3278 3277
f 3274 3273 3272
f 3269 3268 3267
f 3265 3264 3263
f 3263 3262 3261
f 3260 3259 3258
f 3258 3257 3256
f 3256 3255 3254
f 3252 3251 3250
f 3249 3369 3368
f 3368 3366 3364
f 3363 3361 3360
f 3360 3358 3357
f 3357 3356 3354
f 3354 3352 3351
f 3349 3347 3345
f 3343 3341 3339
f 3336 3334 3332
f 3328 3326 3325
f 3325 3323 3321
f 3321 3319 3318
f 3315 3313 3311
f 3309 3307 3306
f 3299 3297 3296
f 3296 3294 3292
f 3290 3288 3287
f 3287 3285 3284
f 3282 3281 3279
f 3279 3277 3276
f 3275 3274 3272
f 3270 3269 3267
f 3265 3263 3261
f 3258 3256 3254
f 3252 3250 3249
f 3249 3368 3364
f 3363 3360 3357
f 3357 3354 3351
f 3351 3349 3345
f 3329 3328 3325
f 3325 3321 3318
f 3315 3311 3309
f 3299 3296 3292
f 3290 3287 3284
f 3284 3282 3279
f 3279 3276 3275
f 3271 3270 3267
f 3253 3252 3249
f 3249 3364 3363
f 3363 3357 3351
f 3351 3345 3343
f 3329 3325 3318
f 3315 3309 3306
f 3301 3299 3292
f 3284 3279 3275
f 3271 3267 3266
f 3253 3249 3363
f 3363 3351 3343
f 3329 3318 3316
f 3315 3306 3304
f 3301 3292 3290
f 3290 3284 3275
f 3272 3271 3266
f 3254 3253 3363
f 3363 3343 3339
f 3329 3316 3315
f 3315 3304 3303
f 3301 3290 3275
f 3272 3266 3265
f 3258 3254 3363
f 3363 3339 3337
f 3331 3329 3315
f 3301 3275 3272
f 3272 3265 3261
f 3260 3258 3363
f 3363 3337 3336
f 3332 3331 3315
f 3303 3301 3272
f 3261 3260 3363
f 3363 3336 3332
f 3332 3315 3303
f 3303 3272 3261
f 3261 3363 3332
f 3332 3303 3261
f 3418 3417 3416
f 3415 3414 3413
f 3412 3411 3410
f 3407 3406 3405
f 3404 3403 3402
f 3400 3399 3398
f 3397 3396 3395
f 3395 3394 3393
f 3392 3391 3390
f 3390 3389 3388
f 3386 3385 3384
f 3380 3379 3378
f 3378 3377 3376
f 3375 3374 3373
f 3371 3418 3416
f 3415 3413 3412
f 3412 3410 3409
f 3407 3405 3404
f 3400 3398 3397
f 3397 3395 3393
f 3393 3392 3390
f 3390 3388 3387
f 3386 3384 3383
f 3380 3378 3376
f 3375 3373 3372
f 3371 3416 3415
f 3415 3412 3409
f 3408 3407 3404
f 3401 3400 3397
f 3393 3390 3387
f 3381 3380 3376
f 3375 3372 3371
f 3371 3415 3409
f 3408 3404 3402
f 3402 3401 3397
f 3393 3387 3386
f 3381 3376 3375
f 3375 3371 3409
f 3408 3402 3397
f 3393 3386 3383
f 3381 3375 3409
f 3409 3408 3397
f 3397 3393 3383
f 3382 3381 3409
f 3409 3397 3383
f 3383 3382 3409
f 3516 3515 3514
f 3514 3513 3512
f 3511 3510 3509
f 3508 3507 3506
f 3506 3505 3504
f 3504 3503 3502
f 3499 3498 3497
f 3495 3494 3493
f 3492 3491 3490
f 3490 3489 3488
f 3487 3486 3485
f 3482 3481 3480
f 3480 3479 3478
f 3478 3477 3476
f 3476 3475 3474
f 3473 3472 3471
f 3470 3469 3468
f 3467 3466 3465
f 3465 3464 3463
f 3462 3461 3460
f 3460 3459 3458
f 3458 3457 3456
f 3455 3454 3453
f 3453 3452 3451
f 3451 3450 3449
f 3449 3448 3447
f 3447 3446 3445
f 3445 3444 3443
f 3441 3440 3439
f 3437 3436 3435
f 3435 3434 3433
f 3433 3432 3431
f 3431 3430 3429
f 3428 3427 3426
f 3426 3425 3424
f 3424 3423 3422
f 3421 3420 3518
f 3516 3514 3512
f 3508 3506 3504
f 3504 3502 3501
f 3500 3499 3497
f 3492 3490 3488
f 3487 3485 3484
f 3482 3480 3478
f 3476 3474 3473
f 3470 3468 3467
f 3460 3458 3456
f 3453 3451 3449
f 3445 3443 3442
f 3441 3439 3438
f 3437 3435 3433
f 3431 3429 3428
f 3428 3426 3424
f 3424 3422 3421
f 3421 3518 3517
f 3516 3512 3511
f 3509 3508 3504
f 3500 3497 3496
f 3493 3492 3488
f 3487 3484 3483
f 3483 3482 3478
f 3471 3470 3467
f 3462 3460 3456
f 3453 3449 3447
f 3447 3445 3442
f 3442 3441 3438
f 3431 3428 3424
f 3517 3516 3511
f 3511 3509 3504
f 3500 3496 3495
f 3495 3493 3488
f 3487 3483 3478
f 3471 3467 3465
f 3463 3462 3456
f 3455 3453 3447
f 3447 3442 3438
f 3433 3431 3424
f 3517 3511 3504
f 3495 3488 3487
f 3487 3478 3476
f 3463 3456 3455
f 3455 3447 3438
f 3433 3424 3421
f 3421 3517 3504
f 3495 3487 3476
f 3463 3455 3438
f 3437 3433 3421
f 3421 3504 3501
f 3500 3495 3476
f 3465 3463 3438
f 3438 3437 3421
f 3421 3501 3500
f 3500 3476 3473
f 3471 3465 3438
f 3438 3421 3500
f 3500 3473 3471
f 3471 3438 3500
f 3553 3552 3551
f 3551 3550 3549
f 3548 3547 3546
f 3545 3544 3543
f 3542 3541 3540
f 3539 3538 3537
f 3537 3536 3535
f 3535 3534 3533
f 3533 3532 3531
f 3531 3530 3529
f 3527 3526 3525
f 3522 3521 3520
f 3520 3554 3553
f 3553 3551 3549
f 3549 3548 3546
f 3546 3545 3543
f 3542 3540 3539
f 3539 3537 3535
f 3535 3533 3531
f 3531 3529 3528
f 3527 3525 3524
f 3523 3522 3520
f 3520 3553 3549
f 3549 3546 3543
f 3543 3542 3539
f 3539 3535 3531
f 3523 3520 3549
f 3549 3543 3539
f 3539 3531 3528
f 3524 3523 3549
f 3549 3539 3528
f 3527 3524 3549
f 3549 3528 3527
f 3595 3594 3593
f 3593 3592 3591
f 3591 3590 3589
f 3589 3588 3587
f 3587 3586 3585
f 3584 3583 3582
f 3581 3580 3579
f 3578 3577 3576
f 3574 3573 3572
f 3572 3571 3570
f 3570 3569 3568
f 3568 3567 3566
f 3566 3565 3564
f 3562 3561 3560
f 3559 3558 3557
f 3556 3596 3595
f 3595 3593 3591
f 3591 3589 3587
f 3584 3582 3581
f 3581 3579 3578
f 3578 3576 3575
f 3575 3574 3572
f 3572 3570 3568
f 3566 3564 3563
f 3563 3562 3560
f 3559 3557 3556
f 3556 3595 3591
f 3591 3587 3585
f 3584 3581 3578
f 3578 3575 3572
f 3572 3568 3566
f 3563 3560 3559
f 3556 3591 3585
f 3578 3572 3566
f 3566 3563 3559
f 3556 3585 3584
f 3584 3578 3566
f 3566 3559 3556
f 3556 3584 3566
f 3612 3611 3610
f 3608 3607 3606
f 3606 3605 3604
f 3604 3603 3602
f 3602 3601 3600
f 3600 3599 3598
f 3598 3612 3610
f 3608 3606 3604
f 3604 3602 3600
f 3600 3598 3610
f 3609 3608 3604
f 3600 3610 3609
f 3609 3604 3600
f 3627 3626 3625
f 3625 3624 3623
f 3623 3622 3621
f 3621 3620 3619
f 3619 3618 3617
f 3617 3616 3615
f 3615 3614 3627
f 3623 3621 3619
f 3619 3617 3615
f 3615 3627 3625
f 3623 3619 3615
f 3615 3625 3623
f 3661 3660 3659
f 3658 3657 3656
f 3656 3655 3654
f 3654 3653 3652
f 3651 3650 3649
f 3647 3646 3645
f 3645 3644 3643
f 3643 3642 3641
f 3641 3640 3639
f 3639 3638 3637
f 3637 3636 3635
f 3635 3634 3633
f 3631 3630 3629
f 3629 3662 3661
f 3661 3659 3658
f 3656 3654 3652
f 3651 3649 3648
f 3647 3645 3643
f 3643 3641 3639
f 3639 3637 3635
f 3635 3633 3632
f 3631 3629 3661
f 3661 3658 3656
f 3656 3652 3651
f 3648 3647 3643
f 3643 3639 3635
f 3635 3632 3631
f 3631 3661 3656
f 3656 3651 3648
f 3648 3643 3635
f 3635 3631 3656
f 3656 3648 3635
f 3719 3718 3717
f 3715 3714 3713
f 3713 3712 3711
f 3709 3708 3707
f 3707 3706 3705
f 3705 3704 3703
f 3702 3701 3700
f 3700 3699 3698
f 3698 3697 3696
f 3696 3695 3694
f 3694 3693 3692
f 3691 3690 3689
f 3688 3687 3686
f 3686 3685 3684
f 3684 3683 3682
f 3682 3681 3680
f 3680 3679 3678
f 3678 3677 3676
f 3675 3674 3673
f 3672 3671 3670
f 3670 3669 3668
f 3666 3665 3664
f 3664 3720 3719
f 3719 3717 3716
f 3715 3713 3711
f 3710 3709 3707
f 3707 3705 3703
f 3702 3700 3698
f 3698 3696 3694
f 3691 3689 3688
f 3688 3686 3684
f 3678 3676 3675
f 3675 3673 3672
f 3672 3670 3668
f 3666 3664 3719
f 3715 3711 3710
f 3710 3707 3703
f 3702 3698 3694
f 3692 3691 3688
f 3688 3684 3682
f 3680 3678 3675
f 3675 3672 3668
f 3666 3719 3716
f 3716 3715 3710
f 3710 3703 3702
f 3702 3694 3692
f 3692 3688 3682
f 3682 3680 3675
f 3675 3668 3667
f 3666 3716 3710
f 3710 3702 3692
f 3682 3675 3667
f 3667 3666 3710
f 3710 3692 3682
f 3682 3667 3710
f 3734 3733 3732
f 3732 3731 3730
f 3730 3729 3728
f 3727 3726 3725
f 3724 3723 3722
f 3722 3735 3734
f 3734 3732 3730
f 3730 3728 3727
f 3727 3725 3724
f 3724 3722 3734
f 3734 3730 3727
f 3727 3724 3734
f 3741 3740 3739
f 3739 3738 3737
f 3737 3741 3739
f 3757 3756 3755
f 3755 3754 3753
f 3753 3752 3751
f 3751 3750 3749
f 3749 3748 3747
f 3747 3746 3745
f 3744 3743 3759
f 3757 3755 3753
f 3753 3751 3749
f 3749 3747 3745
f 3744 3759 3758
f 3758 3757 3753
f 3753 3749 3745
f 3745 3744 3758
f 3758 3753 3745
f 3783 3782 3781
f 3781 3780 3779
f 3779 3778 3777
f 3776 3775 3774
f 3773 3772 3771
f 3771 3770 3769
f 3769 3768 3767
f 3767 3766 3765
f 3765 3764 3763
f 3763 3762 3761
f 3761 3785 3784
f 3784 3783 3781
f 3781 3779 3777
f 3776 3774 3773
f 3773 3771 3769
f 3765 3763 3761
f 3784 3781 3777
f 3776 3773 3769
f 3767 3765 3761
f 3761 3784 3777
f 3776 3769 3767
f 3761 3777 3776
f 3776 3767 3761
f 3847 3846 3845
f 3843 3842 3841
f 3841 3840 3839
f 3839 3838 3837
f 3837 3836 3835
f 3834 3833 3832
f 3832 3831 3830
f 3829 3828 3827
f 3826 3825 3824
f 3824 3823 3822
f 3821 3820 3819
f 3819 3818 3817
f 3816 3815 3814
f 3813 3812 3811
f 3809 3808 3807
f 3807 3806 3805
f 3805 3804 3803
f 3802 3801 3800
f 3798 3797 3796
f 3796 3795 3794
f 3794 3793 3792
f 3791 3790 3789
f 3789 3788 3787
f 3787 3847 3845
f 3841 3839 3837
f 3837 3835 3834
f 3834 3832 3830
f 3829 3827 3826
f 3826 3824 3822
f 3821 3819 3817
f 3816 3814 3813
f 3813 3811 3810
f 3809 3807 3805
f 3803 3802 3800
f 3799 3798 3796
f 3794 3792 3791
f 3791 3789 3787
f 3787 3845 3844
f 3841 3837 3834
f 3829 3826 3822
f 3821 3817 3816
f 3816 3813 3810
f 3809 3805 3803
f 3803 3800 3799
f 3799 3796 3794
f 3794 3791 3787
f 3787 3844 3843
f 3841 3834 3830
f 3830 3829 3822
f 3821 3816 3810
f 3809 3803 3799
f 3799 3794 3787
f 3787 3843 3841
f 3841 3830 3822
f 3822 3821 3810
f 3809 3799 3787
f 3787 3841 3822
f 3822 3810 3809
f 3809 3787 3822
f 3879 3878 3877
f 3875 3874 3873
f 3871 3870 3869
f 3869 3868 3867
f 3866 3865 3864
f 3863 3862 3861
f 3861 3860 3859
f 3859 3858 3857
f 3857 3856 3855
f 3855 3854 3853
f 3853 3852 3851
f 3849 3880 3879
f 3879 3877 3876
f 3876 3875 3873
f 3871 3869 3867
f 3867 3866 3864
f 3863 3861 3859
f 3859 3857 3855
f 3855 3853 3851
f 3849 3879 3876
f 3876 3873 3872
f 3871 3867 3864
f 3863 3859 3855
f 3855 3851 3850
f 3849 3876 3872
f 3872 3871 3864
f 3864 3863 3855
f 3855 3850 3849
f 3849 3872 3864
f 3864 3855 3849
f 3922 3921 3920
f 3919 3918 3917
f 3917 3916 3915
f 3915 3914 3913
f 3912 3911 3910
f 3910 3909 3908
f 3908 3907 3906
f 3906 3905 3904
f 3903 3902 3901
f 3900 3899 3898
f 3896 3895 3894
f 3894 3893 3892
f 3892 3891 3890
f 3888 3887 3886
f 3886 3885 3884
f 3884 3883 3882
f 3882 3922 3920
f 3920 3919 3917
f 3917 3915 3913
f 3912 3910 3908
f 3908 3906 3904
f 3904 3903 3901
f 3901 3900 3898
f 3897 3896 3894
f 3888 3886 3884
f 3884 3882 3920
f 3917 3913 3912
f 3912 3908 3904
f 3904 3901 3898
f 3897 3894 3892
f 3888 3884 3920
f 3920 3917 3912
f 3904 3898 3897
f 3897 3892 3890
f 3888 3920 3912
f 3912 3904 3897
f 3889 3888 3912
f 3912 3897 3890
f 3890 3889 3912
f 3950 3949 3948
f 3947 3946 3945
f 3945 3944 3943
f 3942 3941 3940
f 3939 3938 3937
f 3936 3935 3934
f 3934 3933 3932
f 3932 3931 3930
f 3930 3929 3928
f 3927 3926 3925
f 3925 3924 3950
f 3950 3948 3947
f 3947 3945 3943
f 3942 3940 3939
f 3939 3937 3936
f 3936 3934 3932
f 3925 3950 3947
f 3942 3939 3936
f 3936 3932 3930
f 3927 3925 3947
f 3943 3942 3936
f 3936 3930 3928
f 3927 3947 3943
f 3943 3936 3928
f 3928 3927 3943
f 3999 3998 3997
f 3994 3993 3992
f 3992 3991 3990
f 3990 3989 3988
f 3988 3987 3986
f 3985 3984 3983
f 3982 3981 3980
f 3980 3979 3978
f 3977 3976 3975
f 3974 3973 3972
f 3972 3971 3970
f 3969 3968 3967
f 3967 3966 3965
f 3965 3964 3963
f 3963 3962 3961
f 3960 3959 3958
f 3957 3956 3955
f 3955 3954 3953
f 3952 4001 4000
f 3999 3997 3996
f 3994 3992 3990
f 3990 3988 3986
f 3986 3985 3983
f 3982 3980 3978
f 3977 3975 3974
f 3974 3972 3970
f 3967 3965 3963
f 3961 3960 3958
f 3957 3955 3953
f 3952 4000 3999
f 3999 3996 3995
f 3994 3990 3986
f 3986 3983 3982
f 3982 3978 3977
f 3977 3974 3970
f 3969 3967 3963
f 3961 3958 3957
f 3957 3953 3952
f 3952 3999 3995
f 3994 3986 3982
f 3982 3977 3970
f 3969 3963 3961
f 3961 3957 3952
f 3994 3982 3970
f 3970 3969 3961
f 3961 3952 3995
f 3995 3994 3970
f 3970 3961 3995
f 4016 4015 4014
f 4014 4013 4012
f 4012 4011 4010
f 4009 4008 4007
f 4007 4006 4005
f 4005 4004 4003
f 4003 4018 4017
f 4017 4016 4014
f 4012 4010 4009
f 4009 4007 4005
f 4003 4017 4014
f 4014 4012 4009
f 4009 4005 4003
f 4003 4014 4009
f 4076 4075 4074
f 4073 4072 4071
f 4070 4069 4068
f 4066 4065 4064
f 4062 4061 4060
f 4060 4059 4058
f 4058 4057 4056
f 4055 4054 4053
f 4052 4051 4050
f 4048 4047 4046
f 4045 4044 4043
f 4043 4042 4041
f 4036 4035 4034
f 4032 4031 4030
f 4029 4028 4027
f 4027 4026 4025
f 4025 4024 4023
f 4022 4021 4020
f 4020 4077 4076
f 4076 4074 4073
f 4073 4071 4070
f 4070 4068 4067
f 4066 4064 4063
f 4058 4056 4055
f 4055 4053 4052
f 4052 4050 4049
f 4048 4046 4045
f 4045 4043 4041
f 4036 4034 4033
f 4030 4029 4027
f 4027 4025 4023
f 4023 4022 4020
f 4020 4076 4073
f 4073 4070 4067
f 4067 4066 4063
f 4060 4058 4055
f 4055 4052 4049
f 4048 4045 4041
f 4036 4033 4032
f 4030 4027 4023
f 4023 4020 4073
f 4073 4067 4063
f 4062 4060 4055
f 4055 4049 4048
f 4048 4041 4040
f 4037 4036 4032
f 4032 4030 4023
f 4023 4073 4063
f 4062 4055 4048
f 4048 4040 4039
f 4038 4037 4032
f 4032 4023 4063
f 4063 4062 4048
f 4048 4039 4038
f 4038 4032 4063
f 4063 4048 4038
f 4115 4114 4113
f 4113 4112 4111
f 4110 4109 4108
f 4108 4107 4106
f 4104 4103 4102
f 4100 4099 4098
f 4098 4097 4096
f 4095 4094 4093
f 4093 4092 4091
f 4090 4089 4088
f 4088 4087 4086
f 4085 4084 4083
f 4083 4082 4081
f 4081 4080 4079
f 4079 4115 4113
f 4108 4106 4105
f 4104 4102 4101
f 4100 4098 4096
f 4096 4095 4093
f 4093 4091 4090
f 4090 4088 4086
f 4083 4081 4079
f 4079 4113 4111
f 4110 4108 4105
f 4100 4096 4093
f 4093 4090 4086
f 4083 4079 4111
f 4110 4105 4104
f 4100 4093 4086
f 4085 4083 4111
f 4111 4110 4104
f 4101 4100 4086
f 4085 4111 4104
f 4101 4086 4085
f 4085 4104 4101
f 4123 4122 4121
f 4121 4120 4119
f 4119 4118 4117
f 4117 4124 4123
f 4123 4121 4119
f 4119 4117 4123
f 4132 4131 4130
f 4129 4128 4127
f 4127 4126 4132
f 4132 4130 4129
f 4129 4127 4132
f 4137 4136 4135
f 4135 4134 4137
f 4147 4146 4145
f 4145 4144 4143
f 4143 4142 4141
f 4140 4139 4147
f 4143 4141 4140
f 4140 4147 4145
f 4145 4143 4140
f 4165 4164 4163
f 4163 4162 4161
f 4161 4160 4159
f 4159 4158 4157
f 4157 4156 4155
f 4155 4154 4153
f 4151 4150 4149
f 4149 4166 4165
f 4165 4163 4161
f 4161 4159 4157
f 4157 4155 4153
f 4151 4149 4165
f 4165 4161 4157
f 4157 4153 4152
f 4152 4151 4165
f 4165 4157 4152
f 4173 4172 4171
f 4171 4170 4169
f 4169 4168 4173
f 4173 4171 4169
f 4221 4220 4219
f 4219 4218 4217
f 4215 4214 4213
f 4213 4212 4211
f 4211 4210 4209
f 4206 4205 4204
f 4204 4203 4202
f 4202 4201 4200
f 4198 4197 4196
f 4196 4195 4194
f 4193 4192 4191
f 4191 4190 4189
f 4187 4186 4185
f 4185 4184 4183
f 4182 4181 4180
f 4180 4179 4178
f 4177 4176 4175
f 4175 4221 4219
f 4219 4217 4216
f 4216 4215 4213
f 4213 4211 4209
f 4206 4204 4202
f 4202 4200 4199
f 4198 4196 4194
f 4193 4191 4189
f 4185 4183 4182
f 4182 4180 4178
f 4178 4177 4175
f 4175 4219 4216
f 4216 4213 4209
f 4207 4206 4202
f 4202 4199 4198
f 4198 4194 4193
f 4193 4189 4188
f 4185 4182 4178
f 4178 4175 4216
f 4216 4209 4208
f 4207 4202 4198
f 4198 4193 4188
f 4187 4185 4178
f 4178 4216 4208
f 4208 4207 4198
f 4198 4188 4187
f 4187 4178 4208
f 4208 4198 4187
f 4252 4251 4250
f 4249 4248 4247
f 4247 4246 4245
f 4245 4244 4243
f 4243 4242 4241
f 4241 4240 4239
f 4237 4236 4235
f 4234 4233 4232
f 4231 4230 4229
f 4227 4226 4225
f 4225 4224 4223
f 4223 4252 4250
f 4250 4249 4247
f 4247 4245 4243
f 4241 4239 4238
f 4237 4235 4234
f 4234 4232 4231
f 4231 4229 4228
f 4227 4225 4223
f 4223 4250 4247
f 4247 4243 4241
f 4241 4238 4237
f 4237 4234 4231
f 4231 4228 4227
f 4227 4223 4247
f 4247 4241 4237
f 4237 4231 4227
f 4227 4247 4237
f 4260 4259 4258
f 4257 4256 4255
f 4255 4254 4260
f 4260 4258 4257
f 4257 4255 4260
f 4307 4306 4305
f 4305 4304 4303
f 4303 4302 4301
f 4300 4299 4298
f 4297 4296 4295
f 4293 4292 4291
f 4290 4289 4288
f 4288 4287 4286
f 4286 4285 4284
f 4284 4283 4282
f 4282 4281 4280
f 4280 4279 4278
f 4278 4277 4276
f 4275 4274 4273
f 4271 4270 4269
f 4268 4267 4266
f 4266 4265 4264
f 4264 4263 4262
f 4262 4308 4307
f 4307 4305 4303
f 4300 4298 4297
f 4294 4293 4291
f 4290 4288 4286
f 4286 4284 4282
f 4280 4278 4276
f 4275 4273 4272
f 4272 4271 4269
f 4269 4268 4266
f 4266 4264 4262
f 4262 4307 4303
f 4301 4300 4297
f 4294 4291 4290
f 4286 4282 4280
f 4280 4276 4275
f 4275 4272 4269
f 4266 4262 4303
f 4294 4290 4286
f 4286 4280 4275
f 4275 4269 4266
f 4266 4303 4301
f 4295 4294 4286
f 4275 4266 4301
f 4295 4286 4275
f 4275 4301 4297
f 4297 4295 4275
f 4331 4330 4329
f 4328 4327 4326
f 4326 4325 4324
f 4324 4323 4322
f 4322 4321 4320
f 4319 4318 4317
f 4316 4315 4314
f 4314 4313 4312
f 4310 4332 4331
f 4331 4329 4328
f 4328 4326 4324
f 4324 4322 4320
f 4319 4317 4316
f 4316 4314 4312
f 4311 4310 4331
f 4331 4328 4324
f 4324 4320 4319
f 4319 4316 4312
f 4311 4331 4324
f 4324 4319 4312
f 4312 4311 4324
f 4354 4353 4352
f 4351 4350 4349
f 4349 4348 4347
f 4346 4345 4344
f 4344 4343 4342
f 4341 4340 4339
f 4338 4337 4336
f 4336 4335 4334
f 4334 4357 4356
f 4354 4352 4351
f 4351 4349 4347
f 4346 4344 4342
f 4341 4339 4338
f 4338 4336 4334
f 4334 4356 4355
f 4354 4351 4347
f 4347 4346 4342
f 4341 4338 4334
f 4334 4355 4354
f 4354 4347 4342
f 4342 4341 4334
f 4334 4354 4342
f 4427 4426 4425
f 4423 4422 4421
f 4419 4418 4417
f 4417 4416 4415
f 4413 4412 4411
f 4411 4410 4409
f 4409 4408 4407
f 4407 4406 4405
f 4404 4403 4402
f 4400 4399 4398
f 4398 4397 4396
f 4395 4394 4393
f 4392 4391 4390
f 4389 4388 4387
f 4387 4386 4385
f 4383 4382 4381
f 4379 4378 4377
f 4375 4374 4373
f 4370 4369 4368
f 4368 4367 4366
f 4366 4365 4364
f 4363 4362 4361
f 4361 4360 4359
f 4359 4427 4425
f 4424 4423 4421
f 4420 4419 4417
f 4417 4415 4414
f 4414 4413 4411
f 4411 4409 4407
f 4404 4402 4401
f 4400 4398 4396
f 4395 4393 4392
f 4389 4387 4385
f 4383 4381 4380
f 4380 4379 4377
f 4370 4368 4366
f 4363 4361 4359
f 4359 4425 4424
f 4424 4421 4420
f 4420 4417 4414
f 4414 4411 4407
f 4404 4401 4400
f 4400 4396 4395
f 4395 4392 4390
f 4389 4385 4384
f 4384 4383 4380
f 4380 4377 4376
f 4370 4366 4364
f 4364 4363 4359
f 4359 4424 4420
f 4420 4414 4407
f 4405 4404 4400
f 4400 4395 4390
f 4390 4389 4384
f 4384 4380 4376
f 4371 4370 4364
f 4364 4359 4420
f 4420 4407 4405
f 4405 4400 4390
f 4390 4384 4376
f 4372 4371 4364
f 4364 4420 4405
f 4390 4376 4375
f 4372 4364 4405
f 4405 4390 4375
f 4373 4372 4405
f 4405 4375 4373
f 4443 4442 4441
f 4441 4440 4439
f 4439 4438 4437
f 4437 4436 4435
f 4433 4432 4431
f 4430 4429 4443
f 4443 4441 4439
f 4437 4435 4434
f 4433 4431 4430
f 4430 4443 4439
f 4439 4437 4434
f 4434 4433 4430
f 4430 4439 4434
f 4461 4460 4459
f 4459 4458 4457
f 4456 4455 4454
f 4454 4453 4452
f 4452 4451 4450
f 4450 4449 4448
f 4448 4447 4446
f 4445 4462 4461
f 4461 4459 4457
f 4456 4454 4452
f 4452 4450 4448
f 4448 4446 4445
f 4445 4461 4457
f 4457 4456 4452
f 4452 4448 4445
f 4445 4457 4452
f 4468 4467 4466
f 4466 4465 4464
f 4464 4469 4468
f 4468 4466 4464
f 4478 4477 4476
f 4476 4475 4474
f 4474 4473 4472
f 4471 4480 4479
f 4479 4478 4476
f 4476 4474 4472
f 4472 4471 4479
f 4479 4476 4472
f 4523 4522 4521
f 4520 4519 4518
f 4518 4517 4516
f 4515 4514 4513
f 4513 4512 4511
f 4511 4510 4509
f 4509 4508 4507
f 4505 4504 4503
f 4503 4502 4501
f 4500 4499 4498
f 4498 4497 4496
f 4494 4493 4492
f 4490 4489 4488
f 4488 4487 4486
f 4485 4484 4483
f 4483 4482 4523
f 4520 4518 4516
f 4515 4513 4511
f 4511 4509 4507
f 4505 4503 4501
f 4498 4496 4495
f 4494 4492 4491
f 4490 4488 4486
f 4483 4523 4521
f 4520 4516 4515
f 4515 4511 4507
f 4506 4505 4501
f 4498 4495 4494
f 4485 4483 4521
f 4515 4507 4506
f 4506 4501 4500
f 4500 4498 4494
f 4486 4485 4521
f 4506 4500 4494
f 4490 4486 4521
f 4506 4494 4491
f 4490 4521 4520
f 4515 4506 4491
f 4490 4520 4515
f 4515 4491 4490
f 4655 4654 4653
f 4653 4652 4651
f 4651 4650 4649
f 4649 4648 4647
f 4647 4646 4645
f 4644 4643 4642
f 4642 4641 4640
f 4638 4637 4636
f 4636 4635 4634
f 4634 4633 4632
f 4632 4631 4630
f 4626 4625 4624
f 4624 4623 4622
f 4621 4620 4619
f 4618 4617 4616
f 4616 4615 4614
f 4614 4613 4612
f 4612 4611 4610
f 4610 4609 4608
f 4606 4605 4604
f 4603 4602 4601
f 4601 4600 4599
f 4598 4597 4596
f 4595 4594 4593
f 4592 4591 4590
f 4590 4589 4588
f 4586 4585 4584
f 4584 4583 4582
f 4580 4579 4578
f 4578 4577 4576
f 4576 4575 4574
f 4574 4573 4572
f 4571 4570 4569
f 4569 4568 4567
f 4565 4564 4563
f 4562 4561 4560
f 4560 4559 4558
f 4558 4557 4556
f 4556 4555 4554
f 4552 4551 4550
f 4548 4547 4546
f 4546 4545 4544
f 4544 4543 4542
f 4542 4541 4540
f 4539 4538 4537
f 4536 4535 4534
f 4532 4531 4530
f 4530 4529 4528
f 4528 4527 4526
f 4526 4525 4655
f 4653 4651 4649
f 4649 4647 4645
f 4644 4642 4640
f 4639 4638 4636
f 4634 4632 4630
f 4624 4622 4621
f 4621 4619 4618
f 4616 4614 4612
f 4612 4610 4608
f 4606 4604 4603
f 4601 4599 4598
f 4598 4596 4595
f 4595 4593 4592
f 4590 4588 4587
f 4586 4584 4582
f 4580 4578 4576
f 4572 4571 4569
f 4569 4567 4566
f 4565 4563 4562
f 4562 4560 4558
f 4558 4556 4554
f 4553 4552 4550
f 4549 4548 4546
f 4546 4544 4542
f 4542 4540 4539
f 4539 4537 4536
f 4533 4532 4530
f 4530 4528 4526
f 4526 4655 4653
f 4653 4649 4645
f 4644 4640 4639
f 4639 4636 4634
f 4634 4630 4629
f 4621 4618 4616
f 4616 4612 4608
f 4606 4603 4601
f 4601 4598 4595
f 4595 4592 4590
f 4586 4582 4581
f 4580 4576 4574
f 4572 4569 4566
f 4566 4565 4562
f 4562 4558 4554
f 4553 4550 4549
f 4546 4542 4539
f 4539 4536 4534
f 4533 4530 4526
f 4653 4645 4644
f 4644 4639 4634
f 4634 4629 4628
f 4624 4621 4616
f 4607 4606 4601
f 4601 4595 4590
f 4586 4581 4580
f 4580 4574 4572
f 4562 4554 4553
f 4553 4549 4546
f 4546 4539 4534
f 4534 4533 4526
f 4653 4644 4634
f 4634 4628 4627
f 4607 4601 4590
f 4586 4580 4572
f 4566 4562 4553
f 4553 4546 4534
f 4534 4526 4653
f 4653 4634 4627
f 4608 4607 4590
f 4586 4572 4566
f 4566 4553 4534
f 4534 4653 4627
f 4616 4608 4590
f 4586 4566 4534
f 4534 4627 4626
f 4616 4590 4587
f 4587 4586 4534
f 4534 4626 4624
f 4624 4616 4587
f 4587 4534 4624
f 4688 4687 4686
f 4686 4685 4684
f 4682 4681 4680
f 4680 4679 4678
f 4678 4677 4676
f 4676 4675 4674
f 4674 4673 4672
f 4671 4670 4669
f 4668 4667 4666
f 4665 4664 4663
f 4662 4661 4660
f 4660 4659 4658
f 4657 4690 4689
f 4689 4688 4686
f 4686 4684 4683
f 4682 4680 4678
f 4676 4674 4672
f 4671 4669 4668
f 4665 4663 4662
f 4662 4660 4658
f 4657 4689 4686
f 4686 4683 4682
f 4682 4678 4676
f 4676 4672 4671
f 4671 4668 4666
f 4665 4662 4658
f 4658 4657 4686
f 4686 4682 4676
f 4676 4671 4666
f 4665 4658 4686
f 4686 4676 4666
f 4666 4665 4686
f 4730 4729 4728
f 4726 4725 4724
f 4724 4723 4722
f 4720 4719 4718
f 4717 4716 4715
f 4714 4713 4712
f 4712 4711 4710
f 4710 4709 4708
f 4707 4706 4705
f 4704 4703 4702
f 4701 4700 4699
f 4699 4698 4697
f 4696 4695 4694
f 4694 4693 4692
f 4692 4730 4728
f 4727 4726 4724
f 4724 4722 4721
f 4720 4718 4717
f 4717 4715 4714
f 4714 4712 4710
f 4710 4708 4707
f 4707 4705 4704
f 4699 4697 4696
f 4694 4692 4728
f 4727 4724 4721
f 4717 4714 4710
f 4710 4707 4704
f 4699 4696 4694
f 4694 4728 4727
f 4727 4721 4720
f 4720 4717 4710
f 4710 4704 4702
f 4701 4699 4694
f 4694 4727 4720
f 4720 4710 4702
f 4701 4694 4720
f 4720 4702 4701
f 4787 4786 4785
f 4785 4784 4783
f 4782 4781 4780
f 4780 4779 4778
f 4778 4777 4776
f 4775 4774 4773
f 4772 4771 4770
f 4769 4768 4767
f 4766 4765 4764
f 4763 4762 4761
f 4760 4759 4758
f 4757 4756 4755
f 4752 4751 4750
f 4750 4749 4748
f 4747 4746 4745
f 4745 4744 4743
f 4742 4741 4740
f 4740 4739 4738
f 4738 4737 4736
f 4734 4733 4732
f 4732 4787 4785
f 4783 4782 4780
f 4780 4778 4776
f 4772 4770 4769
f 4769 4767 4766
f 4766 4764 4763
f 4763 4761 4760
f 4760 4758 4757
f 4757 4755 4754
f 4750 4748 4747
f 4747 4745 4743
f 4742 4740 4738
f 4734 4732 4785
f 4780 4776 4775
f 4772 4769 4766
f 4766 4763 4760
f 4760 4757 4754
f 4752 4750 4747
f 4747 4743 4742
f 4742 4738 4736
f 4735 4734 4785
f 4783 4780 4775
f 4772 4766 4760
f 4760 4754 4753
f 4752 4747 4742
f 4742 4736 4735
f 4735 4785 4783
f 4783 4775 4773
f 4773 4772 4760
f 4760 4753 4752
f 4752 4742 4735
f 4735 4783 4773
f 4773 4760 4752
f 4752 4735 4773
f 4827 4826 4825
f 4825 4824 4823
f 4823 4822 4821
f 4820 4819 4818
f 4818 4817 4816
f 4816 4815 4814
f 4812 4811 4810
f 4810 4809 4808
f 4807 4806 4805
f 4805 4804 4803
f 4803 4802 4801
f 4800 4799 4798
f 4797 4796 4795
f 4794 4793 4792
f 4792 4791 4790
f 4789 4829 4828
f 4827 4825 4823
f 4821 4820 4818
f 4818 4816 4814
f 4812 4810 4808
f 4807 4805 4803
f 4803 4801 4800
f 4797 4795 4794
f 4794 4792 4790
f 4790 4789 4828
f 4828 4827 4823
f 4818 4814 4813
f 4812 4808 4807
f 4807 4803 4800
f 4797 4794 4790
f 4790 4828 4823
f 4821 4818 4813
f 4812 4807 4800
f 4797 4790 4823
f 4821 4813 4812
f 4812 4800 4798
f 4798 4797 4823
f 4821 4812 4798
f 4798 4823 4821
f 4850 4849 4848
f 4848 4847 4846
f 4844 4843 4842
f 4842 4841 4840
f 4840 4839 4838
f 4838 4837 4836
f 4835 4834 4833
f 4833 4832 4831
f 4831 4850 4848
f 4845 4844 4842
f 4842 4840 4838
f 4838 4836 4835
f 4835 4833 4831
f 4831 4848 4846
f 4845 4842 4838
f 4835 4831 4846
f 4846 4845 4838
f 4838 4835 4846
f 4880 4879 4878
f 4878 4877 4876
f 4874 4873 4872
f 4872 4871 4870
f 4870 4869 4868
f 4868 4867 4866
f 4866 4865 4864
f 4862 4861 4860
f 4860 4859 4858
f 4856 4855 4854
f 4854 4853 4852
f 4852 4881 4880
f 4880 4878 4876
f 4874 4872 4870
f 4870 4868 4866
f 4866 4864 4863
f 4862 4860 4858
f 4857 4856 4854
f 4854 4852 4880
f 4880 4876 4875
f 4875 4874 4870
f 4870 4866 4863
f 4863 4862 4858
f 4857 4854 4880
f 4880 4875 4870
f 4870 4863 4858
f 4858 4857 4880
f 4880 4870 4858
f 4888 4887 4886
f 4886 4885 4884
f 4884 4883 4888
f 4888 4886 4884
f 4897 4896 4895
f 4895 4894 4893
f 4893 4892 4891
f 4891 4890 4897
f 4897 4895 4893
f 4893 4891 4897
f 4906 4905 4904
f 4904 4903 4902
f 4902 4901 4900
f 4899 4907 4906
f 4906 4904 4902
f 4902 4900 4899
f 4899 4906 4902
f 4914 4913 4912
f 4912 4911 4910
f 4910 4909 4916
f 4914 4912 4910
f 4910 4916 4915
f 4915 4914 4910
f 4939 4938 4937
f 4937 4936 4935
f 4935 4934 4933
f 4933 4932 4931
f 4929 4928 4927
f 4927 4926 4925
f 4925 4924 4923
f 4923 4922 4921
f 4921 4920 4919
f 4939 4937 4935
f 4935 4933 4931
f 4929 4927 4925
f 4925 4923 4921
f 4921 4919 4918
f 4939 4935 4931
f 4929 4925 4921
f 4921 4918 4939
f 4939 4931 4930
f 4930 4929 4921
f 4921 4939 4930
f 4946 4945 4944
f 4944 4943 4942
f 4942 4941 4946
f 4946 4944 4942
f 4952 4951 4950
f 4950 4949 4948
f 4948 4952 4950
f 4961 4960 4959
f 4959 4958 4957
f 4955 4954 4961
f 4961 4959 4957
f 4956 4955 4961
f 4961 4957 4956
f 4999 4998 4997
f 4996 4995 4994
f 4993 4992 4991
f 4990 4989 4988
f 4987 4986 4985
f 4985 4984 4983
f 4983 4982 4981
f 4978 4977 4976
f 4976 4975 4974
f 4973 4972 4971
f 4971 4970 4969
f 4969 4968 4967
f 4967 4966 4965
f 4963 4999 4997
f 4997 4996 4994
f 4990 4988 4987
f 4987 4985 4983
f 4978 4976 4974
f 4974 4973 4971
f 4971 4969 4967
f 4967 4965 4964
f 4997 4994 4993
f 4990 4987 4983
f 4979 4978 4974
f 4974 4971 4967
f 4997 4993 4991
f 4990 4983 4981
f 4979 4974 4967
f 4963 4997 4991
f 4991 4990 4981
f 4980 4979 4967
f 4963 4991 4981
f 4981 4980 4967
f 4964 4963 4981
f 4981 4967 4964
f 5044 5043 5042
f 5040 5039 5038
f 5038 5037 5036
f 5035 5034 5033
f 5031 5030 5029
f 5029 5028 5027
f 5025 5024 5023
f 5023 5022 5021
f 5020 5019 5018
f 5018 5017 5016
f 5015 5014 5013
f 5013 5012 5011
f 5011 5010 5009
f 5009 5008 5007
f 5003 5002 5001
f 5001 5044 5042
f 5041 5040 5038
f 5038 5036 5035
f 5035 5033 5032
f 5031 5029 5027
f 5023 5021 5020
f 5020 5018 5016
f 5011 5009 5007
f 5003 5001 5042
f 5042 5041 5038
f 5038 5035 5032
f 5032 5031 5027
f 5025 5023 5020
f 5020 5016 5015
f 5013 5011 5007
f 5004 5003 5042
f 5032 5027 5026
f 5025 5020 5015
f 5015 5013 5007
f 5005 5004 5042
f 5025 5015 5007
f 5005 5042 5038
f 5026 5025 5007
f 5006 5005 5038
f 5032 5026 5007
f 5006 5038 5032
f 5032 5007 5006
f 5057 5056 5055
f 5055 5054 5053
f 5053 5052 5051
f 5051 5050 5049
f 5047 5046 5057
f 5057 5055 5053
f 5051 5049 5048
f 5047 5057 5053
f 5053 5051 5048
f 5048 5047 5053
f 5096 5095 5094
f 5094 5093 5092
f 5092 5091 5090
f 5090 5089 5088
f 5087 5086 5085
f 5084 5083 5082
f 5081 5080 5079
f 5079 5078 5077
f 5077 5076 5075
f 5075 5074 5073
f 5072 5071 5070
f 5070 5069 5068
f 5068 5067 5066
f 5066 5065 5064
f 5063 5062 5061
f 5060 5059 5096
f 5094 5092 5090
f 5087 5085 5084
f 5082 5081 5079
f 5079 5077 5075
f 5075 5073 5072
f 5070 5068 5066
f 5066 5064 5063
f 5063 5061 5060
f 5060 5096 5094
f 5094 5090 5088
f 5082 5079 5075
f 5075 5072 5070
f 5070 5066 5063
f 5063 5060 5094
f 5084 5082 5075
f 5075 5070 5063
f 5063 5094 5088
f 5087 5084 5075
f 5075 5063 5088
f 5088 5087 5075
f 5130 5129 5128
f 5126 5125 5124
f 5123 5122 5121
f 5121 5120 5119
f 5118 5117 5116
f 5115 5114 5113
f 5113 5112 5111
f 5111 5110 5109
f 5109 5108 5107
f 5106 5105 5104
f 5104 5103 5102
f 5101 5100 5099
f 5099 5098 5131
f 5131 5130 5128
f 5127 5126 5124
f 5123 5121 5119
f 5118 5116 5115
f 5115 5113 5111
f 5107 5106 5104
f 5104 5102 5101
f 5101 5099 5131
f 5131 5128 5127
f 5127 5124 5123
f 5123 5119 5118
f 5118 5115 5111
f 5107 5104 5101
f 5101 5131 5127
f 5127 5123 5118
f 5118 5111 5109
f 5107 5101 5127
f 5127 5118 5109
f 5109 5107 5127
f 5265 5264 5263
f 5263 5262 5261
f 5260 5259 5258
f 5258 5257 5256
f 5255 5254 5253
f 5252 5251 5250
f 5249 5248 5247
f 5245 5244 5243
f 5243 5242 5241
f 5240 5239 5238
f 5238 5237 5236
f 5235 5234 5233
f 5231 5230 5229
f 5229 5228 5227
f 5227 5226 5225
f 5224 5223 5222
f 5222 5221 5220
f 5218 5217 5216
f 5216 5215 5214
f 5214 5213 5212
f 5211 5210 5209
f 5207 5206 5205
f 5205 5204 5203
f 5203 5202 5201
f 5200 5199 5198
f 5197 5196 5195
f 5195 5194 5193
f 5190 5189 5188
f 5188 5187 5186
f 5185 5184 5183
f 5182 5181 5180
f 5180 5179 5178
f 5177 5176 5175
f 5174 5173 5172
f 5172 5171 5170
f 5169 5168 5167
f 5166 5165 5164
f 5163 5162 5161
f 5159 5158 5157
f 5155 5154 5153
f 5153 5152 5151
f 5149 5148 5147
f 5147 5146 5145
f 5144 5143 5142
f 5141 5140 5139
f 5137 5136 5135
f 5134 5133 5267
f 5265 5263 5261
f 5255 5253 5252
f 5249 5247 5246
f 5245 5243 5241
f 5240 5238 5236
f 5236 5235 5233
f 5232 5231 5229
f 5227 5225 5224
f 5224 5222 5220
f 5218 5216 5214
f 5214 5212 5211
f 5211 5209 5208
f 5208 5207 5205
f 5205 5203 5201
f 5201 5200 5198
f 5195 5193 5192
f 5190 5188 5186
f 5185 5183 5182
f 5180 5178 5177
f 5175 5174 5172
f 5172 5170 5169
f 5169 5167 5166
f 5166 5164 5163
f 5163 5161 5160
f 5160 5159 5157
f 5156 5155 5153
f 5142 5141 5139
f 5137 5135 5134
f 5134 5267 5266
f 5266 5265 5261
f 5255 5252 5250
f 5249 5246 5245
f 5241 5240 5236
f 5236 5233 5232
f 5232 5229 5227
f 5227 5224 5220
f 5218 5214 5211
f 5208 5205 5201
f 5195 5192 5191
f 5191 5190 5186
f 5185 5182 5180
f 5180 5177 5175
f 5175 5172 5169
f 5169 5166 5163
f 5156 5153 5151
f 5142 5139 5138
f 5137 5134 5266
f 5266 5261 5260
f 5256 5255 5250
f 5249 5245 5241
f 5241 5236 5232
f 5232 5227 5220
f 5218 5211 5208
f 5208 5201 5198
f 5191 5186 5185
f 5185 5180 5175
f 5175 5169 5163
f 5157 5156 5151
f 5138 5137 5266
f 5266 5260 5258
f 5258 5256 5250
f 5250 5249 5241
f 5241 5232 5220
f 5218 5208 5198
f 5191 5185 5175
f 5175 5163 5160
f 5157 5151 5150
f 5142 5138 5266
f 5266 5258 5250
f 5250 5241 5220
f 5218 5198 5197
f 5195 5191 5175
f 5175 5160 5157
f 5142 5266 5250
f 5250 5220 5219
f 5197 5195 5175
f 5144 5142 5250
f 5250 5219 5218
f 5197 5175 5157
f 5145 5144 5250
f 5250 5218 5197
f 5197 5157 5150
f 5147 5145 5250
f 5250 5197 5150
f 5149 5147 5250
f 5250 5150 5149
f 5280 5279 5278
f 5278 5277 5276
f 5275 5274 5273
f 5273 5272 5271
f 5271 5270 5269
f 5269 5280 5278
f 5278 5276 5275
f 5275 5273 5271
f 5271 5269 5278
f 5278 5275 5271
f 5352 5351 5350
f 5350 5349 5348
f 5347 5346 5345
f 5345 5344 5343
f 5340 5339 5338
f 5337 5336 5335
f 5335 5334 5333
f 5332 5331 5330
f 5330 5329 5328
f 5327 5326 5325
f 5325 5324 5323
f 5322 5321 5320
f 5320 5319 5318
f 5317 5316 5315
f 5312 5311 5310
f 5310 5309 5308
f 5307 5306 5305
f 5304 5303 5302
f 5302 5301 5300
f 5300 5299 5298
f 5297 5296 5295
f 5295 5294 5293
f 5293 5292 5291
f 5291 5290 5289
f 5289 5288 5287
f 5287 5286 5285
f 5284 5283 5282
f 5282 5355 5354
f 5350 5348 5347
f 5347 5345 5343
f 5341 5340 5338
f 5338 5337 5335
f 5332 5330 5328
f 5327 5325 5323
f 5320 5318 5317
f 5317 5315 5314
f 5312 5310 5308
f 5307 5305 5304
f 5304 5302 5300
f 5300 5298 5297
f 5293 5291 5289
f 5289 5287 5285
f 5284 5282 5354
f 5350 5347 5343
f 5341 5338 5335
f 5333 5332 5328
f 5327 5323 5322
f 5320 5317 5314
f 5312 5308 5307
f 5307 5304 5300
f 5300 5297 5295
f 5295 5293 5289
f 5289 5285 5284
f 5350 5343 5342
f 5342 5341 5335
f 5333 5328 5327
f 5327 5322 5320
f 5320 5314 5313
f 5313 5312 5307
f 5295 5289 5284
f 5352 5350 5342
f 5342 5335 5333
f 5333 5327 5320
f 5320 5313 5307
f 5300 5295 5284
f 5352 5342 5333
f 5333 5320 5307
f 5307 5300 5284
f 5353 5352 5333
f 5307 5284 5354
f 5353 5333 5307
f 5307 5354 5353
f 5385 5384 5383
f 5383 5382 5381
f 5381 5380 5379
f 5379 5378 5377
f 5376 5375 5374
f 5372 5371 5370
f 5369 5368 5367
f 5366 5365 5364
f 5364 5363 5362
f 5359 5358 5357
f 5385 5383 5381
f 5381 5379 5377
f 5376 5374 5373
f 5373 5372 5370
f 5369 5367 5366
f 5364 5362 5361
f 5359 5357 5385
f 5385 5381 5377
f 5377 5376 5373
f 5373 5370 5369
f 5369 5366 5364
f 5360 5359 5385
f 5385 5377 5373
f 5373 5369 5364
f 5360 5385 5373
f 5373 5364 5361
f 5361 5360 5373
f 5405 5404 5403
f 5403 5402 5401
f 5401 5400 5399
f 5399 5398 5397
f 5396 5395 5394
f 5394 5393 5392
f 5392 5391 5390
f 5390 5389 5388
f 5387 5405 5403
f 5401 5399 5397
f 5397 5396 5394
f 5394 5392 5390
f 5390 5388 5387
f 5387 5403 5401
f 5401 5397 5394
f 5394 5390 5387
f 5387 5401 5394
f 5427 5426 5425
f 5425 5424 5423
f 5423 5422 5421
f 5421 5420 5419
f 5419 5418 5417
f 5417 5416 5415
f 5415 5414 5413
f 5411 5410 5409
f 5408 5407 5428
f 5427 5425 5423
f 5423 5421 5419
f 5419 5417 5415
f 5415 5413 5412
f 5412 5411 5409
f 5408 5428 5427
f 5419 5415 5412
f 5408 5427 5423
f 5419 5412 5409
f 5408 5423 5419
f 5419 5409 5408
f 5437 5436 5435
f 5435 5434 5433
f 5433 5432 5431
f 5430 5439 5438
f 5438 5437 5435
f 5435 5433 5431
f 5431 5430 5438
f 5438 5435 5431
f 5448 5447 5446
f 5446 5445 5444
f 5443 5442 5441
f 5441 5449 5448
f 5448 5446 5444
f 5444 5443 5441
f 5441 5448 5444
f 5515 5514 5513
f 5512 5511 5510
f 5509 5508 5507
f 5506 5505 5504
f 5503 5502 5501
f 5500 5499 5498
f 5497 5496 5495
f 5493 5492 5491
f 5491 5490 5489
f 5489 5488 5487
f 5486 5485 5484
f 5484 5483 5482
f 5482 5481 5480
f 5480 5479 5478
f 5478 5477 5476
f 5475 5474 5473
f 5470 5469 5468
f 5468 5467 5466
f 5466 5465 5464
f 5464 5463 5462
f 5460 5459 5458
f 5457 5456 5455
f 5454 5453 5452
f 5452 5451 5515
f 5515 5513 5512
f 5507 5506 5504
f 5504 5503 5501
f 5500 5498 5497
f 5497 5495 5494
f 5491 5489 5487
f 5480 5478 5476
f 5475 5473 5472
f 5471 5470 5468
f 5468 5466 5464
f 5464 5462 5461
f 5455 5454 5452
f 5452 5515 5512
f 5504 5501 5500
f 5500 5497 5494
f 5491 5487 5486
f 5480 5476 5475
f 5471 5468 5464
f 5455 5452 5512
f 5507 5504 5500
f 5500 5494 5493
f 5491 5486 5484
f 5482 5480 5475
f 5472 5471 5464
f 5457 5455 5512
f 5509 5507 5500
f 5500 5493 5491
f 5482 5475 5472
f 5472 5464 5461
f 5457 5512 5510
f 5509 5500 5491
f 5484 5482 5472
f 5472 5461 5460
f 5458 5457 5510
f 5510 5509 5491
f 5491 5484 5472
f 5472 5460 5458
f 5458 5510 5491
f 5491 5472 5458
f 5526 5525 5524
f 5524 5523 5522
f 5522 5521 5520
f 5520 5519 5518
f 5518 5517 5526
f 5526 5524 5522
f 5522 5520 5518
f 5518 5526 5522
f 5544 5543 5542
f 5542 5541 5540
f 5540 5539 5538
f 5537 5536 5535
f 5535 5534 5533
f 5533 5532 5531
f 5531 5530 5529
f 5529 5528 5545
f 5542 5540 5538
f 5537 5535 5533
f 5533 5531 5529
f 5529 5545 5544
f 5544 5542 5538
f 5538 5537 5533
f 5533 5529 5544
f 5544 5538 5533
f 5557 5556 5555
f 5555 5554 5553
f 5553 5552 5551
f 5549 5548 5547
f 5547 5557 5555
f 5555 5553 5551
f 5549 5547 5555
f 5555 5551 5550
f 5550 5549 5555
f 5593 5592 5591
f 5591 5590 5589
f 5589 5588 5587
f 5584 5583 5582
f 5582 5581 5580
f 5579 5578 5577
f 5577 5576 5575
f 5574 5573 5572
f 5572 5571 5570
f 5569 5568 5567
f 5566 5565 5564
f 5563 5562 5561
f 5561 5560 5559
f 5559 5594 5593
f 5593 5591 5589
f 5585 5584 5582
f 5582 5580 5579
f 5577 5575 5574
f 5574 5572 5570
f 5566 5564 5563
f 5563 5561 5559
f 5559 5593 5589
f 5586 5585 5582
f 5577 5574 5570
f 5566 5563 5559
f 5559 5589 5587
f 5577 5570 5569
f 5567 5566 5559
f 5559 5587 5586
f 5579 5577 5569
f 5569 5567 5559
f 5559 5586 5582
f 5582 5579 5569
f 5569 5559 5582
f 5609 5608 5607
f 5606 5605 5604
f 5604 5603 5602
f 5601 5600 5599
f 5599 5598 5597
f 5610 5609 5607
f 5606 5604 5602
f 5599 5597 5596
f 5596 5610 5607
f 5607 5606 5602
f 5601 5599 5596
f 5607 5602 5601
f 5601 5596 5607
f 5720 5719 5718
f 5717 5716 5715
f 5713 5712 5711
f 5710 5709 5708
f 5708 5707 5706
f 5705 5704 5703
f 5702 5701 5700
f 5700 5699 5698
f 5698 5697 5696
f 5696 5695 5694
f 5693 5692 5691
f 5691 5690 5689
f 5689 5688 5687
f 5686 5685 5684
f 5683 5682 5681
f 5680 5679 5678
f 5678 5677 5676
f 5675 5674 5673
f 5673 5672 5671
f 5670 5669 5668
f 5668 5667 5666
f 5665 5664 5663
f 5663 5662 5661
f 5660 5659 5658
f 5657 5656 5655
f 5653 5652 5651
f 5651 5650 5649
f 5649 5648 5647
f 5645 5644 5643
f 5642 5641 5640
f 5639 5638 5637
f 5636 5635 5634
f 5631 5630 5629
f 5627 5626 5625
f 5624 5623 5622
f 5620 5619 5618
f 5618 5617 5616
f 5616 5615 5614
f 5612 5722 5721
f 5720 5718 5717
f 5717 5715 5714
f 5713 5711 5710
f 5708 5706 5705
f 5705 5703 5702
f 5702 5700 5698
f 5696 5694 5693
f 5691 5689 5687
f 5686 5684 5683
f 5683 5681 5680
f 5678 5676 5675
f 5675 5673 5671
f 5668 5666 5665
f 5665 5663 5661
f 5660 5658 5657
f 5657 5655 5654
f 5653 5651 5649
f 5645 5643 5642
f 5642 5640 5639
f 5636 5634 5633
f 5631 5629 5628
f 5627 5625 5624
f 5624 5622 5621
f 5620 5618 5616
f 5616 5614 5613
f 5613 5612 5721
f 5717 5714 5713
f 5713 5710 5708
f 5705 5702 5698
f 5698 5696 5693
f 5691 5687 5686
f 5686 5683 5680
f 5680 5678 5675
f 5668 5665 5661
f 5660 5657 5654
f 5654 5653 5649
f 5645 5642 5639
f 5637 5636 5633
f 5632 5631 5628
f 5627 5624 5621
f 5620 5616 5613
f 5717 5713 5708
f 5708 5705 5698
f 5698 5693 5691
f 5691 5686 5680
f 5680 5675 5671
f 5668 5661 5660
f 5660 5654 5649
f 5645 5639 5637
f 5637 5633 5632
f 5621 5620 5613
f 5720 5717 5708
f 5708 5698 5691
f 5691 5680 5671
f 5668 5660 5649
f 5645 5637 5632
f 5621 5613 5721
f 5721 5720 5708
f 5708 5691 5671
f 5670 5668 5649
f 5646 5645 5632
f 5627 5621 5721
f 5721 5708 5671
f 5670 5649 5647
f 5646 5632 5628
f 5721 5671 5670
f 5670 5647 5646
f 5646 5628 5627
f 5627 5721 5670
f 5670 5646 5627
f 5758 5757 5756
f 5756 5755 5754
f 5752 5751 5750
f 5749 5748 5747
f 5746 5745 5744
f 5743 5742 5741
f 5741 5740 5739
f 5738 5737 5736
f 5736 5735 5734
f 5733 5732 5731
f 5731 5730 5729
f 5729 5728 5727
f 5727 5726 5725
f 5725 5724 5759
f 5758 5756 5754
f 5752 5750 5749
f 5746 5744 5743
f 5743 5741 5739
f 5738 5736 5734
f 5733 5731 5729
f 5727 5725 5759
f 5759 5758 5754
f 5747 5746 5743
f 5739 5738 5734
f 5734 5733 5729
f 5727 5759 5754
f 5749 5747 5743
f 5739 5734 5729
f 5729 5727 5754
f 5749 5743 5739
f 5729 5754 5753
f 5752 5749 5739
f 5739 5729 5753
f 5753 5752 5739
f 5793 5792 5791
f 5788 5787 5786
f 5786 5785 5784
f 5783 5782 5781
f 5781 5780 5779
f 5777 5776 5775
f 5775 5774 5773
f 5773 5772 5771
f 5770 5769 5768
f 5768 5767 5766
f 5766 5765 5764
f 5763 5762 5761
f 5761 5794 5793
f 5793 5791 5790
f 5788 5786 5784
f 5783 5781 5779
f 5778 5777 5775
f 5775 5773 5771
f 5771 5770 5768
f 5766 5764 5763
f 5763 5761 5793
f 5793 5790 5789
f 5788 5784 5783
f 5783 5779 5778
f 5778 5775 5771
f 5771 5768 5766
f 5763 5793 5789
f 5788 5783 5778
f 5778 5771 5766
f 5766 5763 5789
f 5789 5788 5778
f 5778 5766 5789
f 5811 5810 5809
f 5809 5808 5807
f 5807 5806 5805
f 5805 5804 5803
f 5802 5801 5800
f 5800 5799 5798
f 5798 5797 5796
f 5796 5811 5809
f 5807 5805 5803
f 5802 5800 5798
f 5798 5796 5809
f 5809 5807 5803
f 5802 5798 5809
f 5809 5803 5802
f 5828 5827 5826
f 5826 5825 5824
f 5823 5822 5821
f 5821 5820 5819
f 5819 5818 5817
f 5817 5816 5815
f 5815 5814 5813
f 5813 5830 5829
f 5829 5828 5826
f 5826 5824 5823
f 5823 5821 5819
f 5819 5817 5815
f 5815 5813 5829
f 5829 5826 5823
f 5823 5819 5815
f 5815 5829 5823
f 5850 5849 5848
f 5848 5847 5846
f 5845 5844 5843
f 5843 5842 5841
f 5841 5840 5839
f 5838 5837 5836
f 5836 5835 5834
f 5834 5833 5832
f 5851 5850 5848
f 5848 5846 5845
f 5843 5841 5839
f 5838 5836 5834
f 5834 5832 5851
f 5851 5848 5845
f 5845 5843 5839
f 5839 5838 5834
f 5834 5851 5845
f 5845 5839 5834
f 5860 5859 5858
f 5857 5856 5855
f 5854 5853 5860
f 5860 5858 5857
f 5857 5855 5854
f 5854 5860 5857
f 5897 5896 5895
f 5895 5894 5893
f 5893 5892 5891
f 5890 5889 5888
f 5887 5886 5885
f 5884 5883 5882
f 5882 5881 5880
f 5879 5878 5877
f 5877 5876 5875
f 5875 5874 5873
f 5873 5872 5871
f 5870 5869 5868
f 5865 5864 5863
f 5862 5897 5895
f 5895 5893 5891
f 5891 5890 5888
f 5888 5887 5885
f 5884 5882 5880
f 5880 5879 5877
f 5877 5875 5873
f 5873 5871 5870
f 5870 5868 5867
f 5863 5862 5895
f 5895 5891 5888
f 5888 5885 5884
f 5884 5880 5877
f 5873 5870 5867
f 5865 5863 5895
f 5888 5884 5877
f 5877 5873 5867
f 5865 5895 5888
f 5888 5877 5867
f 5866 5865 5888
f 5888 5867 5866
f 5907 5906 5905
f 5905 5904 5903
f 5903 5902 5901
f 5901 5900 5899
f 5899 5908 5907
f 5907 5905 5903
f 5903 5901 5899
f 5899 5907 5903
f 5934 5933 5932
f 5932 5931 5930
f 5929 5928 5927
f 5927 5926 5925
f 5922 5921 5920
f 5919 5918 5917
f 5917 5916 5915
f 5915 5914 5913
f 5912 5911 5910
f 5910 5935 5934
f 5934 5932 5930
f 5929 5927 5925
f 5922 5920 5919
f 5919 5917 5915
f 5915 5913 5912
f 5912 5910 5934
f 5934 5930 5929
f 5929 5925 5924
f 5922 5919 5915
f 5915 5912 5934
f 5929 5924 5923
f 5923 5922 5915
f 5915 5934 5929
f 5929 5923 5915
f 5990 5989 5988
f 5987 5986 5985
f 5984 5983 5982
f 5982 5981 5980
f 5980 5979 5978
f 5977 5976 5975
f 5975 5974 5973
f 5973 5972 5971
f 5971 5970 5969
f 5967 5966 5965
f 5964 5963 5962
f 5962 5961 5960
f 5960 5959 5958
f 5958 5957 5956
f 5956 5955 5954
f 5953 5952 5951
f 5950 5949 5948
f 5948 5947 5946
f 5946 5945 5944
f 5944 5943 5942
f 5940 5939 5938
f 5938 5937 5991
f 5990 5988 5987
f 5987 5985 5984
f 5980 5978 5977
f 5975 5973 5971
f 5967 5965 5964
f 5964 5962 5960
f 5960 5958 5956
f 5956 5954 5953
f 5953 5951 5950
f 5950 5948 5946
f 5946 5944 5942
f 5941 5940 5938
f 5938 5991 5990
f 5990 5987 5984
f 5982 5980 5977
f 5977 5975 5971
f 5964 5960 5956
f 5956 5953 5950
f 5950 5946 5942
f 5941 5938 5990
f 5990 5984 5982
f 5982 5977 5971
f 5967 5964 5956
f 5956 5950 5942
f 5941 5990 5982
f 5982 5971 5969
f 5967 5956 5942
f 5942 5941 5982
f 5982 5969 5968
f 5968 5967 5942
f 5942 5982 5968
f 6001 6000 5999
f 5999 5998 5997
f 5997 5996 5995
f 5995 5994 5993
f 5993 6001 5999
f 5999 5997 5995
f 5995 5993 5999
f 6013 6012 6011
f 6011 6010 6009
f 6009 6008 6007
f 6006 6005 6004
f 6004 6003 6013
f 6013 6011 6009
f 6009 6007 6006
f 6006 6004 6013
f 6013 6009 6006
f 6031 6030 6029
f 6029 6028 6027
f 6027 6026 6025
f 6025 6024 6023
f 6023 6022 6021
f 6021 6020 6019
f 6019 6018 6017
f 6016 6015 6032
f 6031 6029 6027
f 6027 6025 6023
f 6023 6021 6019
f 6019 6017 6016
f 6016 6032 6031
f 6031 6027 6023
f 6023 6019 6016
f 6016 6031 6023
f 6039 6038 6037
f 6037 6036 6035
f 6035 6034 6039
f 6039 6037 6035
f 6060 6059 6058
f 6058 6057 6056
f 6056 6055 6054
f 6054 6053 6052
f 6052 6051 6050
f 6049 6048 6047
f 6047 6046 6045
f 6044 6043 6042
f 6042 6041 6061
f 6058 6056 6054
f 6054 6052 6050
f 6049 6047 6045
f 6044 6042 6061
f 6058 6054 6050
f 6050 6049 6045
f 6045 6044 6061
f 6060 6058 6050
f 6045 6061 6060
f 6060 6050 6045
f 6125 6124 6123
f 6121 6120 6119
f 6118 6117 6116
f 6115 6114 6113
f 6113 6112 6111
f 6111 6110 6109
f 6109 6108 6107
f 6105 6104 6103
f 6103 6102 6101
f 6100 6099 6098
f 6098 6097 6096
f 6095 6094 6093
f 6093 6092 6091
f 6091 6090 6089
f 6088 6087 6086
f 6085 6084 6083
f 6082 6081 6080
f 6079 6078 6077
f 6076 6075 6074
f 6074 6073 6072
f 6072 6071 6070
f 6068 6067 6066
f 6065 6064 6063
f 6063 6125 6123
f 6122 6121 6119
f 6119 6118 6116
f 6113 6111 6109
f 6109 6107 6106
f 6105 6103 6101
f 6101 6100 6098
f 6098 6096 6095
f 6093 6091 6089
f 6088 6086 6085
f 6083 6082 6080
f 6079 6077 6076
f 6072 6070 6069
f 6069 6068 6066
f 6065 6063 6123
f 6122 6119 6116
f 6113 6109 6106
f 6105 6101 6098
f 6098 6095 6093
f 6088 6085 6083
f 6079 6076 6074
f 6074 6072 6069
f 6069 6066 6065
f 6065 6123 6122
f 6115 6113 6106
f 6105 6098 6093
f 6089 6088 6083
f 6080 6079 6074
f 6074 6069 6065
f 6065 6122 6116
f 6115 6106 6105
f 6105 6093 6089
f 6089 6083 6080
f 6080 6074 6065
f 6065 6116 6115
f 6115 6105 6089
f 6089 6080 6065
f 6065 6115 6089
f 6150 6149 6148
f 6147 6146 6145
f 6145 6144 6143
f 6143 6142 6141
f 6140 6139 6138
f 6138 6137 6136
f 6136 6135 6134
f 6134 6133 6132
f 6132 6131 6130
f 6129 6128 6127
f 6127 6152 6151
f 6148 6147 6145
f 6145 6143 6141
f 6140 6138 6136
f 6136 6134 6132
f 6132 6130 6129
f 6129 6127 6151
f 6148 6145 6141
f 6140 6136 6132
f 6132 6129 6151
f 6150 6148 6141
f 6141 6140 6132
f 6132 6151 6150
f 6150 6141 6132
f 6201 6200 6199
f 6197 6196 6195
f 6194 6193 6192
f 6192 6191 6190
f 6189 6188 6187
f 6187 6186 6185
f 6185 6184 6183
f 6182 6181 6180
f 6180 6179 6178
f 6178 6177 6176
f 6176 6175 6174
f 6174 6173 6172
f 6171 6170 6169
f 6167 6166 6165
f 6164 6163 6162
f 6160 6159 6158
f 6158 6157 6156
f 6156 6155 6154
f 6154 6201 6199
f 6197 6195 6194
f 6192 6190 6189
f 6189 6187 6185
f 6180 6178 6176
f 6176 6174 6172
f 6172 6171 6169
f 6167 6165 6164
f 6164 6162 6161
f 6160 6158 6156
f 6156 6154 6199
f 6198 6197 6194
f 6192 6189 6185
f 6182 6180 6176
f 6176 6172 6169
f 6168 6167 6164
f 6161 6160 6156
f 6156 6199 6198
f 6194 6192 6185
f 6182 6176 6169
f 6168 6164 6161
f 6161 6156 6198
f 6194 6185 6183
f 6183 6182 6169
f 6169 6168 6161
f 6161 6198 6194
f 6194 6183 6169
f 6169 6161 6194
f 6367 6366 6365
f 6365 6364 6363
f 6363 6362 6361
f 6358 6357 6356
f 6356 6355 6354
f 6354 6353 6352
f 6351 6350 6349
f 6347 6346 6345
f 6345 6344 6343
f 6342 6341 6340
f 6336 6335 6334
f 6334 6333 6332
f 6332 6331 6330
f 6327 6326 6325
f 6323 6322 6321
f 6321 6320 6319
f 6319 6318 6317
f 6316 6315 6314
f 6313 6312 6311
f 6311 6310 6309
f 6309 6308 6307
f 6307 6306 6305
f 6305 6304 6303
f 6302 6301 6300
f 6299 6298 6297
f 6296 6295 6294
f 6293 6292 6291
f 6291 6290 6289
f 6289 6288 6287
f 6286 6285 6284
f 6283 6282 6281
f 6279 6278 6277
f 6276 6275 6274
f 6274 6273 6272
f 6272 6271 6270
f 6270 6269 6268
f 6267 6266 6265
f 6265 6264 6263
f 6263 6262 6261
f 6261 6260 6259
f 6255 6254 6253
f 6253 6252 6251
f 6250 6249 6248
f 6247 6246 6245
f 6244 6243 6242
f 6241 6240 6239
f 6238 6237 6236
f 6236 6235 6234
f 6234 6233 6232
f 6232 6231 6230
f 6229 6228 6227
f 6227 6226 6225
f 6225 6224 6223
f 6223 6222 6221
f 6216 6215 6214
f 6214 6213 6212
f 6211 6210 6209
f 6209 6208 6207
f 6206 6205 6204
f 6203 6371 6370
f 6368 6367 6365
f 6365 6363 6361
f 6358 6356 6354
f 6354 6352 6351
f 6348 6347 6345
f 6345 6343 6342
f 6342 6340 6339
f 6336 6334 6332
f 6328 6327 6325
f 6323 6321 6319
f 6319 6317 6316
f 6316 6314 6313
f 6313 6311 6309
f 6309 6307 6305
f 6296 6294 6293
f 6293 6291 6289
f 6289 6287 6286
f 6286 6284 6283
f 6276 6274 6272
f 6272 6270 6268
f 6267 6265 6263
f 6263 6261 6259
f 6255 6253 6251
f 6250 6248 6247
f 6247 6245 6244
f 6242 6241 6239
f 6239 6238 6236
f 6236 6234 6232
f 6229 6227 6225
f 6225 6223 6221
f 6204 6203 6370
f 6368 6365 6361
f 6358 6354 6351
f 6349 6348 6345
f 6345 6342 6339
f 6337 6336 6332
f 6328 6325 6324
f 6324 6323 6319
f 6316 6313 6309
f 6309 6305 6303
f 6296 6293 6289
f 6286 6283 6281
f 6276 6272 6268
f 6267 6263 6259
f 6256 6255 6251
f 6250 6247 6244
f 6242 6239 6236
f 6236 6232 6230
f 6230 6229 6225
f 6225 6221 6220
f 6204 6370 6369
f 6368 6361 6360
f 6359 6358 6351
f 6345 6339 6338
f 6338 6337 6332
f 6324 6319 6316
f 6316 6309 6303
f 6296 6289 6286
f 6277 6276 6268
f 6267 6259 6258
f 6256 6251 6250
f 6242 6236 6230
f 6230 6225 6220
f 6206 6204 6369
f 6368 6360 6359
f 6359 6351 6349
f 6338 6332 6330
f 6328 6324 6316
f 6316 6303 6302
f 6296 6286 6281
f 6279 6277 6268
f 6267 6258 6257
f 6257 6256 6250
f 6242 6230 6220
f 6206 6369 6368
f 6368 6359 6349
f 6338 6330 6329
f 6328 6316 6302
f 6296 6281 6280
f 6280 6279 6268
f 6267 6257 6250
f 6244 6242 6220
f 6206 6368 6349
f 6345 6338 6329
f 6329 6328 6302
f 6280 6268 6267
f 6267 6250 6244
f 6244 6220 6219
f 6207 6206 6349
f 6345 6329 6302
f 6244 6219 6218
f 6209 6207 6349
f 6345 6302 6300
f 6244 6218 6217
f 6211 6209 6349
f 6345 6300 6299
f 6244 6217 6216
f 6212 6211 6349
f 6349 6345 6299
f 6244 6216 6214
f 6349 6299 6297
f 6267 6244 6214
f 6349 6297 6296
f 6280 6267 6214
f 6212 6349 6296
f 6280 6214 6212
f 6212 6296 6280
f 6388 6387 6386
f 6386 6385 6384
f 6383 6382 6381
f 6381 6380 6379
f 6379 6378 6377
f 6376 6375 6374
f 6373 6388 6386
f 6386 6384 6383
f 6383 6381 6379
f 6379 6377 6376
f 6376 6374 6373
f 6373 6386 6383
f 6383 6379 6376
f 6376 6373 6383
f 6464 6463 6462
f 6460 6459 6458
f 6458 6457 6456
f 6455 6454 6453
f 6452 6451 6450
f 6448 6447 6446
f 6446 6445 6444
f 6442 6441 6440
f 6439 6438 6437
f 6436 6435 6434
f 6434 6433 6432
f 6432 6431 6430
f 6430 6429 6428
f 6428 6427 6426
f 6425 6424 6423
f 6422 6421 6420
f 6418 6417 6416
f 6416 6415 6414
f 6414 6413 6412
f 6411 6410 6409
f 6408 6407 6406
f 6405 6404 6403
f 6403 6402 6401
f 6400 6399 6398
f 6397 6396 6395
f 6395 6394 6393
f 6393 6392 6391
f 6390 6464 6462
f 6460 6458 6456
f 6455 6453 6452
f 6446 6444 6443
f 6442 6440 6439
f 6439 6437 6436
f 6434 6432 6430
f 6425 6423 6422
f 6418 6416 6414
f 6414 6412 6411
f 6411 6409 6408
f 6408 6406 6405
f 6405 6403 6401
f 6401 6400 6398
f 6397 6395 6393
f 6393 6391 6390
f 6390 6462 6461
f 6461 6460 6456
f 6456 6455 6452
f 6446 6443 6442
f 6442 6439 6436
f 6436 6434 6430
f 6425 6422 6420
f 6418 6414 6411
f 6411 6408 6405
f 6405 6401 6398
f 6397 6393 6390
f 6390 6461 6456
f 6456 6452 6450
f 6446 6442 6436
f 6436 6430 6428
f 6418 6411 6405
f 6405 6398 6397
f 6397 6390 6456
f 6448 6446 6436
f 6436 6428 6426
f 6419 6418 6405
f 6397 6456 6450
f 6449 6448 6436
f 6420 6419 6405
f 6405 6397 6450
f 6449 6436 6426
f 6425 6420 6405
f 6405 6450 6449
f 6449 6426 6425
f 6425 6405 6449
f 6534 6533 6532
f 6532 6531 6530
f 6527 6526 6525
f 6525 6524 6523
f 6522 6521 6520
f 6520 6519 6518
f 6518 6517 6516
f 6515 6514 6513
f 6513 6512 6511
f 6510 6509 6508
f 6507 6506 6505
f 6505 6504 6503
f 6503 6502 6501
f 6501 6500 6499
f 6499 6498 6497
f 6497 6496 6495
f 6494 6493 6492
f 6492 6491 6490
f 6488 6487 6486
f 6485 6484 6483
f 6483 6482 6481
f 6480 6479 6478
f 6478 6477 6476
f 6474 6473 6472
f 6472 6471 6470
f 6469 6468 6467
f 6467 6466 6534
f 6534 6532 6530
f 6527 6525 6523
f 6522 6520 6518
f 6518 6516 6515
f 6513 6511 6510
f 6507 6505 6503
f 6503 6501 6499
f 6494 6492 6490
f 6488 6486 6485
f 6483 6481 6480
f 6480 6478 6476
f 6474 6472 6470
f 6467 6534 6530
f 6522 6518 6515
f 6513 6510 6508
f 6507 6503 6499
f 6495 6494 6490
f 6485 6483 6480
f 6480 6476 6475
f 6474 6470 6469
f 6467 6530 6529
f 6523 6522 6515
f 6513 6508 6507
f 6507 6499 6497
f 6497 6495 6490
f 6485 6480 6475
f 6467 6529 6528
f 6523 6515 6513
f 6513 6507 6497
f 6497 6490 6489
f 6488 6485 6475
f 6467 6528 6527
f 6523 6513 6497
f 6489 6488 6475
f 6469 6467 6527
f 6527 6523 6497
f 6489 6475 6474
f 6469 6527 6497
f 6489 6474 6469
f 6469 6497 6489
f 6552 6551 6550
f 6550 6549 6548
f 6547 6546 6545
f 6545 6544 6543
f 6542 6541 6540
f 6540 6539 6538
f 6536 6552 6550
f 6550 6548 6547
f 6547 6545 6543
f 6543 6542 6540
f 6540 6538 6537
f 6536 6550 6547
f 6547 6543 6540
f 6540 6537 6536
f 6536 6547 6540
f 6627 6626 6625
f 6623 6622 6621
f 6621 6620 6619
f 6619 6618 6617
f 6617 6616 6615
f 6614 6613 6612
f 6611 6610 6609
f 6609 6608 6607
f 6606 6605 6604
f 6603 6602 6601
f 6598 6597 6596
f 6596 6595 6594
f 6592 6591 6590
f 6590 6589 6588
f 6587 6586 6585
f 6584 6583 6582
f 6581 6580 6579
f 6578 6577 6576
f 6576 6575 6574
f 6574 6573 6572
f 6572 6571 6570
f 6568 6567 6566
f 6565 6564 6563
f 6561 6560 6559
f 6559 6558 6557
f 6557 6556 6555
f 6554 6627 6625
f 6623 6621 6619
f 6617 6615 6614
f 6611 6609 6607
f 6606 6604 6603
f 6603 6601 6600
f 6599 6598 6596
f 6593 6592 6590
f 6590 6588 6587
f 6584 6582 6581
f 6581 6579 6578
f 6574 6572 6570
f 6568 6566 6565
f 6565 6563 6562
f 6559 6557 6555
f 6555 6554 6625
f 6624 6623 6619
f 6617 6614 6612
f 6612 6611 6607
f 6607 6606 6603
f 6599 6596 6594
f 6593 6590 6587
f 6584 6581 6578
f 6574 6570 6569
f 6568 6565 6562
f 6561 6559 6555
f 6555 6625 6624
f 6624 6619 6617
f 6617 6612 6607
f 6607 6603 6600
f 6599 6594 6593
f 6593 6587 6585
f 6585 6584 6578
f 6569 6568 6562
f 6561 6555 6624
f 6624 6617 6607
f 6607 6600 6599
f 6599 6593 6585
f 6585 6578 6576
f 6574 6569 6562
f 6561 6624 6607
f 6607 6599 6585
f 6585 6576 6574
f 6574 6562 6561
f 6561 6607 6585
f 6585 6574 6561
f 6704 6703 6702
f 6698 6697 6696
f 6694 6693 6692
f 6692 6691 6690
f 6690 6689 6688
f 6688 6687 6686
f 6684 6683 6682
f 6680 6679 6678
f 6676 6675 6674
f 6674 6673 6672
f 6671 6670 6669
f 6668 6667 6666
f 6666 6665 6664
f 6661 6660 6659
f 6659 6658 6657
f 6657 6656 6655
f 6654 6653 6652
f 6650 6649 6648
f 6648 6647 6646
f 6645 6644 6643
f 6643 6642 6641
f 6640 6639 6638
f 6638 6637 6636
f 6634 6633 6632
f 6632 6631 6630
f 6630 6629 6704
f 6704 6702 6701
f 6694 6692 6690
f 6690 6688 6686
f 6680 6678 6677
f 6676 6674 6672
f 6671 6669 6668
f 6668 6666 6664
f 6662 6661 6659
f 6657 6655 6654
f 6654 6652 6651
f 6646 6645 6643
f 6643 6641 6640
f 6640 6638 6636
f 6630 6704 6701
f 6695 6694 6690
f 6690 6686 6685
f 6676 6672 6671
f 6671 6668 6664
f 6662 6659 6657
f 6657 6654 6651
f 6646 6643 6640
f 6640 6636 6635
f 6632 6630 6701
f 6695 6690 6685
f 6677 6676 6671
f 6671 6664 6663
f 6662 6657 6651
f 6648 6646 6640
f 6640 6635 6634
f 6634 6632 6701
f 6696 6695 6685
f 6677 6671 6663
f 6663 6662 6651
f 6650 6648 6640
f 6640 6634 6701
f 6696 6685 6684
f 6680 6677 6663
f 6663 6651 6650
f 6640 6701 6700
f 6696 6684 6682
f 6680 6663 6650
f 6640 6700 6699
f 6696 6682 6681
f 6681 6680 6650
f 6640 6699 6698
f 6696 6681 6650
f 6650 6640 6698
f 6698 6696 6650
f 6743 6742 6741
f 6740 6739 6738
f 6738 6737 6736
f 6736 6735 6734
f 6733 6732 6731
f 6731 6730 6729
f 6728 6727 6726
f 6726 6725 6724
f 6723 6722 6721
f 6719 6718 6717
f 6715 6714 6713
f 6712 6711 6710
f 6709 6708 6707
f 6707 6706 6743
f 6740 6738 6736
f 6736 6734 6733
f 6733 6731 6729
f 6726 6724 6723
f 6723 6721 6720
f 6719 6717 6716
f 6715 6713 6712
f 6707 6743 6741
f 6740 6736 6733
f 6733 6729 6728
f 6728 6726 6723
f 6723 6720 6719
f 6716 6715 6712
f 6709 6707 6741
f 6741 6740 6733
f 6733 6728 6723
f 6723 6719 6716
f 6716 6712 6710
f 6709 6741 6733
f 6733 6723 6716
f 6716 6710 6709
f 6709 6733 6716
f 6771 6770 6769
f 6769 6768 6767
f 6765 6764 6763
f 6762 6761 6760
f 6759 6758 6757
f 6755 6754 6753
f 6753 6752 6751
f 6751 6750 6749
f 6749 6748 6747
f 6745 6771 6769
f 6769 6767 6766
f 6765 6763 6762
f 6762 6760 6759
f 6755 6753 6751
f 6751 6749 6747
f 6745 6769 6766
f 6765 6762 6759
f 6756 6755 6751
f 6751 6747 6746
f 6746 6745 6766
f 6765 6759 6757
f 6756 6751 6746
f 6746 6766 6765
f 6765 6757 6756
f 6756 6746 6765
f 6796 6795 6794
f 6793 6792 6791
f 6791 6790 6789
f 6789 6788 6787
f 6787 6786 6785
f 6785 6784 6783
f 6782 6781 6780
f 6780 6779 6778
f 6778 6777 6776
f 6776 6775 6774
f 6773 6796 6794
f 6793 6791 6789
f 6789 6787 6785
f 6785 6783 6782
f 6780 6778 6776
f 6773 6794 6793
f 6793 6789 6785
f 6782 6780 6776
f 6773 6793 6785
f 6782 6776 6774
f 6774 6773 6785
f 6785 6782 6774
f 6832 6831 6830
f 6828 6827 6826
f 6826 6825 6824
f 6824 6823 6822
f 6821 6820 6819
f 6819 6818 6817
f 6816 6815 6814
f 6812 6811 6810
f 6810 6809 6808
f 6808 6807 6806
f 6805 6804 6803
f 6802 6801 6800
f 6799 6798 6833
f 6832 6830 6829
f 6828 6826 6824
f 6824 6822 6821
f 6819 6817 6816
f 6816 6814 6813
f 6813 6812 6810
f 6810 6808 6806
f 6805 6803 6802
f 6800 6799 6833
f 6832 6829 6828
f 6828 6824 6821
f 6821 6819 6816
f 6813 6810 6806
f 6806 6805 6802
f 6800 6833 6832
f 6832 6828 6821
f 6821 6816 6813
f 6813 6806 6802
f 6800 6832 6821
f 6821 6813 6802
f 6802 6800 6821
f 6875 6874 6873
f 6873 6872 6871
f 6871 6870 6869
f 6868 6867 6866
f 6866 6865 6864
f 6864 6863 6862
f 6862 6861 6860
f 6860 6859 6858
f 6858 6857 6856
f 6854 6853 6852
f 6851 6850 6849
f 6849 6848 6847
f 6847 6846 6845
f 6845 6844 6843
f 6843 6842 6841
f 6840 6839 6838
f 6837 6836 6835
f 6835 6877 6876
f 6875 6873 6871
f 6871 6869 6868
f 6864 6862 6860
f 6860 6858 6856
f 6854 6852 6851
f 6851 6849 6847
f 6845 6843 6841
f 6840 6838 6837
f 6837 6835 6876
f 6876 6875 6871
f 6864 6860 6856
f 6854 6851 6847
f 6847 6845 6841
f 6840 6837 6876
f 6876 6871 6868
f 6866 6864 6856
f 6854 6847 6841
f 6841 6840 6876
f 6876 6868 6866
f 6866 6856 6855
f 6855 6854 6841
f 6841 6876 6866
f 6866 6855 6841
f 6890 6889 6888
f 6888 6887 6886
f 6886 6885 6884
f 6884 6883 6882
f 6882 6881 6880
f 6880 6879 6890
f 6890 6888 6886
f 6886 6884 6882
f 6882 6880 6890
f 6890 6886 6882
f 6946 6945 6944
f 6944 6943 6942
f 6939 6938 6937
f 6936 6935 6934
f 6933 6932 6931
f 6930 6929 6928
f 6927 6926 6925
f 6924 6923 6922
f 6921 6920 6919
f 6918 6917 6916
f 6915 6914 6913
f 6913 6912 6911
f 6911 6910 6909
f 6909 6908 6907
f 6907 6906 6905
f 6905 6904 6903
f 6903 6902 6901
f 6900 6899 6898
f 6898 6897 6896
f 6896 6895 6894
f 6894 6893 6892
f 6892 6948 6947
f 6947 6946 6944
f 6939 6937 6936
f 6936 6934 6933
f 6931 6930 6928
f 6927 6925 6924
f 6924 6922 6921
f 6918 6916 6915
f 6915 6913 6911
f 6911 6909 6907
f 6907 6905 6903
f 6901 6900 6898
f 6898 6896 6894
f 6892 6947 6944
f 6940 6939 6936
f 6936 6933 6931
f 6927 6924 6921
f 6918 6915 6911
f 6911 6907 6903
f 6901 6898 6894
f 6894 6892 6944
f 6940 6936 6931
f 6927 6921 6919
f 6919 6918 6911
f 6911 6903 6901
f 6901 6894 6944
f 6940 6931 6928
f 6928 6927 6919
f 6919 6911 6901
f 6901 6944 6942
f 6940 6928 6919
f 6901 6942 6941
f 6940 6919 6901
f 6901 6941 6940
f 7004 7003 7002
f 7001 7000 6999
f 6998 6997 6996
f 6996 6995 6994
f 6994 6993 6992
f 6991 6990 6989
f 6989 6988 6987
f 6986 6985 6984
f 6983 6982 6981
f 6980 6979 6978
f 6977 6976 6975
f 6974 6973 6972
f 6972 6971 6970
f 6969 6968 6967
f 6967 6966 6965
f 6965 6964 6963
f 6962 6961 6960
f 6959 6958 6957
f 6955 6954 6953
f 6953 6952 6951
f 6951 6950 7006
f 7001 6999 6998
f 6996 6994 6992
f 6991 6989 6987
f 6986 6984 6983
f 6983 6981 6980
f 6977 6975 6974
f 6974 6972 6970
f 6969 6967 6965
f 6963 6962 6960
f 6960 6959 6957
f 6955 6953 6951
f 6951 7006 7005
f 7002 7001 6998
f 6996 6992 6991
f 6991 6987 6986
f 6986 6983 6980
f 6974 6970 6969
f 6963 6960 6957
f 6956 6955 6951
f 6951 7005 7004
f 7002 6998 6996
f 6996 6991 6986
f 6986 6980 6978
f 6977 6974 6969
f 6965 6963 6957
f 6956 6951 7004
f 7002 6996 6986
f 6986 6978 6977
f 6977 6969 6965
f 6965 6957 6956
f 6956 7004 7002
f 7002 6986 6977
f 6977 6965 6956
f 6956 7002 6977
f 7057 7056 7055
f 7054 7053 7052
f 7052 7051 7050
f 7049 7048 7047
f 7046 7045 7044
f 7041 7040 7039
f 7038 7037 7036
f 7034 7033 7032
f 7031 7030 7029
f 7028 7027 7026
f 7025 7024 7023
f 7023 7022 7021
f 7021 7020 7019
f 7018 7017 7016
f 7016 7015 7014
f 7014 7013 7012
f 7012 7011 7010
f 7010 7009 7008
f 7008 7058 7057
f 7054 7052 7050
f 7049 7047 7046
f 7046 7044 7043
f 7042 7041 7039
f 7039 7038 7036
f 7031 7029 7028
f 7026 7025 7023
f 7021 7019 7018
f 7014 7012 7010
f 7010 7008 7057
f 7055 7054 7050
f 7049 7046 7043
f 7042 7039 7036
f 7032 7031 7028
f 7023 7021 7018
f 7016 7014 7010
f 7010 7057 7055
f 7055 7050 7049
f 7049 7043 7042
f 7042 7036 7035
f 7032 7028 7026
f 7023 7018 7016
f 7016 7010 7055
f 7055 7049 7042
f 7042 7035 7034
f 7034 7032 7026
f 7023 7016 7055
f 7055 7042 7034
f 7034 7026 7023
f 7023 7055 7034
f 7072 7071 7070
f 7070 7069 7068
f 7067 7066 7065
f 7064 7063 7062
f 7062 7061 7060
f 7060 7072 7070
f 7070 7068 7067
f 7067 7065 7064
f 7064 7062 7060
f 7060 7070 7067
f 7067 7064 7060
f 7121 7120 7119
f 7119 7118 7117
f 7116 7115 7114
f 7112 7111 7110
f 7110 7109 7108
f 7108 7107 7106
f 7105 7104 7103
f 7103 7102 7101
f 7098 7097 7096
f 7095 7094 7093
f 7092 7091 7090
f 7090 7089 7088
f 7088 7087 7086
f 7086 7085 7084
f 7084 7083 7082
f 7079 7078 7077
f 7077 7076 7075
f 7075 7074 7122
f 7122 7121 7119
f 7119 7117 7116
f 7116 7114 7113
f 7112 7110 7108
f 7108 7106 7105
f 7105 7103 7101
f 7098 7096 7095
f 7095 7093 7092
f 7090 7088 7086
f 7086 7084 7082
f 7079 7077 7075
f 7075 7122 7119
f 7113 7112 7108
f 7108 7105 7101
f 7098 7095 7092
f 7086 7082 7081
f 7080 7079 7075
f 7116 7113 7108
f 7108 7101 7100
f 7086 7081 7080
f 7080 7075 7119
f 7108 7100 7099
f 7086 7080 7119
f 7108 7099 7098
f 7090 7086 7119
f 7116 7108 7098
f 7090 7119 7116
f 7116 7098 7092
f 7092 7090 7116
f 7129 7128 7127
f 7126 7125 7124
f 7124 7130 7129
f 7129 7127 7126
f 7126 7124 7129
f 7148 7147 7146
f 7144 7143 7142
f 7142 7141 7140
f 7139 7138 7137
f 7137 7136 7135
f 7135 7134 7133
f 7133 7132 7148
f 7148 7146 7145
f 7144 7142 7140
f 7139 7137 7135
f 7135 7133 7148
f 7148 7145 7144
f 7144 7140 7139
f 7139 7135 7148
f 7148 7144 7139
f 7160 7159 7158
f 7158 7157 7156
f 7156 7155 7154
f 7154 7153 7152
f 7152 7151 7150
f 7150 7160 7158
f 7158 7156 7154
f 7154 7152 7150
f 7150 7158 7154
f 7181 7180 7179
f 7179 7178 7177
f 7177 7176 7175
f 7175 7174 7173
f 7173 7172 7171
f 7171 7170 7169
f 7168 7167 7166
f 7166 7165 7164
f 7164 7163 7162
f 7162 7183 7182
f 7179 7177 7175
f 7175 7173 7171
f 7171 7169 7168
f 7168 7166 7164
f 7164 7162 7182
f 7179 7175 7171
f 7171 7168 7164
f 7164 7182 7181
f 7181 7179 7171
f 7171 7164 7181
f 7213 7212 7211
f 7210 7209 7208
f 7205 7204 7203
f 7203 7202 7201
f 7200 7199 7198
f 7197 7196 7195
f 7193 7192 7191
f 7191 7190 7189
f 7189 7188 7187
f 7187 7186 7185
f 7185 7213 7211
f 7206 7205 7203
f 7203 7201 7200
f 7200 7198 7197
f 7197 7195 7194
f 7194 7193 7191
f 7191 7189 7187
f 7185 7211 7210
f 7206 7203 7200
f 7200 7197 7194
f 7194 7191 7187
f 7187 7185 7210
f 7207 7206 7200
f 7200 7194 7187
f 7187 7210 7208
f 7208 7207 7200
f 7200 7187 7208
f 7249 7248 7247
f 7247 7246 7245
f 7245 7244 7243
f 7242 7241 7240
f 7238 7237 7236
f 7234 7233 7232
f 7232 7231 7230
f 7230 7229 7228
f 7228 7227 7226
f 7225 7224 7223
f 7223 7222 7221
f 7218 7217 7216
f 7215 7249 7247
f 7247 7245 7243
f 7238 7236 7235
f 7234 7232 7230
f 7230 7228 7226
f 7225 7223 7221
f 7218 7216 7215
f 7215 7247 7243
f 7239 7238 7235
f 7235 7234 7230
f 7226 7225 7221
f 7215 7243 7242
f 7240 7239 7235
f 7235 7230 7226
f 7226 7221 7220
f 7215 7242 7240
f 7240 7235 7226
f 7226 7220 7219
f 7218 7215 7240
f 7240 7226 7219
f 7219 7218 7240
f 7290 7289 7288
f 7288 7287 7286
f 7284 7283 7282
f 7280 7279 7278
f 7278 7277 7276
f 7276 7275 7274
f 7274 7273 7272
f 7270 7269 7268
f 7268 7267 7266
f 7265 7264 7263
f 7261 7260 7259
f 7257 7256 7255
f 7252 7251 7290
f 7290 7288 7286
f 7285 7284 7282
f 7280 7278 7276
f 7276 7274 7272
f 7270 7268 7266
f 7265 7263 7262
f 7261 7259 7258
f 7257 7255 7254
f 7252 7290 7286
f 7285 7282 7281
f 7281 7280 7276
f 7276 7272 7271
f 7270 7266 7265
f 7265 7262 7261
f 7258 7257 7254
f 7253 7252 7286
f 7285 7281 7276
f 7271 7270 7265
f 7265 7261 7258
f 7258 7254 7253
f 7253 7286 7285
f 7285 7276 7271
f 7271 7265 7258
f 7258 7253 7285
f 7285 7271 7258
f 7296 7295 7294
f 7294 7293 7292
f 7292 7296 7294
f 7362 7361 7360
f 7360 7359 7358
f 7358 7357 7356
f 7355 7354 7353
f 7352 7351 7350
f 7350 7349 7348
f 7346 7345 7344
f 7343 7342 7341
f 7339 7338 7337
f 7337 7336 7335
f 7335 7334 7333
f 7333 7332 7331
f 7331 7330 7329
f 7328 7327 7326
f 7325 7324 7323
f 7322 7321 7320
f 7319 7318 7317
f 7316 7315 7314
f 7313 7312 7311
f 7310 7309 7308
f 7308 7307 7306
f 7303 7302 7301
f 7301 7300 7299
f 7299 7298 7362
f 7360 7358 7356
f 7350 7348 7347
f 7346 7344 7343
f 7343 7341 7340
f 7335 7333 7331
f 7328 7326 7325
f 7323 7322 7320
f 7319 7317 7316
f 7313 7311 7310
f 7310 7308 7306
f 7303 7301 7299
f 7299 7362 7360
f 7360 7356 7355
f 7352 7350 7347
f 7346 7343 7340
f 7337 7335 7331
f 7328 7325 7323
f 7323 7320 7319
f 7319 7316 7314
f 7313 7310 7306
f 7303 7299 7360
f 7360 7355 7353
f 7353 7352 7347
f 7339 7337 7331
f 7329 7328 7323
f 7323 7319 7314
f 7314 7313 7306
f 7304 7303 7360
f 7360 7353 7347
f 7340 7339 7331
f 7331 7329 7323
f 7323 7314 7306
f 7304 7360 7347
f 7340 7331 7323
f 7323 7306 7305
f 7305 7304 7347
f 7346 7340 7323
f 7323 7305 7347
f 7347 7346 7323
f 7413 7412 7411
f 7410 7409 7408
f 7408 7407 7406
f 7405 7404 7403
f 7402 7401 7400
f 7399 7398 7397
f 7396 7395 7394
f 7394 7393 7392
f 7391 7390 7389
f 7389 7388 7387
f 7387 7386 7385
f 7384 7383 7382
f 7382 7381 7380
f 7379 7378 7377
f 7376 7375 7374
f 7373 7372 7371
f 7368 7367 7366
f 7366 7365 7364
f 7364 7414 7413
f 7413 7411 7410
f 7410 7408 7406
f 7405 7403 7402
f 7399 7397 7396
f 7396 7394 7392
f 7391 7389 7387
f 7382 7380 7379
f 7379 7377 7376
f 7373 7371 7370
f 7366 7364 7413
f 7413 7410 7406
f 7406 7405 7402
f 7399 7396 7392
f 7391 7387 7385
f 7379 7376 7374
f 7366 7413 7406
f 7406 7402 7400
f 7399 7392 7391
f 7391 7385 7384
f 7382 7379 7374
f 7368 7366 7406
f 7399 7391 7384
f 7384 7382 7374
f 7369 7368 7406
f 7400 7399 7384
f 7384 7374 7373
f 7370 7369 7406
f 7406 7400 7384
f 7384 7373 7370
f 7370 7406 7384
f 7490 7489 7488
f 7488 7487 7486
f 7486 7485 7484
f 7483 7482 7481
f 7479 7478 7477
f 7476 7475 7474
f 7474 7473 7472
f 7471 7470 7469
f 7469 7468 7467
f 7467 7466 7465
f 7464 7463 7462
f 7462 7461 7460
f 7459 7458 7457
f 7456 7455 7454
f 7453 7452 7451
f 7451 7450 7449
f 7449 7448 7447
f 7445 7444 7443
f 7441 7440 7439
f 7437 7436 7435
f 7435 7434 7433
f 7432 7431 7430
f 7429 7428 7427
f 7427 7426 7425
f 7424 7423 7422
f 7422 7421 7420
f 7419 7418 7417
f 7417 7416 7490
f 7490 7488 7486
f 7486 7484 7483
f 7483 7481 7480
f 7479 7477 7476
f 7474 7472 7471
f 7469 7467 7465
f 7464 7462 7460
f 7459 7457 7456
f 7453 7451 7449
f 7445 7443 7442
f 7441 7439 7438
f 7437 7435 7433
f 7432 7430 7429
f 7427 7425 7424
f 7424 7422 7420
f 7419 7417 7490
f 7486 7483 7480
f 7479 7476 7474
f 7465 7464 7460
f 7459 7456 7454
f 7453 7449 7447
f 7446 7445 7442
f 7438 7437 7433
f 7433 7432 7429
f 7427 7424 7420
f 7420 7419 7490
f 7490 7486 7480
f 7465 7460 7459
f 7459 7454 7453
f 7453 7447 7446
f 7441 7438 7433
f 7429 7427 7420
f 7420 7490 7480
f 7465 7459 7453
f 7453 7446 7442
f 7441 7433 7429
f 7420 7480 7479
f 7469 7465 7453
f 7453 7442 7441
f 7441 7429 7420
f 7420 7479 7474
f 7471 7469 7453
f 7441 7420 7474
f 7471 7453 7441
f 7441 7474 7471
f 7516 7515 7514
f 7513 7512 7511
f 7510 7509 7508
f 7508 7507 7506
f 7506 7505 7504
f 7504 7503 7502
f 7501 7500 7499
f 7499 7498 7497
f 7495 7494 7493
f 7493 7492 7517
f 7517 7516 7514
f 7510 7508 7506
f 7506 7504 7502
f 7501 7499 7497
f 7495 7493 7517
f 7517 7514 7513
f 7511 7510 7506
f 7501 7497 7496
f 7496 7495 7517
f 7517 7513 7511
f 7511 7506 7502
f 7502 7501 7496
f 7496 7517 7511
f 7511 7502 7496
f 7529 7528 7527
f 7527 7526 7525
f 7524 7523 7522
f 7522 7521 7520
f 7519 7529 7527
f 7527 7525 7524
f 7524 7522 7520
f 7520 7519 7527
f 7527 7524 7520
f 7537 7536 7535
f 7533 7532 7531
f 7531 7538 7537
f 7537 7535 7534
f 7533 7531 7537
f 7537 7534 7533
f 7546 7545 7544
f 7544 7543 7542
f 7542 7541 7540
f 7540 7547 7546
f 7546 7544 7542
f 7542 7540 7546
f 7561 7560 7559
f 7557 7556 7555
f 7554 7553 7552
f 7550 7549 7561
f 7561 7559 7558
f 7557 7555 7554
f 7554 7552 7551
f 7550 7561 7558
f 7557 7554 7551
f 7551 7550 7558
f 7558 7557 7551
f 7567 7566 7565
f 7565 7564 7563
f 7563 7567 7565
f 7600 7599 7598
f 7597 7596 7595
f 7595 7594 7593
f 7591 7590 7589
f 7589 7588 7587
f 7587 7586 7585
f 7585 7584 7583
f 7583 7582 7581
f 7581 7580 7579
f 7575 7574 7573
f 7572 7571 7570
f 7569 7600 7598
f 7597 7595 7593
f 7591 7589 7587
f 7585 7583 7581
f 7581 7579 7578
f 7575 7573 7572
f 7572 7570 7569
f 7569 7598 7597
f 7597 7593 7592
f 7592 7591 7587
f 7585 7581 7578
f 7575 7572 7569
f 7569 7597 7592
f 7592 7587 7585
f 7585 7578 7577
f 7576 7575 7569
f 7592 7585 7577
f 7576 7569 7592
f 7592 7577 7576
f 7611 7610 7609
f 7609 7608 7607
f 7607 7606 7605
f 7605 7604 7603
f 7603 7602 7611
f 7611 7609 7607
f 7607 7605 7603
f 7603 7611 7607
f 7633 7632 7631
f 7631 7630 7629
f 7628 7627 7626
f 7625 7624 7623
f 7621 7620 7619
f 7619 7618 7617
f 7617 7616 7615
f 7615 7614 7613
f 7613 7633 7631
f 7631 7629 7628
f 7625 7623 7622
f 7622 7621 7619
f 7619 7617 7615
f 7615 7613 7631
f 7631 7628 7626
f 7625 7622 7619
f 7615 7631 7626
f 7625 7619 7615
f 7615 7626 7625
f 7666 7665 7664
f 7663 7662 7661
f 7661 7660 7659
f 7659 7658 7657
f 7657 7656 7655
f 7655 7654 7653
f 7649 7648 7647
f 7647 7646 7645
f 7644 7643 7642
f 7642 7641 7640
f 7640 7639 7638
f 7638 7637 7636
f 7636 7635 7667
f 7666 7664 7663
f 7663 7661 7659
f 7659 7657 7655
f 7655 7653 7652
f 7649 7647 7645
f 7644 7642 7640
f 7667 7666 7663
f 7663 7659 7655
f 7649 7645 7644
f 7644 7640 7638
f 7663 7655 7652
f 7649 7644 7638
f 7663 7652 7651
f 7649 7638 7636
f 7663 7651 7650
f 7649 7636 7667
f 7667 7663 7650
f 7650 7649 7667
f 7681 7680 7679
f 7679 7678 7677
f 7677 7676 7675
f 7675 7674 7673
f 7673 7672 7671
f 7670 7669 7681
f 7681 7679 7677
f 7677 7675 7673
f 7671 7670 7681
f 7677 7673 7671
f 7671 7681 7677
f 7726 7725 7724
f 7724 7723 7722
f 7720 7719 7718
f 7717 7716 7715
f 7715 7714 7713
f 7713 7712 7711
f 7711 7710 7709
f 7707 7706 7705
f 7704 7703 7702
f 7702 7701 7700
f 7699 7698 7697
f 7697 7696 7695
f 7695 7694 7693
f 7693 7692 7691
f 7691 7690 7689
f 7689 7688 7687
f 7687 7686 7685
f 7684 7683 7726
f 7724 7722 7721
f 7718 7717 7715
f 7715 7713 7711
f 7711 7709 7708
f 7707 7705 7704
f 7702 7700 7699
f 7699 7697 7695
f 7693 7691 7689
f 7689 7687 7685
f 7684 7726 7724
f 7724 7721 7720
f 7718 7715 7711
f 7711 7708 7707
f 7707 7704 7702
f 7702 7699 7695
f 7695 7693 7689
f 7689 7685 7684
f 7684 7724 7720
f 7720 7718 7711
f 7711 7707 7702
f 7702 7695 7689
f 7689 7684 7720
f 7720 7711 7702
f 7702 7689 7720
f 7735 7734 7733
f 7733 7732 7731
f 7731 7730 7729
f 7729 7728 7735
f 7735 7733 7731
f 7731 7729 7735
f 7778 7777 7776
f 7776 7775 7774
f 7773 7772 7771
f 7771 7770 7769
f 7769 7768 7767
f 7766 7765 7764
f 7764 7763 7762
f 7762 7761 7760
f 7760 7759 7758
f 7757 7756 7755
f 7755 7754 7753
f 7753 7752 7751
f 7751 7750 7749
f 7748 7747 7746
f 7745 7744 7743
f 7742 7741 7740
f 7738 7737 7778
f 7778 7776 7774
f 7774 7773 7771
f 7771 7769 7767
f 7764 7762 7760
f 7760 7758 7757
f 7757 7755 7753
f 7753 7751 7749
f 7745 7743 7742
f 7738 7778 7774
f 7774 7771 7767
f 7766 7764 7760
f 7760 7757 7753
f 7753 7749 7748
f 7745 7742 7740
f 7739 7738 7774
f 7774 7767 7766
f 7766 7760 7753
f 7753 7748 7746
f 7746 7745 7740
f 7740 7739 7774
f 7766 7753 7746
f 7746 7740 7774
f 7774 7766 7746
f 7811 7810 7809
f 7808 7807 7806
f 7806 7805 7804
f 7804 7803 7802
f 7801 7800 7799
f 7799 7798 7797
f 7796 7795 7794
f 7793 7792 7791
f 7791 7790 7789
f 7789 7788 7787
f 7787 7786 7785
f 7785 7784 7783
f 7782 7781 7780
f 7780 7811 7809
f 7806 7804 7802
f 7802 7801 7799
f 7799 7797 7796
f 7796 7794 7793
f 7791 7789 7787
f 7787 7785 7783
f 7782 7780 7809
f 7808 7806 7802
f 7802 7799 7796
f 7796 7793 7791
f 7791 7787 7783
f 7783 7782 7809
f 7808 7802 7796
f 7791 7783 7809
f 7809 7808 7796
f 7796 7791 7809
f 7844 7843 7842
f 7842 7841 7840
f 7839 7838 7837
f 7837 7836 7835
f 7835 7834 7833
f 7833 7832 7831
f 7831 7830 7829
f 7826 7825 7824
f 7824 7823 7822
f 7821 7820 7819
f 7819 7818 7817
f 7817 7816 7815
f 7815 7814 7813
f 7813 7844 7842
f 7839 7837 7835
f 7835 7833 7831
f 7831 7829 7828
f 7826 7824 7822
f 7821 7819 7817
f 7817 7815 7813
f 7813 7842 7840
f 7840 7839 7835
f 7835 7831 7828
f 7827 7826 7822
f 7821 7817 7813
f 7840 7835 7828
f 7827 7822 7821
f 7821 7813 7840
f 7840 7828 7827
f 7827 7821 7840
f 7853 7852 7851
f 7851 7850 7849
f 7849 7848 7847
f 7847 7846 7853
f 7853 7851 7849
f 7849 7847 7853
f 7897 7896 7895
f 7894 7893 7892
f 7892 7891 7890
f 7890 7889 7888
f 7886 7885 7884
f 7884 7883 7882
f 7882 7881 7880
f 7878 7877 7876
f 7875 7874 7873
f 7873 7872 7871
f 7868 7867 7866
f 7865 7864 7863
f 7863 7862 7861
f 7860 7859 7858
f 7858 7857 7856
f 7856 7855 7897
f 7897 7895 7894
f 7894 7892 7890
f 7890 7888 7887
f 7886 7884 7882
f 7882 7880 7879
f 7878 7876 7875
f 7875 7873 7871
f 7868 7866 7865
f 7865 7863 7861
f 7858 7856 7897
f 7897 7894 7890
f 7886 7882 7879
f 7879 7878 7875
f 7875 7871 7870
f 7868 7865 7861
f 7858 7897 7890
f 7887 7886 7879
f 7879 7875 7870
f 7869 7868 7861
f 7860 7858 7890
f 7890 7887 7879
f 7879 7870 7869
f 7869 7861 7860
f 7860 7890 7879
f 7879 7869 7860
f 7918 7917 7916
f 7916 7915 7914
f 7913 7912 7911
f 7909 7908 7907
f 7907 7906 7905
f 7904 7903 7902
f 7900 7899 7919
f 7916 7914 7913
f 7913 7911 7910
f 7909 7907 7905
f 7904 7902 7901
f 7901 7900 7919
f 7918 7916 7913
f 7913 7910 7909
f 7909 7905 7904
f 7901 7919 7918
f 7918 7913 7909
f 7909 7904 7901
f 7901 7918 7909
f 7927 7926 7925
f 7925 7924 7923
f 7923 7922 7921
f 7921 7928 7927
f 7927 7925 7923
f 7923 7921 7927
f 7952 7951 7950
f 7948 7947 7946
f 7945 7944 7943
f 7941 7940 7939
f 7939 7938 7937
f 7937 7936 7935
f 7935 7934 7933
f 7933 7932 7931
f 7952 7950 7949
f 7949 7948 7946
f 7945 7943 7942
f 7941 7939 7937
f 7935 7933 7931
f 7949 7946 7945
f 7945 7942 7941
f 7941 7937 7935
f 7935 7931 7930
f 7952 7949 7945
f 7945 7941 7935
f 7935 7930 7952
f 7952 7945 7935
f 7957 7956 7955
f 7955 7954 7957
f 7965 7964 7963
f 7963 7962 7961
f 7961 7960 7959
f 7959 7965 7963
f 7963 7961 7959
f 7973 7972 7971
f 7971 7970 7969
f 7969 7968 7967
f 7967 7973 7971
f 7971 7969 7967
f 7980 7979 7978
f 7978 7977 7976
f 7976 7975 7980
f 7980 7978 7976
f 7989 7988 7987
f 7987 7986 7985
f 7985 7984 7983
f 7983 7982 7989
f 7989 7987 7985
f 7985 7983 7989
f 8013 8012 8011
f 8009 8008 8007
f 8007 8006 8005
f 8004 8003 8002
f 8002 8001 8000
f 8000 7999 7998
f 7998 7997 7996
f 7996 7995 7994
f 7993 7992 7991
f 7991 8015 8014
f 8010 8009 8007
f 8007 8005 8004
f 8004 8002 8000
f 8000 7998 7996
f 7996 7994 7993
f 7993 7991 8014
f 8010 8007 8004
f 8004 8000 7996
f 7996 7993 8014
f 8011 8010 8004
f 7996 8014 8013
f 8011 8004 7996
f 7996 8013 8011
f 8461 8460 8459
f 8459 8458 8457
f 8456 8455 8454
f 8454 8453 8452
f 8451 8450 8449
f 8449 8448 8447
f 8445 8444 8443
f 8443 8442 8441
f 8441 8440 8439
f 8439 8438 8437
f 8436 8435 8434
f 8434 8433 8432
f 8432 8431 8430
f 8430 8429 8428
f 8427 8426 8425
f 8425 8424 8423
f 8423 8422 8421
f 8420 8419 8418
f 8417 8416 8415
f 8414 8413 8412
f 8412 8411 8410
f 8409 8408 8407
f 8406 8405 8404
f 8404 8403 8402
f 8401 8400 8399
f 8399 8398 8397
f 8395 8394 8393
f 8393 8392 8391
f 8390 8389 8388
f 8387 8386 8385
f 8382 8381 8380
f 8380 8379 8378
f 8378 8377 8376
f 8375 8374 8373
f 8373 8372 8371
f 8370 8369 8368
f 8366 8365 8364
f 8364 8363 8362
f 8360 8359 8358
f 8358 8357 8356
f 8356 8355 8354
f 8353 8352 8351
f 8350 8349 8348
f 8347 8346 8345
f 8345 8344 8343
f 8343 8342 8341
f 8339 8338 8337
f 8337 8336 8335
f 8335 8334 8333
f 8333 8332 8331
f 8331 8330 8329
f 8328 8327 8326
f 8324 8323 8322
f 8321 8320 8319
f 8317 8316 8315
f 8314 8313 8312
f 8311 8310 8309
f 8308 8307 8306
f 8304 8303 8302
f 8301 8300 8299
f 8297 8296 8295
f 8294 8293 8292
f 8292 8291 8290
f 8289 8288 8287
f 8286 8285 8284
f 8283 8282 8281
f 8281 8280 8279
f 8278 8277 8276
f 8275 8274 8273
f 8272 8271 8270
f 8269 8268 8267
f 8267 8266 8265
f 8264 8263 8262
f 8261 8260 8259
f 8257 8256 8255
f 8254 8253 8252
f 8249 8248 8247
f 8246 8245 8244
f 8244 8243 8242
f 8241 8240 8239
f 8239 8238 8237
f 8236 8235 8234
f 8234 8233 8232
f 8231 8230 8229
f 8228 8227 8226
f 8225 8224 8223
f 8223 8222 8221
f 8221 8220 8219
f 8218 8217 8216
f 8216 8215 8214
f 8214 8213 8212
f 8212 8211 8210
f 8209 8208 8207
f 8207 8206 8205
f 8205 8204 8203
f 8201 8200 8199
f 8198 8197 8196
f 8192 8191 8190
f 8190 8189 8188
f 8188 8187 8186
f 8185 8184 8183
f 8183 8182 8181
f 8179 8178 8177
f 8171 8170 8169
f 8168 8167 8166
f 8165 8164 8163
f 8160 8159 8158
f 8157 8156 8155
f 8153 8152 8151
f 8151 8150 8149
f 8148 8147 8146
f 8146 8145 8144
f 8144 8143 8142
f 8141 8140 8139
f 8138 8137 8136
f 8136 8135 8134
f 8132 8131 8130
f 8127 8126 8125
f 8124 8123 8122
f 8122 8121 8120
f 8118 8117 8116
f 8113 8112 8111
f 8110 8109 8108
f 8108 8107 8106
f 8106 8105 8104
f 8104 8103 8102
f 8101 8100 8099
f 8099 8098 8097
f 8096 8095 8094
f 8092 8091 8090
f 8090 8089 8088
f 8088 8087 8086
f 8086 8085 8084
f 8084 8083 8082
f 8082 8081 8080
f 8080 8079 8078
f 8078 8077 8076
f 8076 8075 8074
f 8074 8073 8072
f 8072 8071 8070
f 8070 8069 8068
f 8067 8066 8065
f 8063 8062 8061
f 8061 8060 8059
f 8057 8056 8055
f 8055 8054 8053
f 8052 8051 8050
f 8050 8049 8048
f 8048 8047 8046
f 8046 8045 8044
f 8044 8043 8042
f 8040 8039 8038
f 8038 8037 8036
f 8036 8035 8034
f 8033 8032 8031
f 8031 8030 8029
f 8029 8028 8027
f 8027 8026 8025
f 8024 8023 8022
f 8022 8021 8020
f 8020 8019 8018
f 8017 8462 8461
f 8461 8459 8457
f 8454 8452 8451
f 8451 8449 8447
f 8445 8443 8441
f 8441 8439 8437
f 8436 8434 8432
f 8430 8428 8427
f 8420 8418 8417
f 8417 8415 8414
f 8414 8412 8410
f 8409 8407 8406
f 8401 8399 8397
f 8395 8393 8391
f 8390 8388 8387
f 8382 8380 8378
f 8375 8373 8371
f 8370 8368 8367
f 8364 8362 8361
f 8360 8358 8356
f 8356 8354 8353
f 8353 8351 8350
f 8350 8348 8347
f 8347 8345 8343
f 8340 8339 8337
f 8337 8335 8333
f 8333 8331 8329
f 8329 8328 8326
f 8325 8324 8322
f 8317 8315 8314
f 8314 8312 8311
f 8308 8306 8305
f 8305 8304 8302
f 8301 8299 8298
f 8294 8292 8290
f 8289 8287 8286
f 8286 8284 8283
f 8283 8281 8279
f 8279 8278 8276
f 8275 8273 8272
f 8272 8270 8269
f 8269 8267 8265
f 8264 8262 8261
f 8261 8259 8258
f 8254 8252 8251
f 8250 8249 8247
f 8246 8244 8242
f 8241 8239 8237
f 8236 8234 8232
f 8231 8229 8228
f 8228 8226 8225
f 8225 8223 8221
f 8218 8216 8214
f 8214 8212 8210
f 8207 8205 8203
f 8201 8199 8198
f 8198 8196 8195
f 8193 8192 8190
f 8190 8188 8186
f 8186 8185 8183
f 8183 8181 8180
f 8180 8179 8177
f 8169 8168 8166
f 8166 8165 8163
f 8161 8160 8158
f 8157 8155 8154
f 8153 8151 8149
f 8148 8146 8144
f 8144 8142 8141
f 8141 8139 8138
f 8138 8136 8134
f 8124 8122 8120
f 8118 8116 8115
f 8113 8111 8110
f 8110 8108 8106
f 8106 8104 8102
f 8099 8097 8096
f 8096 8094 8093
f 8090 8088 8086
f 8086 8084 8082
f 8080 8078 8076
f 8074 8072 8070
f 8070 8068 8067
f 8067 8065 8064
f 8063 8061 8059
f 8057 8055 8053
f 8053 8052 8050
f 8046 8044 8042
f 8040 8038 8036
f 8033 8031 8029
f 8029 8027 8025
f 8024 8022 8020
f 8020 8018 8017
f 8017 8461 8457
f 8454 8451 8447
f 8446 8445 8441
f 8436 8432 8430
f 8420 8417 8414
f 8414 8410 8409
f 8409 8406 8404
f 8401 8397 8396
f 8391 8390 8387
f 8383 8382 8378
f 8370 8367 8366
f 8360 8356 8353
f 8353 8350 8347
f 8347 8343 8341
f 8340 8337 8333
f 8333 8329 8326
f 8325 8322 8321
f 8317 8314 8311
f 8308 8305 8302
f 8294 8290 8289
f 8289 8286 8283
f 8283 8279 8276
f 8275 8272 8269
f 8264 8261 8258
f 8250 8247 8246
f 8246 8242 8241
f 8231 8228 8225
f 8225 8221 8219
f 8218 8214 8210
f 8209 8207 8203
f 8198 8195 8194
f 8193 8190 8186
f 8186 8183 8180
f 8180 8177 8176
f 8171 8169 8166
f 8166 8163 8162
f 8157 8154 8153
f 8153 8149 8148
f 8148 8144 8141
f 8141 8138 8134
f 8125 8124 8120
f 8119 8118 8115
f 8113 8110 8106
f 8106 8102 8101
f 8101 8099 8096
f 8096 8093 8092
f 8090 8086 8082
f 8082 8080 8076
f 8074 8070 8067
f 8063 8059 8058
f 8058 8057 8053
f 8053 8050 8048
f 8048 8046 8042
f 8041 8040 8036
f 8025 8024 8020
f 8017 8457 8456
f 8456 8454 8447
f 8437 8436 8430
f 8420 8414 8409
f 8409 8404 8402
f 8401 8396 8395
f 8391 8387 8385
f 8383 8378 8376
f 8361 8360 8353
f 8353 8347 8341
f 8340 8333 8326
f 8325 8321 8319
f 8318 8317 8311
f 8309 8308 8302
f 8294 8289 8283
f 8283 8276 8275
f 8275 8269 8265
f 8265 8264 8258
f 8250 8246 8241
f 8232 8231 8225
f 8225 8219 8218
f 8218 8210 8209
f 8209 8203 8202
f 8201 8198 8194
f 8194 8193 8186
f 8186 8180 8176
f 8171 8166 8162
f 8157 8153 8148
f 8148 8141 8134
f 8125 8120 8119
f 8113 8106 8101
f 8101 8096 8092
f 8090 8082 8076
f 8074 8067 8064
f 8058 8053 8048
f 8041 8036 8034
f 8025 8020 8017
f 8017 8456 8447
f 8441 8437 8430
f 8420 8409 8402
f 8401 8395 8391
f 8384 8383 8376
f 8361 8353 8341
f 8341 8340 8326
f 8325 8319 8318
f 8318 8311 8309
f 8309 8302 8301
f 8295 8294 8283
f 8283 8275 8265
f 8265 8258 8257
f 8251 8250 8241
f 8225 8218 8209
f 8209 8202 8201
f 8201 8194 8186
f 8186 8176 8175
f 8171 8162 8161
f 8158 8157 8148
f 8148 8134 8133
f 8127 8125 8119
f 8113 8101 8092
f 8090 8076 8074
f 8074 8064 8063
f 8058 8048 8042
f 8041 8034 8033
f 8025 8017 8447
f 8441 8430 8427
f 8420 8402 8401
f 8401 8391 8385
f 8384 8376 8375
f 8364 8361 8341
f 8341 8326 8325
f 8325 8318 8309
f 8309 8301 8298
f 8295 8283 8265
f 8251 8241 8237
f 8225 8209 8201
f 8201 8186 8175
f 8161 8158 8148
f 8128 8127 8119
f 8113 8092 8090
f 8090 8074 8063
f 8063 8058 8042
f 8042 8041 8033
f 8029 8025 8447
f 8446 8441 8427
f 8420 8401 8385
f 8385 8384 8375
f 8366 8364 8341
f 8341 8325 8309
f 8297 8295 8265
f 8251 8237 8236
f 8232 8225 8201
f 8201 8175 8174
f 8161 8148 8133
f 8114 8113 8090
f 8042 8033 8029
f 8029 8447 8446
f 8446 8427 8425
f 8421 8420 8385
f 8385 8375 8371
f 8366 8341 8309
f 8298 8297 8265
f 8232 8201 8174
f 8171 8161 8133
f 8114 8090 8063
f 8042 8029 8446
f 8446 8425 8423
f 8421 8385 8371
f 8370 8366 8309
f 8298 8265 8257
f 8232 8174 8173
f 8172 8171 8133
f 8115 8114 8063
f 8042 8446 8423
f 8421 8371 8370
f 8370 8309 8298
f 8298 8257 8255
f 8173 8172 8133
f 8119 8115 8063
f 8063 8042 8423
f 8421 8370 8298
f 8298 8255 8254
f 8232 8173 8133
f 8128 8119 8063
f 8063 8423 8421
f 8421 8298 8254
f 8232 8133 8132
f 8128 8063 8421
f 8421 8254 8251
f 8232 8132 8130
f 8129 8128 8421
f 8421 8251 8236
f 8232 8130 8129
f 8421 8236 8232
f 8232 8129 8421
f 8469 8468 8467
f 8467 8466 8465
f 8465 8464 8469
f 8469 8467 8465
f 8484 8483 8482
f 8482 8481 8480
f 8480 8479 8478
f 8478 8477 8476
f 8476 8475 8474
f 8474 8473 8472
f 8472 8471 8484
f 8484 8482 8480
f 8480 8478 8476
f 8476 8474 8472
f 8472 8484 8480
f 8480 8476 8472
f 8495 8494 8493
f 8493 8492 8491
f 8491 8490 8489
f 8489 8488 8487
f 8487 8486 8495
f 8495 8493 8491
f 8491 8489 8487
f 8487 8495 8491
f 8507 8506 8505
f 8504 8503 8502
f 8502 8501 8500
f 8500 8499 8498
f 8498 8497 8508
f 8507 8505 8504
f 8504 8502 8500
f 8500 8498 8508
f 8508 8507 8504
f 8504 8500 8508
f 8536 8535 8534
f 8533 8532 8531
f 8528 8527 8526
f 8526 8525 8524
f 8523 8522 8521
f 8517 8516 8515
f 8513 8512 8511
f 8511 8510 8536
f 8533 8531 8530
f 8528 8526 8524
f 8523 8521 8520
f 8518 8517 8515
f 8513 8511 8536
f 8534 8533 8530
f 8524 8523 8520
f 8514 8513 8536
f 8536 8534 8530
f 8524 8520 8519
f 8515 8514 8536
f 8524 8519 8518
f 8515 8536 8530
f 8528 8524 8518
f 8515 8530 8529
f 8529 8528 8518
f 8518 8515 8529
f 8612 8611 8610
f 8609 8608 8607
f 8606 8605 8604
f 8603 8602 8601
f 8599 8598 8597
f 8597 8596 8595
f 8592 8591 8590
f 8587 8586 8585
f 8584 8583 8582
f 8581 8580 8579
f 8579 8578 8577
f 8577 8576 8575
f 8574 8573 8572
f 8572 8571 8570
f 8570 8569 8568
f 8568 8567 8566
f 8566 8565 8564
f 8563 8562 8561
f 8560 8559 8558
f 8558 8557 8556
f 8556 8555 8554
f 8553 8552 8551
f 8548 8547 8546
f 8546 8545 8544
f 8543 8542 8541
f 8540 8539 8538
f 8538 8612 8610
f 8609 8607 8606
f 8606 8604 8603
f 8603 8601 8600
f 8597 8595 8594
f 8592 8590 8589
f 8588 8587 8585
f 8584 8582 8581
f 8581 8579 8577
f 8577 8575 8574
f 8574 8572 8570
f 8566 8564 8563
f 8563 8561 8560
f 8560 8558 8556
f 8553 8551 8550
f 8548 8546 8544
f 8543 8541 8540
f 8540 8538 8610
f 8606 8603 8600
f 8599 8597 8594
f 8593 8592 8589
f 8585 8584 8581
f 8581 8577 8574
f 8574 8570 8568
f 8563 8560 8556
f 8554 8553 8550
f 8548 8544 8543
f 8543 8540 8610
f 8609 8606 8600
f 8600 8599 8594
f 8593 8589 8588
f 8585 8581 8574
f 8574 8568 8566
f 8566 8563 8556
f 8556 8554 8550
f 8549 8548 8543
f 8543 8610 8609
f 8609 8600 8594
f 8588 8585 8574
f 8574 8566 8556
f 8556 8550 8549
f 8549 8543 8609
f 8609 8594 8593
f 8593 8588 8574
f 8574 8556 8549
f 8549 8609 8593
f 8593 8574 8549
f 8689 8688 8687
f 8686 8685 8684
f 8684 8683 8682
f 8682 8681 8680
f 8679 8678 8677
f 8677 8676 8675
f 8673 8672 8671
f 8669 8668 8667
f 8667 8666 8665
f 8664 8663 8662
f 8662 8661 8660
f 8660 8659 8658
f 8658 8657 8656
f 8654 8653 8652
f 8652 8651 8650
f 8648 8647 8646
f 8646 8645 8644
f 8644 8643 8642
f 8639 8638 8637
f 8637 8636 8635
f 8634 8633 8632
f 8631 8630 8629
f 8628 8627 8626
f 8625 8624 8623
f 8622 8621 8620
f 8619 8618 8617
f 8615 8614 8691
f 8689 8687 8686
f 8686 8684 8682
f 8679 8677 8675
f 8673 8671 8670
f 8670 8669 8667
f 8667 8665 8664
f 8664 8662 8660
f 8658 8656 8655
f 8652 8650 8649
f 8648 8646 8644
f 8644 8642 8641
f 8639 8637 8635
f 8634 8632 8631
f 8628 8626 8625
f 8625 8623 8622
f 8619 8617 8616
f 8615 8691 8690
f 8689 8686 8682
f 8680 8679 8675
f 8674 8673 8670
f 8670 8667 8664
f 8664 8660 8658
f 8658 8655 8654
f 8654 8652 8649
f 8649 8648 8644
f 8644 8641 8640
f 8639 8635 8634
f 8634 8631 8629
f 8628 8625 8622
f 8619 8616 8615
f 8615 8690 8689
f 8689 8682 8680
f 8680 8675 8674
f 8674 8670 8664
f 8664 8658 8654
f 8649 8644 8640
f 8639 8634 8629
f 8629 8628 8622
f 8619 8615 8689
f 8689 8680 8674
f 8674 8664 8654
f 8654 8649 8640
f 8639 8629 8622
f 8619 8689 8674
f 8674 8654 8640
f 8640 8639 8622
f 8620 8619 8674
f 8674 8640 8622
f 8622 8620 8674
f 8753 8752 8751
f 8749 8748 8747
f 8746 8745 8744
f 8743 8742 8741
f 8740 8739 8738
f 8737 8736 8735
f 8734 8733 8732
f 8729 8728 8727
f 8727 8726 8725
f 8724 8723 8722
f 8721 8720 8719
f 8718 8717 8716
f 8716 8715 8714
f 8714 8713 8712
f 8712 8711 8710
f 8710 8709 8708
f 8707 8706 8705
f 8705 8704 8703
f 8703 8702 8701
f 8701 8700 8699
f 8699 8698 8697
f 8695 8694 8693
f 8693 8754 8753
f 8753 8751 8750
f 8750 8749 8747
f 8746 8744 8743
f 8740 8738 8737
f 8734 8732 8731
f 8730 8729 8727
f 8725 8724 8722
f 8721 8719 8718
f 8716 8714 8712
f 8710 8708 8707
f 8707 8705 8703
f 8703 8701 8699
f 8699 8697 8696
f 8695 8693 8753
f 8750 8747 8746
f 8740 8737 8735
f 8730 8727 8725
f 8725 8722 8721
f 8721 8718 8716
f 8716 8712 8710
f 8710 8707 8703
f 8703 8699 8696
f 8696 8695 8753
f 8750 8746 8743
f 8731 8730 8725
f 8725 8721 8716
f 8716 8710 8703
f 8696 8753 8750
f 8750 8743 8741
f 8734 8731 8725
f 8725 8716 8703
f 8696 8750 8741
f 8735 8734 8725
f 8725 8703 8696
f 8696 8741 8740
f 8735 8725 8696
f 8696 8740 8735
f 8798 8797 8796
f 8795 8794 8793
f 8789 8788 8787
f 8787 8786 8785
f 8785 8784 8783
f 8782 8781 8780
f 8780 8779 8778
f 8778 8777 8776
f 8775 8774 8773
f 8773 8772 8771
f 8769 8768 8767
f 8767 8766 8765
f 8765 8764 8763
f 8762 8761 8760
f 8758 8757 8756
f 8756 8798 8796
f 8795 8793 8792
f 8790 8789 8787
f 8787 8785 8783
f 8778 8776 8775
f 8775 8773 8771
f 8770 8769 8767
f 8767 8765 8763
f 8762 8760 8759
f 8759 8758 8756
f 8756 8796 8795
f 8790 8787 8783
f 8778 8775 8771
f 8770 8767 8763
f 8763 8762 8759
f 8759 8756 8795
f 8790 8783 8782
f 8780 8778 8771
f 8770 8763 8759
f 8759 8795 8792
f 8790 8782 8780
f 8780 8771 8770
f 8770 8759 8792
f 8790 8780 8770
f 8770 8792 8791
f 8791 8790 8770
f 8803 8802 8801
f 8801 8800 8804
f 8804 8803 8801
f 8812 8811 8810
f 8810 8809 8808
f 8808 8807 8806
f 8806 8812 8810
f 8810 8808 8806
f 8818 8817 8816
f 8816 8815 8814
f 8814 8819 8818
f 8818 8816 8814
f 8828 8827 8826
f 8826 8825 8824
f 8824 8823 8822
f 8822 8821 8828
f 8828 8826 8824
f 8824 8822 8828
f 8835 8834 8833
f 8833 8832 8831
f 8831 8830 8835
f 8835 8833 8831
f 8857 8856 8855
f 8854 8853 8852
f 8852 8851 8850
f 8850 8849 8848
f 8848 8847 8846
f 8845 8844 8843
f 8842 8841 8840
f 8840 8839 8838
f 8838 8837 8857
f 8855 8854 8852
f 8852 8850 8848
f 8848 8846 8845
f 8845 8843 8842
f 8842 8840 8838
f 8838 8857 8855
f 8855 8852 8848
f 8848 8845 8842
f 8842 8838 8855
f 8855 8848 8842
f 8877 8876 8875
f 8875 8874 8873
f 8873 8872 8871
f 8871 8870 8869
f 8869 8868 8867
f 8867 8866 8865
f 8865 8864 8863
f 8862 8861 8860
f 8860 8859 8877
f 8877 8875 8873
f 8873 8871 8869
f 8867 8865 8863
f 8862 8860 8877
f 8873 8869 8867
f 8867 8863 8862
f 8862 8877 8873
f 8873 8867 8862
f 8898 8897 8896
f 8895 8894 8893
f 8893 8892 8891
f 8889 8888 8887
f 8887 8886 8885
f 8885 8884 8883
f 8883 8882 8881
f 8881 8880 8879
f 8879 8901 8900
f 8899 8898 8896
f 8889 8887 8885
f 8885 8883 8881
f 8881 8879 8900
f 8900 8899 8896
f 8890 8889 8885
f 8885 8881 8900
f 8900 8896 8895
f 8890 8885 8900
f 8900 8895 8893
f 8891 8890 8900
f 8900 8893 8891
f 8936 8935 8934
f 8934 8933 8932
f 8928 8927 8926
f 8926 8925 8924
f 8924 8923 8922
f 8922 8921 8920
f 8917 8916 8915
f 8915 8914 8913
f 8913 8912 8911
f 8911 8910 8909
f 8909 8908 8907
f 8907 8906 8905
f 8905 8904 8903
f 8903 8937 8936
f 8936 8934 8932
f 8928 8926 8924
f 8924 8922 8920
f 8917 8915 8913
f 8913 8911 8909
f 8909 8907 8905
f 8903 8936 8932
f 8924 8920 8919
f 8918 8917 8913
f 8913 8909 8905
f 8905 8903 8932
f 8928 8924 8919
f 8918 8913 8905
f 8905 8932 8931
f 8929 8928 8919
f 8919 8918 8905
f 8905 8931 8930
f 8930 8929 8919
f 8919 8905 8930
f 8983 8982 8981
f 8981 8980 8979
f 8979 8978 8977
f 8977 8976 8975
f 8975 8974 8973
f 8972 8971 8970
f 8970 8969 8968
f 8967 8966 8965
f 8963 8962 8961
f 8961 8960 8959
f 8959 8958 8957
f 8956 8955 8954
f 8953 8952 8951
f 8949 8948 8947
f 8946 8945 8944
f 8944 8943 8942
f 8940 8939 8983
f 8983 8981 8979
f 8977 8975 8973
f 8973 8972 8970
f 8968 8967 8965
f 8961 8959 8957
f 8957 8956 8954
f 8954 8953 8951
f 8950 8949 8947
f 8946 8944 8942
f 8940 8983 8979
f 8973 8970 8968
f 8968 8965 8964
f 8963 8961 8957
f 8957 8954 8951
f 8950 8947 8946
f 8946 8942 8941
f 8941 8940 8979
f 8977 8973 8968
f 8968 8964 8963
f 8963 8957 8951
f 8950 8946 8941
f 8941 8979 8977
f 8977 8968 8963
f 8963 8951 8950
f 8950 8941 8977
f 8977 8963 8950
f 9008 9007 9006
f 9006 9005 9004
f 9003 9002 9001
f 9001 9000 8999
f 8997 8996 8995
f 8995 8994 8993
f 8992 8991 8990
f 8989 8988 8987
f 8987 8986 8985
f 8985 9009 9008
f 9008 9006 9004
f 9003 9001 8999
f 8997 8995 8993
f 8993 8992 8990
f 8990 8989 8987
f 8987 8985 9008
f 9008 9004 9003
f 9003 8999 8998
f 8997 8993 8990
f 8990 8987 9008
f 9008 9003 8998
f 8997 8990 9008
f 9008 8998 8997
f 9042 9041 9040
f 9040 9039 9038
f 9038 9037 9036
f 9035 9034 9033
f 9033 9032 9031
f 9031 9030 9029
f 9029 9028 9027
f 9027 9026 9025
f 9025 9024 9023
f 9021 9020 9019
f 9018 9017 9016
f 9015 9014 9013
f 9013 9012 9011
f 9011 9042 9040
f 9036 9035 9033
f 9033 9031 9029
f 9025 9023 9022
f 9021 9019 9018
f 9018 9016 9015
f 9013 9011 9040
f 9036 9033 9029
f 9027 9025 9022
f 9021 9018 9015
f 9013 9040 9038
f 9038 9036 9029
f 9022 9021 9015
f 9013 9038 9029
f 9027 9022 9015
f 9015 9013 9029
f 9029 9027 9015
f 9060 9059 9058
f 9058 9057 9056
f 9055 9054 9053
f 9052 9051 9050
f 9050 9049 9048
f 9048 9047 9046
f 9046 9045 9044
f 9044 9060 9058
f 9058 9056 9055
f 9055 9053 9052
f 9050 9048 9046
f 9046 9044 9058
f 9058 9055 9052
f 9052 9050 9046
f 9046 9058 9052
f 9100 9099 9098
f 9098 9097 9096
f 9096 9095 9094
f 9093 9092 9091
f 9091 9090 9089
f 9088 9087 9086
f 9085 9084 9083
f 9083 9082 9081
f 9080 9079 9078
f 9078 9077 9076
f 9076 9075 9074
f 9073 9072 9071
f 9070 9069 9068
f 9065 9064 9063
f 9100 9098 9096
f 9096 9094 9093
f 9093 9091 9089
f 9089 9088 9086
f 9085 9083 9081
f 9080 9078 9076
f 9076 9074 9073
f 9073 9071 9070
f 9070 9068 9067
f 9065 9063 9062
f 9062 9100 9096
f 9096 9093 9089
f 9086 9085 9081
f 9081 9080 9076
f 9076 9073 9070
f 9070 9067 9066
f 9065 9062 9096
f 9096 9089 9086
f 9086 9081 9076
f 9076 9070 9066
f 9065 9096 9086
f 9086 9076 9066
f 9066 9065 9086
f 9111 9110 9109
f 9109 9108 9107
f 9106 9105 9104
f 9104 9103 9102
f 9102 9111 9109
f 9109 9107 9106
f 9106 9104 9102
f 9102 9109 9106
f 9138 9137 9136
f 9135 9134 9133
f 9132 9131 9130
f 9129 9128 9127
f 9127 9126 9125
f 9125 9124 9123
f 9123 9122 9121
f 9119 9118 9117
f 9116 9115 9114
f 9114 9113 9138
f 9138 9136 9135
f 9135 9133 9132
f 9130 9129 9127
f 9125 9123 9121
f 9119 9117 9116
f 9116 9114 9138
f 9138 9135 9132
f 9130 9127 9125
f 9125 9121 9120
f 9119 9116 9138
f 9138 9132 9130
f 9130 9125 9120
f 9120 9119 9138
f 9138 9130 9120
f 9194 9193 9192
f 9192 9191 9190
f 9190 9189 9188
f 9188 9187 9186
f 9186 9185 9184
f 9184 9183 9182
f 9180 9179 9178
f 9177 9176 9175
f 9174 9173 9172
f 9170 9169 9168
f 9167 9166 9165
f 9163 9162 9161
f 9161 9160 9159
f 9157 9156 9155
f 9154 9153 9152
f 9152 9151 9150
f 9150 9149 9148
f 9148 9147 9146
f 9145 9144 9143
f 9142 9141 9140
f 9140 9196 9195
f 9195 9194 9192
f 9192 9190 9188
f 9186 9184 9182
f 9181 9180 9178
f 9178 9177 9175
f 9174 9172 9171
f 9170 9168 9167
f 9167 9165 9164
f 9164 9163 9161
f 9158 9157 9155
f 9155 9154 9152
f 9152 9150 9148
f 9148 9146 9145
f 9145 9143 9142
f 9192 9188 9186
f 9186 9182 9181
f 9181 9178 9175
f 9175 9174 9171
f 9171 9170 9167
f 9159 9158 9155
f 9155 9152 9148
f 9145 9142 9140
f 9192 9186 9181
f 9181 9175 9171
f 9171 9167 9164
f 9159 9155 9148
f 9145 9140 9195
f 9195 9192 9181
f 9181 9171 9164
f 9161 9159 9148
f 9148 9145 9195
f 9195 9181 9164
f 9164 9161 9148
f 9148 9195 9164
f 9214 9213 9212
f 9212 9211 9210
f 9209 9208 9207
f 9207 9206 9205
f 9205 9204 9203
f 9202 9201 9200
f 9200 9199 9198
f 9198 9215 9214
f 9214 9212 9210
f 9210 9209 9207
f 9205 9203 9202
f 9202 9200 9198
f 9198 9214 9210
f 9210 9207 9205
f 9202 9198 9210
f 9210 9205 9202
f 9276 9275 9274
f 9274 9273 9272
f 9272 9271 9270
f 9270 9269 9268
f 9267 9266 9265
f 9264 9263 9262
f 9262 9261 9260
f 9260 9259 9258
f 9258 9257 9256
f 9256 9255 9254
f 9251 9250 9249
f 9247 9246 9245
f 9245 9244 9243
f 9243 9242 9241
f 9241 9240 9239
f 9237 9236 9235
f 9233 9232 9231
f 9231 9230 9229
f 9227 9226 9225
f 9222 9221 9220
f 9219 9218 9217
f 9217 9279 9278
f 9277 9276 9274
f 9274 9272 9270
f 9268 9267 9265
f 9265 9264 9262
f 9262 9260 9258
f 9258 9256 9254
f 9252 9251 9249
f 9248 9247 9245
f 9245 9243 9241
f 9237 9235 9234
f 9234 9233 9231
f 9231 9229 9228
f 9227 9225 9224
f 9223 9222 9220
f 9219 9217 9278
f 9277 9274 9270
f 9265 9262 9258
f 9258 9254 9253
f 9252 9249 9248
f 9245 9241 9239
f 9238 9237 9234
f 9234 9231 9228
f 9219 9278 9277
f 9277 9270 9268
f 9265 9258 9253
f 9252 9248 9245
f 9238 9234 9228
f 9220 9219 9277
f 9277 9268 9265
f 9265 9253 9252
f 9239 9238 9228
f 9220 9277 9265
f 9265 9252 9245
f 9239 9228 9227
f 9223 9220 9265
f 9239 9227 9224
f 9223 9265 9245
f 9239 9224 9223
f 9223 9245 9239
f 9318 9317 9316
f 9314 9313 9312
f 9310 9309 9308
f 9307 9306 9305
f 9305 9304 9303
f 9300 9299 9298
f 9298 9297 9296
f 9295 9294 9293
f 9293 9292 9291
f 9290 9289 9288
f 9287 9286 9285
f 9285 9284 9283
f 9282 9281 9320
f 9319 9318 9316
f 9314 9312 9311
f 9310 9308 9307
f 9305 9303 9302
f 9298 9296 9295
f 9293 9291 9290
f 9290 9288 9287
f 9287 9285 9283
f 9282 9320 9319
f 9319 9316 9315
f 9315 9314 9311
f 9311 9310 9307
f 9307 9305 9302
f 9300 9298 9295
f 9293 9290 9287
f 9282 9319 9315
f 9315 9311 9307
f 9307 9302 9301
f 9300 9295 9293
f 9293 9287 9283
f 9283 9282 9315
f 9301 9300 9293
f 9283 9315 9307
f 9301 9293 9283
f 9283 9307 9301
f 9374 9373 9372
f 9371 9370 9369
f 9368 9367 9366
f 9366 9365 9364
f 9364 9363 9362
f 9361 9360 9359
f 9359 9358 9357
f 9355 9354 9353
f 9352 9351 9350
f 9350 9349 9348
f 9348 9347 9346
f 9346 9345 9344
f 9344 9343 9342
f 9341 9340 9339
f 9338 9337 9336
f 9335 9334 9333
f 9333 9332 9331
f 9331 9330 9329
f 9329 9328 9327
f 9326 9325 9324
f 9324 9323 9322
f 9322 9374 9372
f 9371 9369 9368
f 9366 9364 9362
f 9359 9357 9356
f 9355 9353 9352
f 9346 9344 9342
f 9339 9338 9336
f 9333 9331 9329
f 9322 9372 9371
f 9368 9366 9362
f 9361 9359 9356
f 9356 9355 9352
f 9346 9342 9341
f 9339 9336 9335
f 9335 9333 9329
f 9324 9322 9371
f 9371 9368 9362
f 9361 9356 9352
f 9348 9346 9341
f 9339 9335 9329
f 9324 9371 9362
f 9361 9352 9350
f 9348 9341 9339
f 9339 9329 9327
f 9326 9324 9362
f 9362 9361 9350
f 9350 9348 9339
f 9339 9327 9326
f 9326 9362 9350
f 9350 9339 9326
f 9384 9383 9382
f 9382 9381 9380
f 9380 9379 9378
f 9378 9377 9376
f 9376 9385 9384
f 9384 9382 9380
f 9380 9378 9376
f 9376 9384 9380
f 9392 9391 9390
f 9390 9389 9388
f 9388 9387 9393
f 9392 9390 9388
f 9388 9393 9392
f 9424 9423 9422
f 9421 9420 9419
f 9419 9418 9417
f 9416 9415 9414
f 9413 9412 9411
f 9409 9408 9407
f 9406 9405 9404
f 9404 9403 9402
f 9400 9399 9398
f 9397 9396 9395
f 9395 9424 9422
f 9421 9419 9417
f 9413 9411 9410
f 9409 9407 9406
f 9406 9404 9402
f 9400 9398 9397
f 9395 9422 9421
f 9421 9417 9416
f 9413 9410 9409
f 9409 9406 9402
f 9401 9400 9397
f 9397 9395 9421
f 9421 9416 9414
f 9413 9409 9402
f 9401 9397 9421
f 9421 9414 9413
f 9413 9402 9401
f 9401 9421 9413
f 9477 9476 9475
f 9475 9474 9473
f 9473 9472 9471
f 9471 9470 9469
f 9468 9467 9466
f 9466 9465 9464
f 9464 9463 9462
f 9460 9459 9458
f 9457 9456 9455
f 9455 9454 9453
f 9452 9451 9450
f 9450 9449 9448
f 9448 9447 9446
f 9445 9444 9443
f 9441 9440 9439
f 9438 9437 9436
f 9436 9435 9434
f 9433 9432 9431
f 9431 9430 9429
f 9428 9427 9426
f 9426 9477 9475
f 9473 9471 9469
f 9468 9466 9464
f 9464 9462 9461
f 9460 9458 9457
f 9455 9453 9452
f 9448 9446 9445
f 9445 9443 9442
f 9442 9441 9439
f 9436 9434 9433
f 9433 9431 9429
f 9426 9475 9473
f 9473 9469 9468
f 9468 9464 9461
f 9461 9460 9457
f 9455 9452 9450
f 9450 9448 9445
f 9442 9439 9438
f 9438 9436 9433
f 9433 9429 9428
f 9426 9473 9468
f 9468 9461 9457
f 9457 9455 9450
f 9450 9445 9442
f 9442 9438 9433
f 9433 9428 9426
f 9426 9468 9457
f 9457 9450 9442
f 9442 9433 9426
f 9426 9457 9442
f 9490 9489 9488
f 9487 9486 9485
f 9485 9484 9483
f 9482 9481 9480
f 9480 9479 9491
f 9490 9488 9487
f 9487 9485 9483
f 9482 9480 9491
f 9491 9490 9487
f 9487 9483 9482
f 9482 9491 9487
f 9500 9499 9498
f 9498 9497 9496
f 9496 9495 9494
f 9494 9493 9500
f 9500 9498 9496
f 9496 9494 9500
f 9548 9547 9546
f 9544 9543 9542
f 9540 9539 9538
f 9537 9536 9535
f 9535 9534 9533
f 9532 9531 9530
f 9530 9529 9528
f 9528 9527 9526
f 9524 9523 9522
f 9522 9521 9520
f 9520 9519 9518
f 9518 9517 9516
f 9516 9515 9514
f 9514 9513 9512
f 9512 9511 9510
f 9510 9509 9508
f 9506 9505 9504
f 9504 9503 9502
f 9502 9549 9548
f 9548 9546 9545
f 9544 9542 9541
f 9538 9537 9535
f 9535 9533 9532
f 9532 9530 9528
f 9525 9524 9522
f 9522 9520 9518
f 9518 9516 9514
f 9510 9508 9507
f 9507 9506 9504
f 9504 9502 9548
f 9548 9545 9544
f 9544 9541 9540
f 9540 9538 9535
f 9535 9532 9528
f 9526 9525 9522
f 9522 9518 9514
f 9512 9510 9507
f 9507 9504 9548
f 9548 9544 9540
f 9540 9535 9528
f 9526 9522 9514
f 9512 9507 9548
f 9548 9540 9528
f 9528 9526 9514
f 9514 9512 9548
f 9548 9528 9514
f 9576 9575 9574
f 9573 9572 9571
f 9570 9569 9568
f 9567 9566 9565
f 9565 9564 9563
f 9563 9562 9561
f 9560 9559 9558
f 9558 9557 9556
f 9556 9555 9554
f 9554 9553 9552
f 9551 9576 9574
f 9574 9573 9571
f 9571 9570 9568
f 9565 9563 9561
f 9560 9558 9556
f 9556 9554 9552
f 9552 9551 9574
f 9574 9571 9568
f 9567 9565 9561
f 9561 9560 9556
f 9556 9552 9574
f 9574 9568 9567
f 9567 9561 9556
f 9556 9574 9567
f 9674 9673 9672
f 9671 9670 9669
f 9669 9668 9667
f 9667 9666 9665
f 9665 9664 9663
f 9663 9662 9661
f 9661 9660 9659
f 9658 9657 9656
f 9655 9654 9653
f 9653 9652 9651
f 9651 9650 9649
f 9649 9648 9647
f 9647 9646 9645
f 9645 9644 9643
f 9643 9642 9641
f 9640 9639 9638
f 9637 9636 9635
f 9635 9634 9633
f 9633 9632 9631
f 9629 9628 9627
f 9626 9625 9624
f 9624 9623 9622
f 9621 9620 9619
f 9617 9616 9615
f 9614 9613 9612
f 9611 9610 9609
f 9608 9607 9606
f 9602 9601 9600
f 9600 9599 9598
f 9597 9596 9595
f 9594 9593 9592
f 9592 9591 9590
f 9590 9589 9588
f 9587 9586 9585
f 9583 9582 9581
f 9580 9579 9578
f 9578 9674 9672
f 9665 9663 9661
f 9658 9656 9655
f 9655 9653 9651
f 9651 9649 9647
f 9647 9645 9643
f 9637 9635 9633
f 9629 9627 9626
f 9626 9624 9622
f 9622 9621 9619
f 9614 9612 9611
f 9611 9609 9608
f 9608 9606 9605
f 9602 9600 9598
f 9597 9595 9594
f 9594 9592 9590
f 9587 9585 9584
f 9584 9583 9581
f 9581 9580 9578
f 9578 9672 9671
f 9667 9665 9661
f 9658 9655 9651
f 9651 9647 9643
f 9630 9629 9626
f 9626 9622 9619
f 9614 9611 9608
f 9608 9605 9604
f 9602 9598 9597
f 9597 9594 9590
f 9584 9581 9578
f 9669 9667 9661
f 9658 9651 9643
f 9630 9626 9619
f 9615 9614 9608
f 9602 9597 9590
f 9587 9584 9578
f 9669 9661 9659
f 9659 9658 9643
f 9631 9630 9619
f 9615 9608 9604
f 9603 9602 9590
f 9587 9578 9671
f 9671 9669 9659
f 9659 9643 9641
f 9633 9631 9619
f 9617 9615 9604
f 9603 9590 9588
f 9588 9587 9671
f 9671 9659 9641
f 9637 9633 9619
f 9617 9604 9603
f 9603 9588 9671
f 9671 9641 9640
f 9637 9619 9618
f 9617 9603 9671
f 9671 9640 9638
f 9637 9618 9617
f 9617 9671 9638
f 9638 9637 9617
f 9695 9694 9693
f 9692 9691 9690
f 9690 9689 9688
f 9688 9687 9686
f 9686 9685 9684
f 9684 9683 9682
f 9682 9681 9680
f 9680 9679 9678
f 9677 9676 9695
f 9695 9693 9692
f 9692 9690 9688
f 9688 9686 9684
f 9684 9682 9680
f 9680 9678 9677
f 9677 9695 9692
f 9692 9688 9684
f 9684 9680 9677
f 9677 9692 9684
f 9712 9711 9710
f 9710 9709 9708
f 9708 9707 9706
f 9706 9705 9704
f 9704 9703 9702
f 9702 9701 9700
f 9699 9698 9697
f 9712 9710 9708
f 9708 9706 9704
f 9702 9700 9699
f 9699 9697 9712
f 9712 9708 9704
f 9702 9699 9712
f 9712 9704 9702
f 9721 9720 9719
f 9719 9718 9717
f 9717 9716 9715
f 9715 9714 9721
f 9721 9719 9717
f 9717 9715 9721
f 9726 9725 9724
f 9724 9723 9726
f 9735 9734 9733
f 9733 9732 9731
f 9731 9730 9729
f 9729 9728 9735
f 9735 9733 9731
f 9731 9729 9735
f 9742 9741 9740
f 9740 9739 9738
f 9738 9737 9742
f 9742 9740 9738
f 9975 9974 9973
f 9973 9972 9971
f 9970 9969 9968
f 9964 9963 9962
f 9960 9959 9958
f 9958 9957 9956
f 9954 9953 9952
f 9952 9951 9950
f 9949 9948 9947
f 9947 9946 9945
f 9944 9943 9942
f 9941 9940 9939
f 9938 9937 9936
f 9936 9935 9934
f 9933 9932 9931
f 9930 9929 9928
f 9928 9927 9926
f 9926 9925 9924
f 9923 9922 9921
f 9919 9918 9917
f 9917 9916 9915
f 9912 9911 9910
f 9910 9909 9908
f 9908 9907 9906
f 9906 9905 9904
f 9900 9899 9898
f 9896 9895 9894
f 9894 9893 9892
f 9891 9890 9889
f 9888 9887 9886
f 9884 9883 9882
f 9881 9880 9879
f 9875 9874 9873
f 9873 9872 9871
f 9870 9869 9868
f 9868 9867 9866
f 9866 9865 9864
f 9863 9862 9861
f 9856 9855 9854
f 9853 9852 9851
f 9851 9850 9849
f 9849 9848 9847
f 9846 9845 9844
f 9844 9843 9842
f 9841 9840 9839
f 9839 9838 9837
f 9836 9835 9834
f 9832 9831 9830
f 9830 9829 9828
f 9828 9827 9826
f 9825 9824 9823
f 9823 9822 9821
f 9819 9818 9817
f 9816 9815 9814
f 9814 9813 9812
f 9806 9805 9804
f 9804 9803 9802
f 9801 9800 9799
f 9798 9797 9796
f 9793 9792 9791
f 9791 9790 9789
f 9789 9788 9787
f 9787 9786 9785
f 9785 9784 9783
f 9783 9782 9781
f 9778 9777 9776
f 9771 9770 9769
f 9769 9768 9767
f 9766 9765 9764
f 9762 9761 9760
f 9759 9758 9757
f 9757 9756 9755
f 9755 9754 9753
f 9753 9752 9751
f 9750 9749 9748
f 9748 9747 9746
f 9744 9975 9973
f 9973 9971 9970
f 9970 9968 9967
f 9965 9964 9962
f 9960 9958 9956
f 9954 9952 9950
f 9950 9949 9947
f 9947 9945 9944
f 9944 9942 9941
f 9941 9939 9938
f 9934 9933 9931
f 9930 9928 9926
f 9923 9921 9920
f 9920 9919 9917
f 9913 9912 9910
f 9910 9908 9906
f 9906 9904 9903
f 9894 9892 9891
f 9891 9889 9888
f 9881 9879 9878
f 9875 9873 9871
f 9870 9868 9866
f 9866 9864 9863
f 9853 9851 9849
f 9849 9847 9846
f 9844 9842 9841
f 9839 9837 9836
f 9836 9834 9833
f 9832 9830 9828
f 9825 9823 9821
f 9819 9817 9816
f 9814 9812 9811
f 9806 9804 9802
f 9801 9799 9798
f 9798 9796 9795
f 9794 9793 9791
f 9791 9789 9787
f 9785 9783 9781
f 9771 9769 9767
f 9766 9764 9763
f 9763 9762 9760
f 9759 9757 9755
f 9755 9753 9751
f 9748 9746 9745
f 9745 9744 9973
f 9970 9967 9966
f 9966 9965 9962
f 9960 9956 9955
f 9954 9950 9947
f 9944 9941 9938
f 9936 9934 9931
f 9930 9926 9924
f 9920 9917 9915
f 9913 9910 9906
f 9906 9903 9902
f 9894 9891 9888
f 9882 9881 9878
f 9875 9871 9870
f 9870 9866 9863
f 9853 9849 9846
f 9841 9839 9836
f 9836 9833 9832
f 9832 9828 9826
f 9825 9821 9820
f 9816 9814 9811
f 9806 9802 9801
f 9801 9798 9795
f 9791 9787 9785
f 9785 9781 9780
f 9772 9771 9767
f 9766 9763 9760
f 9759 9755 9751
f 9745 9973 9970
f 9970 9966 9962
f 9960 9955 9954
f 9954 9947 9944
f 9944 9938 9936
f 9936 9931 9930
f 9930 9924 9923
f 9923 9920 9915
f 9913 9906 9902
f 9894 9888 9886
f 9875 9870 9863
f 9854 9853 9846
f 9841 9836 9832
f 9832 9826 9825
f 9819 9816 9811
f 9806 9801 9795
f 9791 9785 9780
f 9773 9772 9767
f 9766 9760 9759
f 9759 9751 9750
f 9748 9745 9970
f 9970 9962 9961
f 9961 9960 9954
f 9954 9944 9936
f 9936 9930 9923
f 9923 9915 9914
f 9914 9913 9902
f 9896 9894 9886
f 9876 9875 9863
f 9856 9854 9846
f 9841 9832 9825
f 9819 9811 9810
f 9807 9806 9795
f 9791 9780 9779
f 9773 9767 9766
f 9766 9759 9750
f 9748 9970 9961
f 9961 9954 9936
f 9914 9902 9901
f 9896 9886 9885
f 9877 9876 9863
f 9857 9856 9846
f 9841 9825 9820
f 9819 9810 9809
f 9808 9807 9795
f 9791 9779 9778
f 9773 9766 9750
f 9750 9748 9961
f 9961 9936 9923
f 9914 9901 9900
f 9897 9896 9885
f 9877 9863 9861
f 9857 9846 9844
f 9820 9819 9809
f 9808 9795 9794
f 9791 9778 9776
f 9774 9773 9750
f 9750 9961 9923
f 9923 9914 9900
f 9878 9877 9861
f 9858 9857 9844
f 9820 9809 9808
f 9808 9794 9791
f 9774 9750 9923
f 9923 9900 9898
f 9878 9861 9860
f 9820 9808 9791
f 9775 9774 9923
f 9923 9898 9897
f 9882 9878 9860
f 9841 9820 9791
f 9776 9775 9923
f 9923 9897 9885
f 9882 9860 9859
f 9841 9791 9776
f 9776 9923 9885
f 9884 9882 9859
f 9844 9841 9776
f 9776 9885 9884
f 9884 9859 9858
f 9858 9844 9776
f 9776 9884 9858
f 9984 9983 9982
f 9982 9981 9980
f 9980 9979 9978
f 9978 9977 9984
f 9984 9982 9980
f 9980 9978 9984
f 9991 9990 9989
f 9989 9988 9987
f 9987 9986 9991
f 9991 9989 9987
f 10003 10002 10001
f 10000 9999 9998
f 9998 9997 9996
f 9995 9994 9993
f 9993 10003 10001
f 10000 9998 9996
f 9996 9995 9993
f 9993 10001 10000
f 10000 9996 9993
f 10139 10138 10137
f 10137 10136 10135
f 10135 10134 10133
f 10131 10130 10129
f 10127 10126 10125
f 10123 10122 10121
f 10121 10120 10119
f 10118 10117 10116
f 10115 10114 10113
f 10111 10110 10109
f 10107 10106 10105
f 10105 10104 10103
f 10102 10101 10100
f 10099 10098 10097
f 10097 10096 10095
f 10094 10093 10092
f 10092 10091 10090
f 10090 10089 10088
f 10088 10087 10086
f 10086 10085 10084
f 10084 10083 10082
f 10082 10081 10080
f 10080 10079 10078
f 10078 10077 10076
f 10076 10075 10074
f 10074 10073 10072
f 10069 10068 10067
f 10066 10065 10064
f 10064 10063 10062
f 10062 10061 10060
f 10060 10059 10058
f 10056 10055 10054
f 10054 10053 10052
f 10050 10049 10048
f 10047 10046 10045
f 10044 10043 10042
f 10042 10041 10040
f 10038 10037 10036
f 10036 10035 10034
f 10034 10033 10032
f 10032 10031 10030
f 10029 10028 10027
f 10026 10025 10024
f 10023 10022 10021
f 10021 10020 10019
f 10015 10014 10013
f 10013 10012 10011
f 10011 10010 10009
f 10008 10007 10006
f 10005 10139 10137
f 10137 10135 10133
f 10131 10129 10128
f 10123 10121 10119
f 10119 10118 10116
f 10115 10113 10112
f 10111 10109 10108
f 10105 10103 10102
f 10102 10100 10099
f 10099 10097 10095
f 10094 10092 10090
f 10090 10088 10086
f 10078 10076 10074
f 10074 10072 10071
f 10069 10067 10066
f 10064 10062 10060
f 10056 10054 10052
f 10051 10050 10048
f 10047 10045 10044
f 10042 10040 10039
f 10036 10034 10032
f 10030 10029 10027
f 10027 10026 10024
f 10023 10021 10019
f 10013 10011 10009
f 10008 10006 10005
f 10005 10137 10133
f 10132 10131 10128
f 10124 10123 10119
f 10119 10116 10115
f 10105 10102 10099
f 10095 10094 10090
f 10090 10086 10084
f 10078 10074 10071
f 10070 10069 10066
f 10066 10064 10060
f 10056 10052 10051
f 10038 10036 10032
f 10027 10024 10023
f 10009 10008 10005
f 10005 10133 10132
f 10132 10128 10127
f 10124 10119 10115
f 10107 10105 10099
f 10095 10090 10084
f 10080 10078 10071
f 10071 10070 10066
f 10056 10051 10048
f 10038 10032 10030
f 10013 10009 10005
f 10005 10132 10127
f 10124 10115 10112
f 10108 10107 10099
f 10099 10095 10084
f 10080 10071 10066
f 10057 10056 10048
f 10038 10030 10027
f 10013 10005 10127
f 10124 10112 10111
f 10108 10099 10084
f 10082 10080 10066
f 10057 10048 10047
f 10039 10038 10027
f 10015 10013 10127
f 10111 10108 10084
f 10084 10082 10066
f 10039 10027 10023
f 10015 10127 10125
f 10084 10066 10060
f 10042 10039 10023
f 10015 10125 10124
f 10111 10084 10060
f 10042 10023 10019
f 10015 10124 10111
f 10111 10060 10058
f 10044 10042 10019
f 10015 10111 10058
f 10047 10044 10019
f 10015 10058 10057
f 10057 10047 10019
f 10015 10057 10019
f 10015 10019 10018
f 10015 10018 10016
f 10192 10191 10190
f 10190 10189 10188
f 10187 10186 10185
f 10183 10182 10181
f 10180 10179 10178
f 10178 10177 10176
f 10175 10174 10173
f 10173 10172 10171
f 10169 10168 10167
f 10167 10166 10165
f 10165 10164 10163
f 10163 10162 10161
f 10161 10160 10159
f 10158 10157 10156
f 10155 10154 10153
f 10153 10152 10151
f 10150 10149 10148
f 10146 10145 10144
f 10144 10143 10142
f 10141 10193 10192
f 10192 10190 10188
f 10187 10185 10184
f 10183 10181 10180
f 10180 10178 10176
f 10175 10173 10171
f 10165 10163 10161
f 10161 10159 10158
f 10158 10156 10155
f 10155 10153 10151
f 10150 10148 10147
f 10146 10144 10142
f 10141 10192 10188
f 10183 10180 10176
f 10176 10175 10171
f 10167 10165 10161
f 10158 10155 10151
f 10150 10147 10146
f 10146 10142 10141
f 10141 10188 10187
f 10184 10183 10176
f 10176 10171 10170
f 10161 10158 10151
f 10146 10141 10187
f 10184 10176 10170
f 10167 10161 10151
f 10150 10146 10187
f 10187 10184 10170
f 10169 10167 10151
f 10151 10150 10187
f 10187 10170 10169
f 10169 10151 10187
f 10283 10282 10281
f 10280 10279 10278
f 10278 10277 10276
f 10275 10274 10273
f 10272 10271 10270
f 10269 10268 10267
f 10267 10266 10265
f 10263 10262 10261
f 10261 10260 10259
f 10258 10257 10256
f 10255 10254 10253
f 10253 10252 10251
f 10251 10250 10249
f 10248 10247 10246
f 10244 10243 10242
f 10240 10239 10238
f 10238 10237 10236
f 10236 10235 10234
f 10233 10232 10231
f 10231 10230 10229
f 10227 10226 10225
f 10224 10223 10222
f 10220 10219 10218
f 10218 10217 10216
f 10214 10213 10212
f 10211 10210 10209
f 10208 10207 10206
f 10205 10204 10203
f 10199 10198 10197
f 10196 10195 10285
f 10283 10281 10280
f 10280 10278 10276
f 10275 10273 10272
f 10269 10267 10265
f 10264 10263 10261
f 10258 10256 10255
f 10255 10253 10251
f 10251 10249 10248
f 10248 10246 10245
f 10245 10244 10242
f 10241 10240 10238
f 10238 10236 10234
f 10231 10229 10228
f 10227 10225 10224
f 10224 10222 10221
f 10221 10220 10218
f 10218 10216 10215
f 10214 10212 10211
f 10211 10209 10208
f 10208 10206 10205
f 10205 10203 10202
f 10199 10197 10196
f 10196 10285 10284
f 10283 10280 10276
f 10276 10275 10272
f 10264 10261 10259
f 10258 10255 10251
f 10251 10248 10245
f 10241 10238 10234
f 10231 10228 10227
f 10227 10224 10221
f 10221 10218 10215
f 10215 10214 10211
f 10211 10208 10205
f 10205 10202 10201
f 10199 10196 10284
f 10284 10283 10276
f 10276 10272 10270
f 10264 10259 10258
f 10258 10251 10245
f 10241 10234 10233
f 10231 10227 10221
f 10211 10205 10201
f 10199 10284 10276
f 10276 10270 10269
f 10264 10258 10245
f 10242 10241 10233
f 10233 10231 10221
f 10215 10211 10201
f 10200 10199 10276
f 10276 10269 10265
f 10264 10245 10242
f 10242 10233 10221
f 10221 10215 10201
f 10201 10200 10276
f 10264 10242 10221
f 10221 10201 10276
f 10265 10264 10221
f 10221 10276 10265
f 10327 10326 10325
f 10325 10324 10323
f 10322 10321 10320
f 10319 10318 10317
f 10316 10315 10314
f 10313 10312 10311
f 10309 10308 10307
f 10306 10305 10304
f 10304 10303 10302
f 10301 10300 10299
f 10299 10298 10297
f 10297 10296 10295
f 10295 10294 10293
f 10293 10292 10291
f 10291 10290 10289
f 10287 10329 10328
f 10327 10325 10323
f 10323 10322 10320
f 10320 10319 10317
f 10316 10314 10313
f 10313 10311 10310
f 10304 10302 10301
f 10301 10299 10297
f 10297 10295 10293
f 10288 10287 10328
f 10328 10327 10323
f 10323 10320 10317
f 10316 10313 10310
f 10304 10301 10297
f 10288 10328 10323
f 10323 10317 10316
f 10306 10304 10297
f 10289 10288 10323
f 10306 10297 10293
f 10289 10323 10316
f 10307 10306 10293
f 10291 10289 10316
f 10309 10307 10293
f 10291 10316 10310
f 10310 10309 10293
f 10293 10291 10310
f 10334 10333 10332
f 10332 10331 10334
f 10341 10340 10339
f 10339 10338 10337
f 10337 10336 10341
f 10341 10339 10337
f 10350 10349 10348
f 10347 10346 10345
f 10345 10344 10343
f 10343 10350 10348
f 10347 10345 10343
f 10343 10348 10347
f 10394 10393 10392
f 10392 10391 10390
f 10388 10387 10386
f 10385 10384 10383
f 10382 10381 10380
f 10379 10378 10377
f 10377 10376 10375
f 10375 10374 10373
f 10373 10372 10371
f 10371 10370 10369
f 10369 10368 10367
f 10367 10366 10365
f 10365 10364 10363
f 10362 10361 10360
f 10359 10358 10357
f 10356 10355 10354
f 10352 10394 10392
f 10392 10390 10389
f 10388 10386 10385
f 10385 10383 10382
f 10382 10380 10379
f 10379 10377 10375
f 10375 10373 10371
f 10371 10369 10367
f 10367 10365 10363
f 10362 10360 10359
f 10359 10357 10356
f 10356 10354 10353
f 10353 10352 10392
f 10388 10385 10382
f 10382 10379 10375
f 10375 10371 10367
f 10363 10362 10359
f 10359 10356 10353
f 10353 10392 10389
f 10388 10382 10375
f 10375 10367 10363
f 10363 10359 10353
f 10353 10389 10388
f 10388 10375 10363
f 10363 10353 10388
f 10426 10481 10480
f 10487 10486 10485
f 10485 10484 10483
f 10482 10481 10426
f 10426 10425 10424
f 10422 10421 10420
f 10420 10419 10418
f 10417 10416 10415
f 10415 10414 10413
f 10412 10411 10410
f 10410 10409 10408
f 10408 10407 10406
f 10406 10405 10404
f 10404 10403 10402
f 10402 10401 10400
f 10400 10399 10398
f 10396 10476 10475
f 10475 10474 10473
f 10473 10472 10471
f 10467 10466 10465
f 10464 10463 10462
f 10462 10461 10460
f 10460 10459 10458
f 10457 10456 10455
f 10455 10454 10453
f 10451 10450 10449
f 10446 10445 10444
f 10444 10443 10442
f 10442 10441 10440
f 10438 10437 10436
f 10436 10435 10434
f 10432 10431 10430
f 10430 10429 10428
f 10428 10427 10426
f 10426 10480 10479
f 10482 10426 10424
f 10422 10420 10418
f 10417 10415 10413
f 10408 10406 10404
f 10404 10402 10400
f 10400 10398 10397
f 10396 10475 10473
f 10473 10471 10470
f 10465 10464 10462
f 10462 10460 10458
f 10457 10455 10453
f 10451 10449 10448
f 10446 10444 10442
f 10438 10436 10434
f 10430 10428 10426
f 10426 10479 10478
f 10482 10424 10423
f 10423 10422 10418
f 10417 10413 10412
f 10408 10404 10400
f 10400 10397 10396
f 10396 10473 10470
f 10465 10462 10458
f 10458 10457 10453
f 10447 10446 10442
f 10439 10438 10434
f 10432 10430 10426
f 10423 10418 10417
f 10417 10412 10410
f 10410 10408 10400
f 10400 10396 10470
f 10467 10465 10458
f 10458 10453 10452
f 10447 10442 10440
f 10440 10439 10434
f 10433 10432 10426
f 10482 10423 10417
f 10417 10410 10400
f 10400 10470 10469
f 10467 10458 10452
f 10447 10440 10434
f 10433 10426 10478
f 10483 10482 10417
f 10400 10469 10468
f 10468 10467 10452
f 10448 10447 10434
f 10434 10433 10478
f 10483 10417 10400
f 10468 10452 10451
f 10448 10434 10478
f 10485 10483 10400
f 10468 10451 10448
f 10448 10478 10488
f 10487 10485 10400
f 10468 10448 10488
f 10487 10400 10468
f 10468 10488 10487
f 10549 10548 10547
f 10546 10545 10544
f 10544 10543 10542
f 10542 10541 10540
f 10540 10539 10538
f 10538 10537 10536
f 10533 10532 10531
f 10530 10529 10528
f 10527 10526 10525
f 10524 10523 10522
f 10521 10520 10519
f 10519 10518 10517
f 10517 10516 10515
f 10515 10514 10513
f 10510 10509 10508
f 10507 10506 10505
f 10503 10502 10501
f 10500 10499 10498
f 10498 10497 10496
f 10495 10494 10493
f 10492 10491 10490
f 10490 10549 10547
f 10546 10544 10542
f 10540 10538 10536
f 10533 10531 10530
f 10530 10528 10527
f 10527 10525 10524
f 10524 10522 10521
f 10517 10515 10513
f 10510 10508 10507
f 10507 10505 10504
f 10501 10500 10498
f 10498 10496 10495
f 10493 10492 10490
f 10490 10547 10546
f 10546 10542 10540
f 10540 10536 10535
f 10533 10530 10527
f 10527 10524 10521
f 10517 10513 10512
f 10511 10510 10507
f 10507 10504 10503
f 10503 10501 10498
f 10498 10495 10493
f 10493 10490 10546
f 10546 10540 10535
f 10533 10527 10521
f 10519 10517 10512
f 10511 10507 10503
f 10503 10498 10493
f 10493 10546 10535
f 10533 10521 10519
f 10519 10512 10511
f 10511 10503 10493
f 10493 10535 10534
f 10533 10519 10511
f 10511 10493 10534
f 10534 10533 10511
f 10586 10585 10584
f 10584 10583 10582
f 10580 10579 10578
f 10578 10577 10576
f 10576 10575 10574
f 10573 10572 10571
f 10571 10570 10569
f 10569 10568 10567
f 10565 10564 10563
f 10563 10562 10561
f 10561 10560 10559
f 10558 10557 10556
f 10555 10554 10553
f 10553 10552 10551
f 10551 10586 10584
f 10584 10582 10581
f 10580 10578 10576
f 10576 10574 10573
f 10573 10571 10569
f 10569 10567 10566
f 10565 10563 10561
f 10561 10559 10558
f 10558 10556 10555
f 10555 10553 10551
f 10551 10584 10581
f 10581 10580 10576
f 10576 10573 10569
f 10566 10565 10561
f 10558 10555 10551
f 10551 10581 10576
f 10576 10569 10566
f 10566 10561 10558
f 10558 10551 10576
f 10576 10566 10558
